keyword,cluster,source_evidence,relative_priority,priority_score,intent,seed_hits,best_position,volume_if_real
water treatment columbus ohio,water-treatment-purification,Google autocomplete: surfaced by 8 seed queries (best position 1); e.g. 'water conditioning columbus',high,33.75,transactional-local,8,1,
cost to get water softener installation,water-softener-installation,Google autocomplete: surfaced by 15 seed queries (best position 2); e.g. 'water softener installation b',high,24.9,transactional-local,15,2,
water filtration columbus ohio,water-treatment-purification,Google autocomplete: surfaced by 6 seed queries (best position 1); e.g. 'water filtration columbus',high,24.75,transactional-local,6,1,
water softener columbus ohio,water-softener-installation,Google autocomplete: surfaced by 5 seed queries (best position 1); e.g. 'water conditioning columbus',high,22.05,transactional-local,5,1,
water softener installation cost,water-softener-installation,Google autocomplete: surfaced by 11 seed queries (best position 1); e.g. 'water conditioning installation',high,21.9,transactional-local,11,1,
water filtration system columbus ohio,water-treatment-purification,Google autocomplete: surfaced by 6 seed queries (best position 1); e.g. 'water filter installation columbus',high,20.7,transactional-local,6,1,
water softener installation near me,water-softener-installation,Google autocomplete: surfaced by 8 seed queries (best position 1); e.g. 'water conditioning installation',high,19.5,transactional-local,8,1,
water softener repair near me,water-softener-repair-service,Google autocomplete: surfaced by 7 seed queries (best position 1); e.g. 'water conditioning repair',high,15.9,transactional-local,7,1,
water treatment columbus,water-treatment-purification,Google autocomplete: surfaced by 4 seed queries (best position 2); e.g. 'water conditioning columbus',high,13.95,transactional-local,4,2,
well water testing columbus ohio,well-water-treatment,Google autocomplete: surfaced by 4 seed queries (best position 2); e.g. 'water testing columbus',high,13.5,transactional-local,4,2,
water filter installation near me,water-filter-installation,Google autocomplete: surfaced by 5 seed queries (best position 1); e.g. 'water filter installation',high,13.2,transactional-local,5,1,
water filter installation service near me,water-filter-installation,Google autocomplete: surfaced by 6 seed queries (best position 1); e.g. 'water filter installation',high,12.3,transactional-local,6,1,
water purifier installation near me,water-treatment-purification,Google autocomplete: surfaced by 5 seed queries (best position 2); e.g. 'water filter installation m',high,11.4,transactional-local,5,2,
water softener repair cost,water-softener-repair-service,Google autocomplete: surfaced by 7 seed queries (best position 1); e.g. 'best water softener repair',high,11.4,transactional-local,7,1,
water testing columbus ohio,water-testing,Google autocomplete: surfaced by 3 seed queries (best position 1); e.g. 'water testing c',high,10.8,transactional-local,3,1,
water softener near me,water-softener-installation,Google autocomplete: surfaced by 5 seed queries (best position 2); e.g. 'water conditioning near me',high,10.5,transactional-local,5,2,
water softener installation cost near me,water-softener-installation,Google autocomplete: surfaced by 6 seed queries (best position 2); e.g. 'water conditioning installation',high,10.5,transactional-local,6,2,
water treatment near me,water-treatment-purification,Google autocomplete: surfaced by 5 seed queries (best position 1); e.g. 'water conditioning near me',high,10.5,transactional-local,5,1,
water filtration near me,water-treatment-purification,Google autocomplete: surfaced by 5 seed queries (best position 1); e.g. 'water filtration',high,10.2,transactional-local,5,1,
water filter near me,water-treatment-purification,Google autocomplete: surfaced by 4 seed queries (best position 2); e.g. 'water filter near me',high,10.2,transactional-local,4,2,
reverse osmosis near me,reverse-osmosis,Google autocomplete: surfaced by 4 seed queries (best position 1); e.g. 'reverse osmosis columbus',high,10.2,transactional-local,4,1,
water filter installation cost,water-filter-installation,Google autocomplete: surfaced by 4 seed queries (best position 1); e.g. 'water filter installation',high,9.9,transactional-local,4,1,
water softener system columbus ohio,water-softener-installation,Google autocomplete: surfaced by 3 seed queries (best position 2); e.g. 'water conditioning columbus ohio',high,9.45,transactional-local,3,2,
water filter installation,water-filter-installation,Google autocomplete: surfaced by 4 seed queries (best position 1); e.g. 'water filter installation',high,9.0,transactional-local,4,1,
water softener installation service,water-softener-repair-service,Google autocomplete: surfaced by 3 seed queries (best position 1); e.g. 'water softener installation repair',high,9.0,transactional-local,3,1,
reverse osmosis columbus ohio,reverse-osmosis,Google autocomplete: surfaced by 2 seed queries (best position 1); e.g. 'reverse osmosis columbus',high,9.0,transactional-local,2,1,
hard water columbus ohio,hard-water-treatment,Google autocomplete: surfaced by 2 seed queries (best position 1); e.g. 'hard water columbus',high,9.0,transactional-local,2,1,
water softener repair,water-softener-repair-service,Google autocomplete: surfaced by 4 seed queries (best position 2); e.g. 'water conditioning repair',high,8.7,transactional-local,4,2,
water softener installation,water-softener-installation,Google autocomplete: surfaced by 3 seed queries (best position 1); e.g. 'water conditioning installation',high,8.1,transactional-local,3,1,
water testing near me,water-testing,Google autocomplete: surfaced by 3 seed queries (best position 2); e.g. 'water testing',high,8.1,transactional-local,3,2,
well water testing ohio,well-water-treatment,Google autocomplete: surfaced by 2 seed queries (best position 1); e.g. 'well water ohio',high,8.1,transactional-local,2,1,
iron filter installation near me,iron-sulfur-removal,Google autocomplete: surfaced by 3 seed queries (best position 1); e.g. 'iron filter i',high,7.8,transactional-local,3,1,
water purification near me,water-treatment-purification,Google autocomplete: surfaced by 3 seed queries (best position 1); e.g. 'water purification n',high,7.8,transactional-local,3,1,
water softener companies columbus ohio,water-softener-installation,Google autocomplete: surfaced by 3 seed queries (best position 3); e.g. 'water conditioning columbus ohio',high,7.65,transactional-local,3,3,
columbus ohio water quality,water-testing,Google autocomplete: surfaced by 3 seed queries (best position 2); e.g. 'columbus ohio water',high,7.65,transactional-local,3,2,
water filter near me shop,water-treatment-purification,Google autocomplete: surfaced by 4 seed queries (best position 3); e.g. 'water filter near me',high,7.5,transactional-local,4,3,
water filter installation service,water-filter-installation,Google autocomplete: surfaced by 4 seed queries (best position 2); e.g. 'water filter installation',high,7.5,transactional-local,4,2,
water softener installation service near me,water-softener-repair-service,Google autocomplete: surfaced by 3 seed queries (best position 2); e.g. 'water softener installation repair',high,7.2,transactional-local,3,2,
water filter near me for home,water-treatment-purification,Google autocomplete: surfaced by 4 seed queries (best position 3); e.g. 'water filter near me',high,6.9,transactional-local,4,3,
water filter repair near me,water-treatment-purification,Google autocomplete: surfaced by 3 seed queries (best position 3); e.g. 'water filtration repair',high,6.9,transactional-local,3,3,
reverse osmosis installation near me,reverse-osmosis,Google autocomplete: surfaced by 3 seed queries (best position 2); e.g. 'reverse osmosis i',high,6.6,transactional-local,3,2,
water filtration installation,water-treatment-purification,Google autocomplete: surfaced by 3 seed queries (best position 1); e.g. 'water filtration i',high,6.3,transactional-local,3,1,
water softener near me for home,water-softener-installation,Google autocomplete: surfaced by 3 seed queries (best position 3); e.g. 'water conditioning near me',high,6.3,transactional-local,3,3,
water softener cost to install,water-softener-installation,Google autocomplete: surfaced by 3 seed queries (best position 3); e.g. 'water conditioning cost',high,6.3,transactional-local,3,3,
water filter installation charges,water-filter-installation,Google autocomplete: surfaced by 5 seed queries (best position 2); e.g. 'water filter installation c',high,6.3,transactional-local,5,2,
whole house water filter installation near me,whole-house-water-filtration,Google autocomplete: surfaced by 3 seed queries (best position 4); e.g. 'whole house water filter i',high,6.0,transactional-local,3,4,
reverse osmosis installation,reverse-osmosis,Google autocomplete: surfaced by 2 seed queries (best position 1); e.g. 'reverse osmosis i',high,6.0,transactional-local,2,1,
well water filtration installation,well-water-treatment,Google autocomplete: surfaced by 2 seed queries (best position 1); e.g. 'well water filtration i',high,6.0,transactional-local,2,1,
well water filtration maintenance,well-water-treatment,Google autocomplete: surfaced by 2 seed queries (best position 1); e.g. 'well water filtration m',high,6.0,transactional-local,2,1,
water testing labs columbus ohio,water-testing,Google autocomplete: surfaced by 2 seed queries (best position 3); e.g. 'water testing columbus',high,5.85,transactional-local,2,3,
ro system installation near me,reverse-osmosis,Google autocomplete: surfaced by 2 seed queries (best position 1); e.g. 'ro system installation',high,5.7,transactional-local,2,1,
hard water near me,hard-water-treatment,Google autocomplete: surfaced by 2 seed queries (best position 1); e.g. 'hard water n',high,5.7,transactional-local,2,1,
iron filter near me,iron-sulfur-removal,Google autocomplete: surfaced by 2 seed queries (best position 1); e.g. 'iron filter n',high,5.7,transactional-local,2,1,
iron filter service near me,iron-sulfur-removal,Google autocomplete: surfaced by 3 seed queries (best position 4); e.g. 'iron filter near me',high,5.7,transactional-local,3,4,
water filtration installation cost,water-treatment-purification,Google autocomplete: surfaced by 3 seed queries (best position 3); e.g. 'water filter installation cost',high,5.4,transactional-local,3,3,
water filtration repair near me,water-treatment-purification,Google autocomplete: surfaced by 3 seed queries (best position 1); e.g. 'water filtration r',high,5.4,transactional-local,3,1,
water filter repair,water-treatment-purification,Google autocomplete: surfaced by 3 seed queries (best position 4); e.g. 'water filtration repair',high,5.4,transactional-local,3,4,
water softener columbus,water-softener-installation,Google autocomplete: surfaced by 2 seed queries (best position 4); e.g. 'water conditioning columbus',high,5.4,transactional-local,2,4,
water softener service near me,water-softener-repair-service,Google autocomplete: surfaced by 4 seed queries (best position 1); e.g. 'water softener near me',high,5.4,transactional-local,4,1,
ro system installation cost,reverse-osmosis,Google autocomplete: surfaced by 2 seed queries (best position 1); e.g. 'ro system installation',high,5.4,transactional-local,2,1,
iron filter installation,iron-sulfur-removal,Google autocomplete: surfaced by 2 seed queries (best position 2); e.g. 'iron filter i',high,5.4,transactional-local,2,2,
water filter installation under sink,under-sink-drinking-water-filters,Google autocomplete: surfaced by 3 seed queries (best position 1); e.g. 'water filter installation',high,5.4,transactional-local,3,1,
water treatment installation,water-treatment-purification,Google autocomplete: surfaced by 2 seed queries (best position 1); e.g. 'water treatment i',high,5.4,transactional-local,2,1,
columbus ohio water quality report,water-testing,Google autocomplete: surfaced by 2 seed queries (best position 3); e.g. 'columbus ohio water hardness',high,5.4,transactional-local,2,3,
water softener cost,water-softener-installation,Google autocomplete: surfaced by 3 seed queries (best position 1); e.g. 'water conditioning cost',high,5.2,commercial,3,1,
whole house water filter near me,whole-house-water-filtration,Google autocomplete: surfaced by 2 seed queries (best position 2); e.g. 'whole house water filter n',high,5.1,transactional-local,2,2,
whole house water filter installation cost,whole-house-water-filtration,Google autocomplete: surfaced by 2 seed queries (best position 2); e.g. 'whole house water filter i',high,5.1,transactional-local,2,2,
whole house water filter installation,whole-house-water-filtration,Google autocomplete: surfaced by 2 seed queries (best position 2); e.g. 'whole house water filter i',high,5.1,transactional-local,2,2,
water softener near me sale,water-softener-installation,Google autocomplete: surfaced by 3 seed queries (best position 4); e.g. 'water conditioning near me',high,5.1,transactional-local,3,4,
water softener repair service,water-softener-repair-service,Google autocomplete: surfaced by 2 seed queries (best position 2); e.g. 'water softener repair',high,5.1,transactional-local,2,2,
water softener repair service near me,water-softener-repair-service,Google autocomplete: surfaced by 2 seed queries (best position 1); e.g. 'water softener repair',high,5.1,transactional-local,2,1,
water softener installation near me prices,water-softener-installation,Google autocomplete: surfaced by 2 seed queries (best position 2); e.g. 'water softener installation n',high,5.1,transactional-local,2,2,
well water filter installation,well-water-treatment,Google autocomplete: surfaced by 2 seed queries (best position 2); e.g. 'well water filtration i',high,5.1,transactional-local,2,2,
iron filter maintenance,iron-sulfur-removal,Google autocomplete: surfaced by 2 seed queries (best position 2); e.g. 'iron filter m',high,5.1,transactional-local,2,2,
water conditioning near me,salt-free-water-conditioner,Google autocomplete: surfaced by 2 seed queries (best position 1); e.g. 'water conditioning',high,5.1,transactional-local,2,1,
under sink water filter installation cost,under-sink-drinking-water-filters,Google autocomplete: surfaced by 3 seed queries (best position 2); e.g. 'under sink water filter cost',high,5.1,transactional-local,3,2,
benchmark water testing columbus ohio,water-testing,Google autocomplete: surfaced by 2 seed queries (best position 4); e.g. 'water testing columbus',high,4.95,transactional-local,2,4,
water filter near me open now,water-treatment-purification,Google autocomplete: surfaced by 4 seed queries (best position 5); e.g. 'water filter near me',high,4.8,transactional-local,4,5,
whole house water filter cost,whole-house-water-filtration,Google autocomplete: surfaced by 3 seed queries (best position 1); e.g. 'whole house water filter',high,4.8,commercial,3,1,
water softener installation and repair,water-softener-repair-service,Google autocomplete: surfaced by 2 seed queries (best position 3); e.g. 'water softener installation repair',high,4.8,transactional-local,2,3,
best water softener installation near me,water-softener-installation,Google autocomplete: surfaced by 2 seed queries (best position 1); e.g. 'best water softener installation',high,4.8,transactional-local,2,1,
water softener maintenance near me,water-softener-repair-service,Google autocomplete: surfaced by 3 seed queries (best position 3); e.g. 'water softener m',high,4.8,transactional-local,3,3,
water testing labs near me,water-testing,Google autocomplete: surfaced by 2 seed queries (best position 1); e.g. 'water testing',high,4.8,transactional-local,2,1,
water testing near me free,water-testing,Google autocomplete: surfaced by 2 seed queries (best position 3); e.g. 'water testing n',high,4.8,transactional-local,2,3,
iron filter for well water cost,iron-sulfur-removal,Google autocomplete: surfaced by 3 seed queries (best position 2); e.g. 'iron filter',high,4.8,commercial,3,2,
iron filter cost,iron-sulfur-removal,Google autocomplete: surfaced by 4 seed queries (best position 1); e.g. 'iron filter c',high,4.8,commercial,4,1,
home water filter installation,whole-house-water-filtration,Google autocomplete: surfaced by 3 seed queries (best position 3); e.g. 'water filter installation columbus',high,4.8,transactional-local,3,3,
water filtration installers near me,water-treatment-purification,Google autocomplete: surfaced by 2 seed queries (best position 1); e.g. 'water filter installation near me',high,4.8,transactional-local,2,1,
water treatment companies near me,water-treatment-purification,Google autocomplete: surfaced by 2 seed queries (best position 1); e.g. 'water treatment',high,4.8,transactional-local,2,1,
can i install a water softener myself,water-softener-installation,Google autocomplete: surfaced by 9 seed queries (best position 4); e.g. 'water softener installation e',high,4.8,informational,9,4,
whole house water filter system near me,whole-house-water-filtration,Google autocomplete: surfaced by 3 seed queries (best position 4); e.g. 'whole house water filter installation',high,4.5,transactional-local,3,4,
whole house water filter maintenance,whole-house-water-filtration,Google autocomplete: surfaced by 2 seed queries (best position 3); e.g. 'whole house water filter m',high,4.5,transactional-local,2,3,
water softener companies near me,water-softener-installation,Google autocomplete: surfaced by 2 seed queries (best position 1); e.g. 'water softener',high,4.5,transactional-local,2,1,
does columbus ohio have hard water,hard-water-treatment,Google autocomplete: surfaced by 5 seed queries (best position 2); e.g. 'columbus ohio water hardness',high,4.5,informational,5,2,
iron filter for well water,iron-sulfur-removal,Google autocomplete: surfaced by 3 seed queries (best position 1); e.g. 'iron filter',high,4.5,topic-general,3,1,
uv water filter installation near me,uv-water-purification,Google autocomplete: surfaced by 2 seed queries (best position 2); e.g. 'uv water purification installation',high,4.5,transactional-local,2,2,
under sink water filter installation near me,under-sink-drinking-water-filters,Google autocomplete: surfaced by 2 seed queries (best position 3); e.g. 'under sink water filter installation',high,4.5,transactional-local,2,3,
columbus water quality,water-testing,Google autocomplete: surfaced by 1 seed query (best position 1); e.g. 'columbus water quality',high,4.5,transactional-local,1,1,
columbus ohio water hardness,hard-water-treatment,Google autocomplete: surfaced by 1 seed query (best position 1); e.g. 'columbus ohio water hardness',high,4.5,transactional-local,1,1,
pfas in columbus ohio water,pfas-removal,Google autocomplete: surfaced by 1 seed query (best position 1); e.g. 'pfas columbus ohio water',high,4.5,transactional-local,1,1,
well water ohio,well-water-treatment,Google autocomplete: surfaced by 1 seed query (best position 1); e.g. 'well water ohio',high,4.5,transactional-local,1,1,
water heater columbus ohio,adjacent-water-heater-OUT-OF-SCOPE,Google autocomplete: surfaced by 1 seed query (best position 1); e.g. 'water heater columbus',low,4.5,transactional-local,1,1,
water filtration companies near me,water-treatment-purification,Google autocomplete: surfaced by 2 seed queries (best position 1); e.g. 'water filtration',high,4.2,transactional-local,2,1,
water filter repair shop near me,water-treatment-purification,Google autocomplete: surfaced by 3 seed queries (best position 5); e.g. 'water filtration repair',high,4.2,transactional-local,3,5,
reverse osmosis installation cost,reverse-osmosis,Google autocomplete: surfaced by 2 seed queries (best position 3); e.g. 'reverse osmosis i',high,4.2,transactional-local,2,3,
well water filtration system cost,well-water-treatment,Google autocomplete: surfaced by 3 seed queries (best position 3); e.g. 'well water filtration',high,4.2,commercial,3,3,
water filter system near me,water-treatment-purification,Google autocomplete: surfaced by 2 seed queries (best position 3); e.g. 'water filter installation n',high,4.2,transactional-local,2,3,
salt free water softener installation cost,salt-free-water-conditioner,Google autocomplete: surfaced by 2 seed queries (best position 2); e.g. 'salt free water softener cost',high,4.2,transactional-local,2,2,
price for water purification system,water-treatment-purification,Google autocomplete: surfaced by 3 seed queries (best position 2); e.g. 'water purification columbus',high,4.2,commercial,3,2,
water filter no installation,water-filter-installation,Google autocomplete: surfaced by 4 seed queries (best position 4); e.g. 'water filter installation q',high,4.2,transactional-local,4,4,
when should you install a water softener,water-softener-installation,Google autocomplete: surfaced by 8 seed queries (best position 2); e.g. 'best water softener installation',high,4.1,informational,8,2,
columbus hard water,hard-water-treatment,Google autocomplete: surfaced by 1 seed query (best position 2); e.g. 'hard water columbus',high,4.05,transactional-local,1,2,
columbus water quality report,water-testing,Google autocomplete: surfaced by 1 seed query (best position 2); e.g. 'columbus water quality',high,4.05,transactional-local,1,2,
water heater columbus,adjacent-water-heater-OUT-OF-SCOPE,Google autocomplete: surfaced by 1 seed query (best position 2); e.g. 'water heater columbus',low,4.05,transactional-local,1,2,
reverse osmosis water filter service near me,reverse-osmosis,Google autocomplete: surfaced by 2 seed queries (best position 3); e.g. 'reverse osmosis columbus',high,3.9,transactional-local,2,3,
reverse osmosis repair near me,reverse-osmosis,Google autocomplete: surfaced by 2 seed queries (best position 1); e.g. 'reverse osmosis r',high,3.9,transactional-local,2,1,
ro water purifier installation service near me,reverse-osmosis,Google autocomplete: surfaced by 2 seed queries (best position 2); e.g. 'ro system installation near me',high,3.9,transactional-local,2,2,
water testing near me for drinking,water-testing,Google autocomplete: surfaced by 2 seed queries (best position 4); e.g. 'water testing n',high,3.9,transactional-local,2,4,
water filter installation for home,water-filter-installation,Google autocomplete: surfaced by 2 seed queries (best position 1); e.g. 'water filter installation',high,3.9,transactional-local,2,1,
water purifier installation service near me,water-treatment-purification,Google autocomplete: surfaced by 3 seed queries (best position 5); e.g. 'water filter installation near me',high,3.9,transactional-local,3,5,
water purification companies,water-treatment-purification,Google autocomplete: surfaced by 2 seed queries (best position 1); e.g. 'water purification',high,3.9,transactional-local,2,1,
whole house water filter replacement,whole-house-water-filtration,Google autocomplete: surfaced by 3 seed queries (best position 1); e.g. 'whole house water filter',high,3.75,topic-general,3,1,
water purifier installation,water-treatment-purification,Google autocomplete: surfaced by 2 seed queries (best position 3); e.g. 'water filtration installation',high,3.6,transactional-local,2,3,
water conditioner repair near me,salt-free-water-conditioner,Google autocomplete: surfaced by 2 seed queries (best position 1); e.g. 'water conditioning repair',high,3.6,transactional-local,2,1,
cost of installing ro system,reverse-osmosis,Google autocomplete: surfaced by 3 seed queries (best position 2); e.g. 'best ro system installation',high,3.6,commercial,3,2,
well water filtration system near me,well-water-treatment,Google autocomplete: surfaced by 3 seed queries (best position 5); e.g. 'well water filtration',high,3.6,transactional-local,3,5,
well water filtration cost,well-water-treatment,Google autocomplete: surfaced by 2 seed queries (best position 1); e.g. 'well water filtration c',high,3.6,commercial,2,1,
water filtration experts near me,water-treatment-purification,Google autocomplete: surfaced by 2 seed queries (best position 4); e.g. 'water filtration delaware ohio',high,3.6,transactional-local,2,4,
water softener free installation,water-softener-installation,Google autocomplete: surfaced by 2 seed queries (best position 3); e.g. 'water softener installation d',high,3.6,transactional-local,2,3,
columbus water hardness,hard-water-treatment,Google autocomplete: surfaced by 1 seed query (best position 3); e.g. 'columbus water quality',high,3.6,transactional-local,1,3,
whole house water filter system,whole-house-water-filtration,Google autocomplete: surfaced by 3 seed queries (best position 1); e.g. 'whole house water filter',high,3.45,topic-general,3,1,
reverse osmosis cost,reverse-osmosis,Google autocomplete: surfaced by 2 seed queries (best position 1); e.g. 'reverse osmosis c',high,3.4,commercial,2,1,
water purifier near me,water-treatment-purification,Google autocomplete: surfaced by 2 seed queries (best position 2); e.g. 'water filtration near me',high,3.3,transactional-local,2,2,
water filtration installation companies,water-treatment-purification,Google autocomplete: surfaced by 2 seed queries (best position 4); e.g. 'water filtration i',high,3.3,transactional-local,2,4,
labor cost to install a water softener,water-softener-installation,Google autocomplete: surfaced by 2 seed queries (best position 5); e.g. 'water softener installation columbus ohio',high,3.3,transactional-local,2,5,
water softener repair near me within 5 mi,water-softener-repair-service,Google autocomplete: surfaced by 2 seed queries (best position 2); e.g. 'water softener repair near me',high,3.3,transactional-local,2,2,
water softener service near me prices,water-softener-repair-service,Google autocomplete: surfaced by 2 seed queries (best position 3); e.g. 'water softener repair near me',high,3.3,transactional-local,2,3,
reverse osmosis maintenance,reverse-osmosis,Google autocomplete: surfaced by 2 seed queries (best position 5); e.g. 'reverse osmosis m',high,3.3,transactional-local,2,5,
reverse osmosis system installation near me,reverse-osmosis,Google autocomplete: surfaced by 2 seed queries (best position 2); e.g. 'ro system installation',high,3.3,transactional-local,2,2,
water testing companies near me,water-testing,Google autocomplete: surfaced by 2 seed queries (best position 1); e.g. 'water testing',high,3.3,transactional-local,2,1,
hard water installation cost,hard-water-treatment,Google autocomplete: surfaced by 2 seed queries (best position 1); e.g. 'hard water cost',high,3.3,transactional-local,2,1,
water filter change near me,water-treatment-purification,Google autocomplete: surfaced by 2 seed queries (best position 4); e.g. 'water filter installation n',high,3.3,transactional-local,2,4,
water conditioning companies near me,salt-free-water-conditioner,Google autocomplete: surfaced by 2 seed queries (best position 2); e.g. 'water conditioning',high,3.3,transactional-local,2,2,
under sink water filter installation,under-sink-drinking-water-filters,Google autocomplete: surfaced by 2 seed queries (best position 1); e.g. 'under sink water filter',high,3.3,transactional-local,2,1,
water filtration cost,water-treatment-purification,Google autocomplete: surfaced by 4 seed queries (best position 2); e.g. 'water filtration c',high,3.2,commercial,4,2,
whole house water filter system cost,whole-house-water-filtration,Google autocomplete: surfaced by 3 seed queries (best position 2); e.g. 'whole house water filter',high,3.2,commercial,3,2,
water testing cost,water-testing,Google autocomplete: surfaced by 2 seed queries (best position 1); e.g. 'water testing c',high,3.2,commercial,2,1,
what's the best water filter for well water,well-water-treatment,Google autocomplete: surfaced by 5 seed queries (best position 2); e.g. 'well water filtration e',high,3.2,informational,5,2,
water testing columbus,water-testing,Google autocomplete: surfaced by 1 seed query (best position 4); e.g. 'water testing columbus',high,3.15,transactional-local,1,4,
columbus water pollution,water-testing,Google autocomplete: surfaced by 1 seed query (best position 4); e.g. 'columbus water quality',high,3.15,transactional-local,1,4,
columbus ohio tap water quality,water-testing,Google autocomplete: surfaced by 1 seed query (best position 4); e.g. 'columbus ohio water hardness',high,3.15,transactional-local,1,4,
delaware ohio water company,water-treatment-purification,Google autocomplete: surfaced by 1 seed query (best position 4); e.g. 'delaware ohio water',high,3.15,transactional-local,1,4,
water well logs ohio,well-water-treatment,Google autocomplete: surfaced by 1 seed query (best position 4); e.g. 'well water ohio',high,3.15,transactional-local,1,4,
ohio epa well water testing,well-water-treatment,Google autocomplete: surfaced by 1 seed query (best position 4); e.g. 'well water testing ohio',high,3.15,transactional-local,1,4,
water filtration system,water-treatment-purification,Google autocomplete: surfaced by 2 seed queries (best position 1); e.g. 'water filtration',high,3.0,topic-general,2,1,
water filter cost,water-treatment-purification,Google autocomplete: surfaced by 3 seed queries (best position 5); e.g. 'water filtration cost',high,3.0,commercial,3,5,
whole house water filter repair,whole-house-water-filtration,Google autocomplete: surfaced by 1 seed query (best position 1); e.g. 'whole house water filter repair',high,3.0,transactional-local,1,1,
water softener service near me within 20 mi,water-softener-repair-service,Google autocomplete: surfaced by 2 seed queries (best position 2); e.g. 'water softener repair near me',high,3.0,transactional-local,2,2,
best water softener repair near me,water-softener-repair-service,Google autocomplete: surfaced by 1 seed query (best position 1); e.g. 'best water softener repair',high,3.0,transactional-local,1,1,
reverse osmosis water filter,reverse-osmosis,Google autocomplete: surfaced by 2 seed queries (best position 1); e.g. 'reverse osmosis',high,3.0,topic-general,2,1,
ro system installation,reverse-osmosis,Google autocomplete: surfaced by 1 seed query (best position 1); e.g. 'ro system installation',high,3.0,transactional-local,1,1,
ro water purifier installation near me,reverse-osmosis,Google autocomplete: surfaced by 2 seed queries (best position 3); e.g. 'ro system installation near me',high,3.0,transactional-local,2,3,
ro water purifier installation service,reverse-osmosis,Google autocomplete: surfaced by 1 seed query (best position 1); e.g. 'ro system installation repair',high,3.0,transactional-local,1,1,
best reverse osmosis system no installation,reverse-osmosis,Google autocomplete: surfaced by 1 seed query (best position 1); e.g. 'best ro system installation',high,3.0,transactional-local,1,1,
well water filtration system,well-water-treatment,Google autocomplete: surfaced by 2 seed queries (best position 1); e.g. 'well water filtration',high,3.0,topic-general,2,1,
water meters selection installation testing and maintenance,water-testing,Google autocomplete: surfaced by 1 seed query (best position 1); e.g. 'water testing installation',high,3.0,transactional-local,1,1,
water testing service,water-testing,Google autocomplete: surfaced by 1 seed query (best position 1); e.g. 'water testing repair',high,3.0,transactional-local,1,1,
hard water vs soft water,water-softener-systems,Google autocomplete: surfaced by 2 seed queries (best position 1); e.g. 'hard water',high,3.0,commercial,2,1,
iron removal near me,iron-sulfur-removal,Google autocomplete: surfaced by 2 seed queries (best position 2); e.g. 'iron filter n',high,3.0,transactional-local,2,2,
iron filter repair,iron-sulfur-removal,Google autocomplete: surfaced by 1 seed query (best position 1); e.g. 'iron filter repair',high,3.0,transactional-local,1,1,
iron filter service,iron-sulfur-removal,Google autocomplete: surfaced by 2 seed queries (best position 5); e.g. 'iron filter repair',high,3.0,transactional-local,2,5,
pfas water filter near me,pfas-removal,Google autocomplete: surfaced by 1 seed query (best position 1); e.g. 'pfas water filter near me',high,3.0,transactional-local,1,1,
water filter system repair near me,water-treatment-purification,Google autocomplete: surfaced by 1 seed query (best position 1); e.g. 'water filter installation repair',high,3.0,transactional-local,1,1,
best water filter installation,water-filter-installation,Google autocomplete: surfaced by 1 seed query (best position 1); e.g. 'best water filter installation',high,3.0,transactional-local,1,1,
water conditioning installation,salt-free-water-conditioner,Google autocomplete: surfaced by 1 seed query (best position 1); e.g. 'water conditioning installation',high,3.0,transactional-local,1,1,
salt free water softener cost,salt-free-water-conditioner,Google autocomplete: surfaced by 2 seed queries (best position 1); e.g. 'salt free water softener',high,3.0,commercial,2,1,
salt free water softener near me,salt-free-water-conditioner,Google autocomplete: surfaced by 1 seed query (best position 1); e.g. 'salt free water softener near me',high,3.0,transactional-local,1,1,
salt free water softener installation,salt-free-water-conditioner,Google autocomplete: surfaced by 1 seed query (best position 1); e.g. 'salt free water softener installation',high,3.0,transactional-local,1,1,
salt free water softener maintenance,salt-free-water-conditioner,Google autocomplete: surfaced by 1 seed query (best position 1); e.g. 'salt free water softener repair',high,3.0,transactional-local,1,1,
uv water purifier near me,uv-water-purification,Google autocomplete: surfaced by 1 seed query (best position 1); e.g. 'uv water purification near me',high,3.0,transactional-local,1,1,
uv water filter installation,uv-water-purification,Google autocomplete: surfaced by 1 seed query (best position 1); e.g. 'uv water purification installation',high,3.0,transactional-local,1,1,
uv water purifier repair,uv-water-purification,Google autocomplete: surfaced by 1 seed query (best position 1); e.g. 'uv water purification repair',high,3.0,transactional-local,1,1,
under sink water filter near me,under-sink-drinking-water-filters,Google autocomplete: surfaced by 1 seed query (best position 1); e.g. 'under sink water filter near me',high,3.0,transactional-local,1,1,
under sink water filter repair,under-sink-drinking-water-filters,Google autocomplete: surfaced by 1 seed query (best position 1); e.g. 'under sink water filter repair',high,3.0,transactional-local,1,1,
water treatment repair near me,water-treatment-purification,Google autocomplete: surfaced by 1 seed query (best position 1); e.g. 'water treatment repair',high,3.0,transactional-local,1,1,
water purification installation near me,water-treatment-purification,Google autocomplete: surfaced by 1 seed query (best position 1); e.g. 'water purification installation',high,3.0,transactional-local,1,1,
water purification repair,water-treatment-purification,Google autocomplete: surfaced by 1 seed query (best position 1); e.g. 'water purification repair',high,3.0,transactional-local,1,1,
well water filtration companies,well-water-treatment,Google autocomplete: surfaced by 1 seed query (best position 1); e.g. 'well water filtration c',high,3.0,transactional-local,1,1,
water testing places near me,water-testing,Google autocomplete: surfaced by 1 seed query (best position 1); e.g. 'water testing p',high,3.0,transactional-local,1,1,
water filter installation at home,water-filter-installation,Google autocomplete: surfaced by 1 seed query (best position 1); e.g. 'water filter installation a',high,3.0,transactional-local,1,1,
water filter install home,water-filter-installation,Google autocomplete: surfaced by 1 seed query (best position 1); e.g. 'water filter installation h',high,3.0,transactional-local,1,1,
water filter installation price,water-filter-installation,Google autocomplete: surfaced by 1 seed query (best position 1); e.g. 'water filter installation p',high,3.0,transactional-local,1,1,
water filter to install at home,water-filter-installation,Google autocomplete: surfaced by 1 seed query (best position 1); e.g. 'water filter installation t',high,3.0,transactional-local,1,1,
water softener installation instructions,water-softener-installation,Google autocomplete: surfaced by 17 seed queries (best position 1); e.g. 'water softener installation a',low,3.0,diy/parts,17,1,
water softener installation for home,water-softener-installation,Google autocomplete: surfaced by 1 seed query (best position 1); e.g. 'water softener installation f',high,3.0,transactional-local,1,1,
water softener install outside,water-softener-installation,Google autocomplete: surfaced by 1 seed query (best position 1); e.g. 'water softener installation o',high,3.0,transactional-local,1,1,
water softener installation price,water-softener-installation,Google autocomplete: surfaced by 1 seed query (best position 1); e.g. 'water softener installation p',high,3.0,transactional-local,1,1,
water softener installation quote,water-softener-installation,Google autocomplete: surfaced by 1 seed query (best position 1); e.g. 'water softener installation q',high,3.0,transactional-local,1,1,
water softener installation rheem,water-softener-installation,Google autocomplete: surfaced by 1 seed query (best position 1); e.g. 'water softener installation r',high,3.0,transactional-local,1,1,
water softener installation whirlpool,water-softener-installation,Google autocomplete: surfaced by 1 seed query (best position 1); e.g. 'water softener installation w',high,3.0,transactional-local,1,1,
water purification system near me,water-treatment-purification,Google autocomplete: surfaced by 1 seed query (best position 1); e.g. 'water purification system near me',high,3.0,transactional-local,1,1,
does my water filter remove pfas,pfas-removal,Google autocomplete: surfaced by 4 seed queries (best position 2); e.g. 'pfas water filter cost',high,2.9,informational,4,2,
water softener system,water-softener-systems,Google autocomplete: surfaced by 2 seed queries (best position 1); e.g. 'water softener',high,2.85,topic-general,2,1,
water purification systems,water-treatment-purification,Google autocomplete: surfaced by 2 seed queries (best position 1); e.g. 'water purification',high,2.85,topic-general,2,1,
iron filter not working,iron-sulfur-removal,Google autocomplete: surfaced by 3 seed queries (best position 1); e.g. 'iron filter n',high,2.85,topic-general,3,1,
well water filter cost,well-water-treatment,Google autocomplete: surfaced by 2 seed queries (best position 2); e.g. 'well water filtration c',high,2.8,commercial,2,2,
water filtration system for home,water-treatment-purification,Google autocomplete: surfaced by 2 seed queries (best position 2); e.g. 'water filtration',high,2.7,topic-general,2,2,
columbus water filtration,water-treatment-purification,Google autocomplete: surfaced by 1 seed query (best position 5); e.g. 'water filtration columbus',high,2.7,transactional-local,1,5,
water filtration installation near me,water-treatment-purification,Google autocomplete: surfaced by 1 seed query (best position 2); e.g. 'water filtration installation',high,2.7,transactional-local,1,2,
water filtration repair,water-treatment-purification,Google autocomplete: surfaced by 1 seed query (best position 2); e.g. 'water filtration repair',high,2.7,transactional-local,1,2,
whole house water filter for well water,well-water-treatment,Google autocomplete: surfaced by 2 seed queries (best position 1); e.g. 'whole house water filter',high,2.7,topic-general,2,1,
whole house water filtration installation near me,whole-house-water-filtration,Google autocomplete: surfaced by 2 seed queries (best position 6); e.g. 'whole house water filter installation',high,2.7,transactional-local,2,6,
water softener near me shop,water-softener-installation,Google autocomplete: surfaced by 2 seed queries (best position 5); e.g. 'water conditioning near me',high,2.7,transactional-local,2,5,
best water softener installation companies,water-softener-installation,Google autocomplete: surfaced by 1 seed query (best position 2); e.g. 'best water softener installation',high,2.7,transactional-local,1,2,
water softener repair near me prices,water-softener-repair-service,Google autocomplete: surfaced by 2 seed queries (best position 3); e.g. 'water softener repair near me',high,2.7,transactional-local,2,3,
water softener repair cost near me,water-softener-repair-service,Google autocomplete: surfaced by 1 seed query (best position 2); e.g. 'water softener repair cost',high,2.7,transactional-local,1,2,
best water softener repair,water-softener-repair-service,Google autocomplete: surfaced by 1 seed query (best position 2); e.g. 'best water softener repair',high,2.7,transactional-local,1,2,
reverse osmosis system,reverse-osmosis,Google autocomplete: surfaced by 2 seed queries (best position 1); e.g. 'reverse osmosis',high,2.7,topic-general,2,1,
reverse osmosis water,reverse-osmosis,Google autocomplete: surfaced by 3 seed queries (best position 2); e.g. 'reverse osmosis',high,2.7,topic-general,3,2,
reverse osmosis water near me,reverse-osmosis,Google autocomplete: surfaced by 2 seed queries (best position 5); e.g. 'reverse osmosis near me',high,2.7,transactional-local,2,5,
reverse osmosis repair,reverse-osmosis,Google autocomplete: surfaced by 1 seed query (best position 2); e.g. 'reverse osmosis repair',high,2.7,transactional-local,1,2,
reverse osmosis system installation cost,reverse-osmosis,Google autocomplete: surfaced by 1 seed query (best position 2); e.g. 'ro system installation cost',high,2.7,transactional-local,1,2,
well water filtration system for home,well-water-treatment,Google autocomplete: surfaced by 2 seed queries (best position 2); e.g. 'well water filtration',high,2.7,topic-general,2,2,
well water filtration service,well-water-treatment,Google autocomplete: surfaced by 1 seed query (best position 2); e.g. 'well water filtration repair',high,2.7,transactional-local,1,2,
water testing cost near me,water-testing,Google autocomplete: surfaced by 1 seed query (best position 2); e.g. 'water testing cost',high,2.7,transactional-local,1,2,
water testing service near me,water-testing,Google autocomplete: surfaced by 1 seed query (best position 2); e.g. 'water testing repair',high,2.7,transactional-local,1,2,
hard water installation,hard-water-treatment,Google autocomplete: surfaced by 1 seed query (best position 2); e.g. 'hard water installation',high,2.7,transactional-local,1,2,
hard water repair,hard-water-treatment,Google autocomplete: surfaced by 1 seed query (best position 2); e.g. 'hard water repair',high,2.7,transactional-local,1,2,
iron filter maintenance near me,iron-sulfur-removal,Google autocomplete: surfaced by 3 seed queries (best position 8); e.g. 'iron filter m',high,2.7,transactional-local,3,8,
iron filter installation cost,iron-sulfur-removal,Google autocomplete: surfaced by 2 seed queries (best position 3); e.g. 'iron filter cost',high,2.7,transactional-local,2,3,
iron filter replacement,iron-sulfur-removal,Google autocomplete: surfaced by 2 seed queries (best position 1); e.g. 'iron filter r',high,2.7,topic-general,2,1,
water filter system repair,water-treatment-purification,Google autocomplete: surfaced by 1 seed query (best position 2); e.g. 'water filter installation repair',high,2.7,transactional-local,1,2,
best water filter installation near me,water-filter-installation,Google autocomplete: surfaced by 1 seed query (best position 2); e.g. 'best water filter installation',high,2.7,transactional-local,1,2,
water conditioner near me,salt-free-water-conditioner,Google autocomplete: surfaced by 1 seed query (best position 2); e.g. 'water conditioning near me',high,2.7,transactional-local,1,2,
water conditioner installation,salt-free-water-conditioner,Google autocomplete: surfaced by 1 seed query (best position 2); e.g. 'water conditioning installation',high,2.7,transactional-local,1,2,
water conditioner repair,salt-free-water-conditioner,Google autocomplete: surfaced by 1 seed query (best position 2); e.g. 'water conditioning repair',high,2.7,transactional-local,1,2,
best water conditioning companies near me,salt-free-water-conditioner,Google autocomplete: surfaced by 1 seed query (best position 2); e.g. 'best water conditioning',high,2.7,transactional-local,1,2,
salt free water conditioner near me,salt-free-water-conditioner,Google autocomplete: surfaced by 1 seed query (best position 2); e.g. 'salt free water softener near me',high,2.7,transactional-local,1,2,
salt free water conditioner maintenance,salt-free-water-conditioner,Google autocomplete: surfaced by 1 seed query (best position 2); e.g. 'salt free water softener repair',high,2.7,transactional-local,1,2,
uv water purification system,uv-water-purification,Google autocomplete: surfaced by 2 seed queries (best position 1); e.g. 'uv water purification',high,2.7,topic-general,2,1,
uv water filter near me,uv-water-purification,Google autocomplete: surfaced by 1 seed query (best position 2); e.g. 'uv water purification near me',high,2.7,transactional-local,1,2,
under sink water purifier near me,under-sink-drinking-water-filters,Google autocomplete: surfaced by 1 seed query (best position 2); e.g. 'under sink water filter near me',high,2.7,transactional-local,1,2,
under sink water purifier repair,under-sink-drinking-water-filters,Google autocomplete: surfaced by 1 seed query (best position 2); e.g. 'under sink water filter repair',high,2.7,transactional-local,1,2,
water treatment installation near me,water-treatment-purification,Google autocomplete: surfaced by 1 seed query (best position 2); e.g. 'water treatment installation',high,2.7,transactional-local,1,2,
water treatment repair,water-treatment-purification,Google autocomplete: surfaced by 1 seed query (best position 2); e.g. 'water treatment repair',high,2.7,transactional-local,1,2,
water purifier repair near me,water-treatment-purification,Google autocomplete: surfaced by 1 seed query (best position 2); e.g. 'water purification repair',high,2.7,transactional-local,1,2,
water filtration companies,water-treatment-purification,Google autocomplete: surfaced by 1 seed query (best position 2); e.g. 'water filtration c',high,2.7,transactional-local,1,2,
water softener maintenance,water-softener-repair-service,Google autocomplete: surfaced by 1 seed query (best position 2); e.g. 'water softener m',high,2.7,transactional-local,1,2,
well water filtration companies near me,well-water-treatment,Google autocomplete: surfaced by 1 seed query (best position 2); e.g. 'well water filtration c',high,2.7,transactional-local,1,2,
water testing company,water-testing,Google autocomplete: surfaced by 1 seed query (best position 2); e.g. 'water testing c',high,2.7,transactional-local,1,2,
water testing services,water-testing,Google autocomplete: surfaced by 1 seed query (best position 2); e.g. 'water testing s',high,2.7,transactional-local,1,2,
water purification companies near me,water-treatment-purification,Google autocomplete: surfaced by 1 seed query (best position 2); e.g. 'water purification c',high,2.7,transactional-local,1,2,
water filter installation for whole house,whole-house-water-filtration,Google autocomplete: surfaced by 1 seed query (best position 2); e.g. 'water filter installation f',high,2.7,transactional-local,1,2,
water filter installation in kitchen,under-sink-drinking-water-filters,Google autocomplete: surfaced by 1 seed query (best position 2); e.g. 'water filter installation i',high,2.7,transactional-local,1,2,
water filter to install,water-filter-installation,Google autocomplete: surfaced by 1 seed query (best position 2); e.g. 'water filter installation t',high,2.7,transactional-local,1,2,
water filter with installation,water-filter-installation,Google autocomplete: surfaced by 1 seed query (best position 2); e.g. 'water filter installation w',high,2.7,transactional-local,1,2,
water softener install easy,water-softener-installation,Google autocomplete: surfaced by 1 seed query (best position 2); e.g. 'water softener installation e',high,2.7,transactional-local,1,2,
water softener installation in garage,water-softener-installation,Google autocomplete: surfaced by 1 seed query (best position 2); e.g. 'water softener installation i',high,2.7,transactional-local,1,2,
water softener installation labor cost,water-softener-installation,Google autocomplete: surfaced by 1 seed query (best position 2); e.g. 'water softener installation l',high,2.7,transactional-local,1,2,
water softener to install,water-softener-installation,Google autocomplete: surfaced by 1 seed query (best position 2); e.g. 'water softener installation t',high,2.7,transactional-local,1,2,
water softener with installation,water-softener-installation,Google autocomplete: surfaced by 1 seed query (best position 2); e.g. 'water softener installation w',high,2.7,transactional-local,1,2,
water filtration supplies near me,water-treatment-purification,Google autocomplete: surfaced by 1 seed query (best position 2); e.g. 'water filtration delaware ohio',high,2.7,transactional-local,1,2,
columbus ohio drinking water quality,water-testing,Google autocomplete: surfaced by 1 seed query (best position 5); e.g. 'columbus ohio water hardness',high,2.7,transactional-local,1,5,
delaware ohio water quality,water-testing,Google autocomplete: surfaced by 1 seed query (best position 5); e.g. 'delaware ohio water',high,2.7,transactional-local,1,5,
whole house water filter and softener,water-softener-systems,Google autocomplete: surfaced by 2 seed queries (best position 1); e.g. 'whole house water filter',high,2.55,topic-general,2,1,
water softener salt,water-softener-systems,Google autocomplete: surfaced by 2 seed queries (best position 2); e.g. 'water softener',high,2.55,topic-general,2,2,
water testing results,water-testing,Google autocomplete: surfaced by 3 seed queries (best position 1); e.g. 'water testing r',high,2.55,topic-general,3,1,
do water filters remove pfas,pfas-removal,Google autocomplete: surfaced by 4 seed queries (best position 3); e.g. 'pfas columbus ohio water',high,2.5,informational,4,3,
water softener installation cost home depot,water-softener-installation,Google autocomplete: surfaced by 5 seed queries (best position 4); e.g. 'water conditioning installation',low,2.43,transactional-local,5,4,
water filter near me shower,water-treatment-purification,Google autocomplete: surfaced by 2 seed queries (best position 6); e.g. 'water filter near me',high,2.4,transactional-local,2,6,
whole house water filtration near me,whole-house-water-filtration,Google autocomplete: surfaced by 1 seed query (best position 3); e.g. 'whole house water filter near me',high,2.4,transactional-local,1,3,
whole house water filter cost to install,whole-house-water-filtration,Google autocomplete: surfaced by 1 seed query (best position 3); e.g. 'whole house water filter cost',high,2.4,transactional-local,1,3,
best water softener installation,water-softener-installation,Google autocomplete: surfaced by 1 seed query (best position 3); e.g. 'best water softener installation',high,2.4,transactional-local,1,3,
water softener maintenance cost,water-softener-repair-service,Google autocomplete: surfaced by 2 seed queries (best position 4); e.g. 'water softener m',high,2.4,transactional-local,2,4,
water softener repair service near me prices,water-softener-repair-service,Google autocomplete: surfaced by 1 seed query (best position 3); e.g. 'water softener repair repair',high,2.4,transactional-local,1,3,
best water softener service near me,water-softener-repair-service,Google autocomplete: surfaced by 1 seed query (best position 3); e.g. 'best water softener repair',high,2.4,transactional-local,1,3,
reverse osmosis service near me,reverse-osmosis,Google autocomplete: surfaced by 2 seed queries (best position 6); e.g. 'reverse osmosis near me',high,2.4,transactional-local,2,6,
reverse osmosis repair service,reverse-osmosis,Google autocomplete: surfaced by 1 seed query (best position 3); e.g. 'reverse osmosis repair',high,2.4,transactional-local,1,3,
ro filter installation cost,reverse-osmosis,Google autocomplete: surfaced by 1 seed query (best position 3); e.g. 'ro system installation cost',high,2.4,transactional-local,1,3,
reverse osmosis system installation and maintenance handbook,reverse-osmosis,Google autocomplete: surfaced by 1 seed query (best position 3); e.g. 'ro system installation repair',high,2.4,transactional-local,1,3,
easiest ro system to install,reverse-osmosis,Google autocomplete: surfaced by 1 seed query (best position 3); e.g. 'best ro system installation',high,2.4,transactional-local,1,3,
well water filtration service near me,well-water-treatment,Google autocomplete: surfaced by 1 seed query (best position 3); e.g. 'well water filtration repair',high,2.4,transactional-local,1,3,
water testing service nb,water-testing,Google autocomplete: surfaced by 1 seed query (best position 3); e.g. 'water testing repair',high,2.4,transactional-local,1,3,
hard water filter,hard-water-treatment,Google autocomplete: surfaced by 2 seed queries (best position 1); e.g. 'hard water',high,2.4,topic-general,2,1,
soft water installation,water-softener-systems,Google autocomplete: surfaced by 1 seed query (best position 3); e.g. 'hard water installation',high,2.4,transactional-local,1,3,
iron removal filter near me,iron-sulfur-removal,Google autocomplete: surfaced by 1 seed query (best position 3); e.g. 'iron filter near me',high,2.4,transactional-local,1,3,
iron filter dealers near me,iron-sulfur-removal,Google autocomplete: surfaced by 2 seed queries (best position 5); e.g. 'iron filter d',high,2.4,transactional-local,2,5,
easy to install water filter,water-filter-installation,Google autocomplete: surfaced by 1 seed query (best position 3); e.g. 'best water filter installation',high,2.4,transactional-local,1,3,
water treatment cost,water-treatment-purification,Google autocomplete: surfaced by 2 seed queries (best position 1); e.g. 'water conditioning cost',high,2.4,commercial,2,1,
water conditioner installation cost,salt-free-water-conditioner,Google autocomplete: surfaced by 1 seed query (best position 3); e.g. 'water conditioning installation',high,2.4,transactional-local,1,3,
salt free water softener systems near me,salt-free-water-conditioner,Google autocomplete: surfaced by 1 seed query (best position 3); e.g. 'salt free water softener near me',high,2.4,transactional-local,1,3,
natursoft salt free water softener maintenance,salt-free-water-conditioner,Google autocomplete: surfaced by 1 seed query (best position 3); e.g. 'salt free water softener repair',high,2.4,transactional-local,1,3,
uv water purifier service near me,uv-water-purification,Google autocomplete: surfaced by 1 seed query (best position 3); e.g. 'uv water purification near me',high,2.4,transactional-local,1,3,
ro uv water purifier repair,uv-water-purification,Google autocomplete: surfaced by 1 seed query (best position 3); e.g. 'uv water purification repair',high,2.4,transactional-local,1,3,
water treatment installation companies,water-treatment-purification,Google autocomplete: surfaced by 1 seed query (best position 3); e.g. 'water treatment installation',high,2.4,transactional-local,1,3,
best water treatment companies near me,water-treatment-purification,Google autocomplete: surfaced by 1 seed query (best position 3); e.g. 'best water treatment',high,2.4,transactional-local,1,3,
water purification systems for home,water-treatment-purification,Google autocomplete: surfaced by 2 seed queries (best position 2); e.g. 'water purification',high,2.4,topic-general,2,2,
water testing for well water near me,well-water-treatment,Google autocomplete: surfaced by 1 seed query (best position 3); e.g. 'water testing f',high,2.4,transactional-local,1,3,
water treatment companies,water-treatment-purification,Google autocomplete: surfaced by 1 seed query (best position 3); e.g. 'water treatment c',high,2.4,transactional-local,1,3,
water filter installation in home,water-filter-installation,Google autocomplete: surfaced by 1 seed query (best position 3); e.g. 'water filter installation i',high,2.4,transactional-local,1,3,
water filter installation ninja luxe cafe,water-filter-installation,Google autocomplete: surfaced by 1 seed query (best position 3); e.g. 'water filter installation n',high,2.4,transactional-local,1,3,
water softener installation and service near me,water-softener-repair-service,Google autocomplete: surfaced by 1 seed query (best position 3); e.g. 'water softener installation a',high,2.4,transactional-local,1,3,
water softener home install,water-softener-installation,Google autocomplete: surfaced by 1 seed query (best position 3); e.g. 'water softener installation h',high,2.4,transactional-local,1,3,
water softener installation plumber,water-softener-installation,Google autocomplete: surfaced by 1 seed query (best position 3); e.g. 'water softener installation p',high,2.4,transactional-local,1,3,
water softener with installation cost,water-softener-installation,Google autocomplete: surfaced by 1 seed query (best position 3); e.g. 'water softener installation w',high,2.4,transactional-local,1,3,
water filter installation instructions,water-filter-installation,Google autocomplete: surfaced by 16 seed queries (best position 1); e.g. 'best water filter installation',low,2.31,diy/parts,16,1,
how much does it cost to get water tested,water-testing,Google autocomplete: surfaced by 4 seed queries (best position 2); e.g. 'water testing columbus',high,2.3,informational,4,2,
water filtration system for whole house,whole-house-water-filtration,Google autocomplete: surfaced by 2 seed queries (best position 3); e.g. 'water filtration',high,2.25,topic-general,2,3,
under sink water filter replacement,under-sink-drinking-water-filters,Google autocomplete: surfaced by 2 seed queries (best position 3); e.g. 'under sink water filter',high,2.25,topic-general,2,3,
water treatment systems,water-treatment-purification,Google autocomplete: surfaced by 2 seed queries (best position 1); e.g. 'water treatment',high,2.25,topic-general,2,1,
columbus tap water quality,water-testing,Google autocomplete: surfaced by 1 seed query (best position 6); e.g. 'columbus water quality',high,2.25,transactional-local,1,6,
water well map ohio,well-water-treatment,Google autocomplete: surfaced by 1 seed query (best position 6); e.g. 'well water ohio',high,2.25,transactional-local,1,6,
water heater repair columbus ohio,adjacent-water-heater-OUT-OF-SCOPE,Google autocomplete: surfaced by 1 seed query (best position 6); e.g. 'water heater columbus',low,2.25,transactional-local,1,6,
water softener salt near me,water-softener-installation,Google autocomplete: surfaced by 2 seed queries (best position 7); e.g. 'water softener near me',high,2.1,transactional-local,2,7,
water softener installation and maintenance,water-softener-repair-service,Google autocomplete: surfaced by 1 seed query (best position 4); e.g. 'water softener installation repair',high,2.1,transactional-local,1,4,
water softener repair near me within 20 mi,water-softener-repair-service,Google autocomplete: surfaced by 1 seed query (best position 4); e.g. 'water softener repair near me',high,2.1,transactional-local,1,4,
best water softener repair service near me,water-softener-repair-service,Google autocomplete: surfaced by 1 seed query (best position 4); e.g. 'water softener repair repair',high,2.1,transactional-local,1,4,
best water softener service companies near me,water-softener-repair-service,Google autocomplete: surfaced by 1 seed query (best position 4); e.g. 'best water softener repair',high,2.1,transactional-local,1,4,
reverse osmosis water filter system,reverse-osmosis,Google autocomplete: surfaced by 2 seed queries (best position 3); e.g. 'reverse osmosis',high,2.1,topic-general,2,3,
reverse osmosis filter,reverse-osmosis,Google autocomplete: surfaced by 2 seed queries (best position 1); e.g. 'reverse osmosis',high,2.1,topic-general,2,1,
reverse osmosis cost to install,reverse-osmosis,Google autocomplete: surfaced by 1 seed query (best position 4); e.g. 'reverse osmosis cost',high,2.1,transactional-local,1,4,
reverse osmosis repair kit,reverse-osmosis,Google autocomplete: surfaced by 1 seed query (best position 4); e.g. 'reverse osmosis repair',high,2.1,transactional-local,1,4,
ro filter installation near me,reverse-osmosis,Google autocomplete: surfaced by 1 seed query (best position 4); e.g. 'ro system installation near me',high,2.1,transactional-local,1,4,
ro water purifier installation cost,reverse-osmosis,Google autocomplete: surfaced by 1 seed query (best position 4); e.g. 'ro system installation cost',high,2.1,transactional-local,1,4,
well water filtration system for whole house,well-water-treatment,Google autocomplete: surfaced by 2 seed queries (best position 4); e.g. 'well water filtration',high,2.1,topic-general,2,4,
well water filtration system installers near me,well-water-treatment,Google autocomplete: surfaced by 2 seed queries (best position 7); e.g. 'well water filtration',high,2.1,transactional-local,2,7,
well water filtration system installation,well-water-treatment,Google autocomplete: surfaced by 1 seed query (best position 4); e.g. 'well water filtration installation',high,2.1,transactional-local,1,4,
well water filtration system repair near me,well-water-treatment,Google autocomplete: surfaced by 1 seed query (best position 4); e.g. 'well water filtration repair',high,2.1,transactional-local,1,4,
soft water near me,water-softener-systems,Google autocomplete: surfaced by 1 seed query (best position 4); e.g. 'hard water near me',high,2.1,transactional-local,1,4,
soft water installation cost,water-softener-systems,Google autocomplete: surfaced by 1 seed query (best position 4); e.g. 'hard water installation',high,2.1,transactional-local,1,4,
soft water repair near me,water-softener-systems,Google autocomplete: surfaced by 1 seed query (best position 4); e.g. 'hard water repair',high,2.1,transactional-local,1,4,
iron filter shop near me,iron-sulfur-removal,Google autocomplete: surfaced by 2 seed queries (best position 7); e.g. 'iron filter near me',high,2.1,transactional-local,2,7,
ro uv water purifier near me,uv-water-purification,Google autocomplete: surfaced by 1 seed query (best position 4); e.g. 'uv water purification near me',high,2.1,transactional-local,1,4,
water filter near me within 800m,water-treatment-purification,Google autocomplete: surfaced by 3 seed queries (best position 6); e.g. 'water filter near me',high,2.1,transactional-local,3,6,
water purifier repair,water-treatment-purification,Google autocomplete: surfaced by 1 seed query (best position 4); e.g. 'water purification repair',high,2.1,transactional-local,1,4,
water softener dealers near me,water-softener-installation,Google autocomplete: surfaced by 1 seed query (best position 4); e.g. 'water softener d',high,2.1,transactional-local,1,4,
well water filter clogs quickly,well-water-treatment,Google autocomplete: surfaced by 2 seed queries (best position 1); e.g. 'well water filtration c',high,2.1,topic-general,2,1,
well water filter installers near me,well-water-treatment,Google autocomplete: surfaced by 1 seed query (best position 4); e.g. 'well water filtration i',high,2.1,transactional-local,1,4,
water testing services near me,water-testing,Google autocomplete: surfaced by 1 seed query (best position 4); e.g. 'water testing s',high,2.1,transactional-local,1,4,
water treatment installers near me,water-treatment-purification,Google autocomplete: surfaced by 1 seed query (best position 4); e.g. 'water treatment i',high,2.1,transactional-local,1,4,
water purifier yearly maintenance cost,water-treatment-purification,Google autocomplete: surfaced by 1 seed query (best position 4); e.g. 'water purification y',high,2.1,transactional-local,1,4,
water filter and installation,water-filter-installation,Google autocomplete: surfaced by 1 seed query (best position 4); e.g. 'water filter installation a',high,2.1,transactional-local,1,4,
water filter installation company,water-filter-installation,Google autocomplete: surfaced by 1 seed query (best position 4); e.g. 'water filter installation c',high,2.1,transactional-local,1,4,
water filter easy install,water-filter-installation,Google autocomplete: surfaced by 1 seed query (best position 4); e.g. 'water filter installation e',high,2.1,transactional-local,1,4,
water filter installation in sink,water-filter-installation,Google autocomplete: surfaced by 1 seed query (best position 4); e.g. 'water filter installation i',high,2.1,transactional-local,1,4,
zero water filter installation,water-filter-installation,Google autocomplete: surfaced by 1 seed query (best position 4); e.g. 'water filter installation z',high,2.1,transactional-local,1,4,
water softener and installation,water-softener-installation,Google autocomplete: surfaced by 1 seed query (best position 4); e.g. 'water softener installation a',high,2.1,transactional-local,1,4,
water softener installation companies,water-softener-installation,Google autocomplete: surfaced by 1 seed query (best position 4); e.g. 'water softener installation c',high,2.1,transactional-local,1,4,
water softener install garage,water-softener-installation,Google autocomplete: surfaced by 1 seed query (best position 4); e.g. 'water softener installation g',high,2.1,transactional-local,1,4,
water softener new install,water-softener-installation,Google autocomplete: surfaced by 1 seed query (best position 4); e.g. 'water softener installation n',high,2.1,transactional-local,1,4,
water softener installation pictures,water-softener-installation,Google autocomplete: surfaced by 1 seed query (best position 4); e.g. 'water softener installation p',high,2.1,transactional-local,1,4,
water softener easy to install,water-softener-installation,Google autocomplete: surfaced by 1 seed query (best position 4); e.g. 'water softener installation t',high,2.1,transactional-local,1,4,
water softener system with installation,water-softener-installation,Google autocomplete: surfaced by 1 seed query (best position 4); e.g. 'water softener installation w',high,2.1,transactional-local,1,4,
water softener service near me within 5 mi,water-softener-repair-service,Google autocomplete: surfaced by 1 seed query (best position 4); e.g. 'water softener service near me',high,2.1,transactional-local,1,4,
best water filtration system for home,water-treatment-purification,Google autocomplete: surfaced by 1 seed query (best position 1); e.g. 'best water filtration',medium,2.0,commercial,1,1,
best whole house water filter,whole-house-water-filtration,Google autocomplete: surfaced by 1 seed query (best position 1); e.g. 'best whole house water filter',medium,2.0,commercial,1,1,
water softener system cost,water-softener-installation,Google autocomplete: surfaced by 2 seed queries (best position 4); e.g. 'water softener',medium,2.0,commercial,2,4,
best water softener system,water-softener-systems,Google autocomplete: surfaced by 1 seed query (best position 1); e.g. 'best water softener',medium,2.0,commercial,1,1,
best reverse osmosis system,reverse-osmosis,Google autocomplete: surfaced by 1 seed query (best position 1); e.g. 'best reverse osmosis',medium,2.0,commercial,1,1,
best well water filtration system,well-water-treatment,Google autocomplete: surfaced by 1 seed query (best position 1); e.g. 'best well water filtration',medium,2.0,commercial,1,1,
best water testing kits,water-testing,Google autocomplete: surfaced by 1 seed query (best position 1); e.g. 'best water testing',medium,2.0,commercial,1,1,
hard water cost,hard-water-treatment,Google autocomplete: surfaced by 1 seed query (best position 1); e.g. 'hard water cost',medium,2.0,commercial,1,1,
best iron filter for well water,iron-sulfur-removal,Google autocomplete: surfaced by 1 seed query (best position 1); e.g. 'best iron filter',medium,2.0,commercial,1,1,
best water filter for sulfur smell,iron-sulfur-removal,Google autocomplete: surfaced by 1 seed query (best position 1); e.g. 'best sulfur smell water',medium,2.0,commercial,1,1,
pfas water filter cost,pfas-removal,Google autocomplete: surfaced by 1 seed query (best position 1); e.g. 'pfas water filter cost',medium,2.0,commercial,1,1,
best pfas water filter,pfas-removal,Google autocomplete: surfaced by 1 seed query (best position 1); e.g. 'best pfas water filter',medium,2.0,commercial,1,1,
water conditioner cost,salt-free-water-conditioner,Google autocomplete: surfaced by 1 seed query (best position 1); e.g. 'water conditioning cost',medium,2.0,commercial,1,1,
best water conditioning system,salt-free-water-conditioner,Google autocomplete: surfaced by 1 seed query (best position 1); e.g. 'best water conditioning',medium,2.0,commercial,1,1,
salt free water softener system cost,salt-free-water-conditioner,Google autocomplete: surfaced by 2 seed queries (best position 4); e.g. 'salt free water softener',medium,2.0,commercial,2,4,
best salt free water softener,salt-free-water-conditioner,Google autocomplete: surfaced by 1 seed query (best position 1); e.g. 'best salt free water softener',medium,2.0,commercial,1,1,
uv water filter cost,uv-water-purification,Google autocomplete: surfaced by 1 seed query (best position 1); e.g. 'uv water purification cost',medium,2.0,commercial,1,1,
best uv water purification system,uv-water-purification,Google autocomplete: surfaced by 1 seed query (best position 1); e.g. 'best uv water purification',medium,2.0,commercial,1,1,
best under sink water filter,under-sink-drinking-water-filters,Google autocomplete: surfaced by 1 seed query (best position 1); e.g. 'best under sink water filter',medium,2.0,commercial,1,1,
best water treatment system for home,water-treatment-purification,Google autocomplete: surfaced by 1 seed query (best position 1); e.g. 'best water treatment',medium,2.0,commercial,1,1,
whole house water filter price,whole-house-water-filtration,Google autocomplete: surfaced by 1 seed query (best position 1); e.g. 'whole house water filter p',medium,2.0,commercial,1,1,
whole house water filter vs water softener,water-softener-systems,Google autocomplete: surfaced by 1 seed query (best position 1); e.g. 'whole house water filter v',medium,2.0,commercial,1,1,
water softener quote,water-softener-installation,Google autocomplete: surfaced by 1 seed query (best position 1); e.g. 'water softener q',medium,2.0,commercial,1,1,
water softener vs filter,water-softener-systems,Google autocomplete: surfaced by 1 seed query (best position 1); e.g. 'water softener v',medium,2.0,commercial,1,1,
well water filter vs softener,well-water-treatment,Google autocomplete: surfaced by 1 seed query (best position 1); e.g. 'well water filtration v',medium,2.0,commercial,1,1,
iron filter price,iron-sulfur-removal,Google autocomplete: surfaced by 1 seed query (best position 1); e.g. 'iron filter p',medium,2.0,commercial,1,1,
iron filter vs water softener,iron-sulfur-removal,Google autocomplete: surfaced by 1 seed query (best position 1); e.g. 'iron filter v',medium,2.0,commercial,1,1,
water filtration system for well water,well-water-treatment,Google autocomplete: surfaced by 2 seed queries (best position 4); e.g. 'water filtration',medium,1.95,topic-general,2,4,
under sink water filter system,under-sink-drinking-water-filters,Google autocomplete: surfaced by 2 seed queries (best position 2); e.g. 'under sink water filter',medium,1.95,topic-general,2,2,
how much does it cost to get water softener installed,water-softener-installation,Google autocomplete: surfaced by 4 seed queries (best position 2); e.g. 'water softener installation columbus ohio',medium,1.9,informational,4,2,
water softener installation home depot,water-softener-installation,Google autocomplete: surfaced by 3 seed queries (best position 1); e.g. 'water softener installation',low,1.89,transactional-local,3,1,
water filter near me sale,water-treatment-purification,Google autocomplete: surfaced by 2 seed queries (best position 7); e.g. 'water filter near me',medium,1.8,transactional-local,2,7,
best water filtration system,water-treatment-purification,Google autocomplete: surfaced by 1 seed query (best position 2); e.g. 'best water filtration',medium,1.8,commercial,1,2,
whole house water filtration installation,whole-house-water-filtration,Google autocomplete: surfaced by 1 seed query (best position 5); e.g. 'whole house water filter installation',medium,1.8,transactional-local,1,5,
best whole house water filter consumer reports,whole-house-water-filtration,Google autocomplete: surfaced by 1 seed query (best position 2); e.g. 'best whole house water filter',medium,1.8,commercial,1,2,
water softener repair companies,water-softener-repair-service,Google autocomplete: surfaced by 2 seed queries (best position 7); e.g. 'best water softener repair',medium,1.8,transactional-local,2,7,
best water softener,water-softener-systems,Google autocomplete: surfaced by 1 seed query (best position 2); e.g. 'best water softener',medium,1.8,commercial,1,2,
water softener repair near me open now,water-softener-repair-service,Google autocomplete: surfaced by 1 seed query (best position 5); e.g. 'water softener repair near me',medium,1.8,transactional-local,1,5,
water softener service cost,water-softener-repair-service,Google autocomplete: surfaced by 1 seed query (best position 5); e.g. 'water softener repair cost',medium,1.8,transactional-local,1,5,
water softener repair and maintenance,water-softener-repair-service,Google autocomplete: surfaced by 1 seed query (best position 5); e.g. 'water softener repair repair',medium,1.8,transactional-local,1,5,
best water softener service,water-softener-repair-service,Google autocomplete: surfaced by 1 seed query (best position 5); e.g. 'best water softener repair',medium,1.8,transactional-local,1,5,
is reverse osmosis water bad for your kidneys,reverse-osmosis,Google autocomplete: surfaced by 2 seed queries (best position 2); e.g. 'reverse osmosis columbus',medium,1.8,informational,2,2,
reverse osmosis tank near me,reverse-osmosis,Google autocomplete: surfaced by 1 seed query (best position 5); e.g. 'reverse osmosis columbus ohio',medium,1.8,transactional-local,1,5,
reverse osmosis system near me,reverse-osmosis,Google autocomplete: surfaced by 2 seed queries (best position 6); e.g. 'reverse osmosis near me',medium,1.8,transactional-local,2,6,
best reverse osmosis water filter,reverse-osmosis,Google autocomplete: surfaced by 1 seed query (best position 2); e.g. 'best reverse osmosis',medium,1.8,commercial,1,2,
reverse osmosis filter installation near me,reverse-osmosis,Google autocomplete: surfaced by 1 seed query (best position 5); e.g. 'ro system installation near me',medium,1.8,transactional-local,1,5,
reverse osmosis filter installation cost,reverse-osmosis,Google autocomplete: surfaced by 1 seed query (best position 5); e.g. 'ro system installation cost',medium,1.8,transactional-local,1,5,
deep well water filter installation,well-water-treatment,Google autocomplete: surfaced by 1 seed query (best position 5); e.g. 'well water filtration installation',medium,1.8,transactional-local,1,5,
well water filtration system repair,well-water-treatment,Google autocomplete: surfaced by 1 seed query (best position 5); e.g. 'well water filtration repair',medium,1.8,transactional-local,1,5,
best well water filtration system for home,well-water-treatment,Google autocomplete: surfaced by 1 seed query (best position 2); e.g. 'best well water filtration',medium,1.8,commercial,1,2,
water testing labs,water-testing,Google autocomplete: surfaced by 2 seed queries (best position 2); e.g. 'water testing',medium,1.8,topic-general,2,2,
water testing strips,water-testing,Google autocomplete: surfaced by 2 seed queries (best position 1); e.g. 'water testing',medium,1.8,topic-general,2,1,
water testing near me within 20 mi,water-testing,Google autocomplete: surfaced by 1 seed query (best position 5); e.g. 'water testing near me',medium,1.8,transactional-local,1,5,
best water testing kits for well water,well-water-treatment,Google autocomplete: surfaced by 1 seed query (best position 2); e.g. 'best water testing',medium,1.8,commercial,1,2,
bluebird hard water near me,hard-water-treatment,Google autocomplete: surfaced by 1 seed query (best position 5); e.g. 'hard water near me',medium,1.8,transactional-local,1,5,
soft water installation near me,water-softener-systems,Google autocomplete: surfaced by 1 seed query (best position 5); e.g. 'hard water installation',medium,1.8,transactional-local,1,5,
soft water repair,water-softener-systems,Google autocomplete: surfaced by 1 seed query (best position 5); e.g. 'hard water repair',medium,1.8,transactional-local,1,5,
best hard water filter for shower,hard-water-treatment,Google autocomplete: surfaced by 1 seed query (best position 2); e.g. 'best hard water',medium,1.8,commercial,1,2,
iron filter for water,iron-sulfur-removal,Google autocomplete: surfaced by 2 seed queries (best position 5); e.g. 'iron filter',medium,1.8,topic-general,2,5,
iron filter for hose,iron-sulfur-removal,Google autocomplete: surfaced by 2 seed queries (best position 2); e.g. 'iron filter',medium,1.8,topic-general,2,2,
iron removal cost,iron-sulfur-removal,Google autocomplete: surfaced by 1 seed query (best position 2); e.g. 'iron filter cost',medium,1.8,commercial,1,2,
iron removal filter installation,iron-sulfur-removal,Google autocomplete: surfaced by 1 seed query (best position 5); e.g. 'iron filter installation',medium,1.8,transactional-local,1,5,
best iron filter for irrigation system,iron-sulfur-removal,Google autocomplete: surfaced by 1 seed query (best position 2); e.g. 'best iron filter',medium,1.8,commercial,1,2,
best water softener for sulfur smell,iron-sulfur-removal,Google autocomplete: surfaced by 1 seed query (best position 2); e.g. 'best sulfur smell water',medium,1.8,commercial,1,2,
whole house pfas water filter cost,pfas-removal,Google autocomplete: surfaced by 1 seed query (best position 2); e.g. 'pfas water filter cost',medium,1.8,commercial,1,2,
water filter installation service cost,water-filter-installation,Google autocomplete: surfaced by 1 seed query (best position 5); e.g. 'water filter installation repair',medium,1.8,transactional-local,1,5,
best salt free water softener system,salt-free-water-conditioner,Google autocomplete: surfaced by 1 seed query (best position 2); e.g. 'best salt free water softener',medium,1.8,commercial,1,2,
uv water filtration system cost,uv-water-purification,Google autocomplete: surfaced by 1 seed query (best position 2); e.g. 'uv water purification cost',medium,1.8,commercial,1,2,
uv water filter installation cost,uv-water-purification,Google autocomplete: surfaced by 1 seed query (best position 5); e.g. 'uv water purification cost',medium,1.8,transactional-local,1,5,
best uv water purification,uv-water-purification,Google autocomplete: surfaced by 1 seed query (best position 2); e.g. 'best uv water purification',medium,1.8,commercial,1,2,
sink water filter near me,water-treatment-purification,Google autocomplete: surfaced by 1 seed query (best position 5); e.g. 'under sink water filter near me',medium,1.8,transactional-local,1,5,
under sink water filter cost,under-sink-drinking-water-filters,Google autocomplete: surfaced by 1 seed query (best position 2); e.g. 'under sink water filter cost',medium,1.8,commercial,1,2,
best under sink water filter consumer reports,under-sink-drinking-water-filters,Google autocomplete: surfaced by 1 seed query (best position 2); e.g. 'best under sink water filter',medium,1.8,commercial,1,2,
best water treatment system for well water,well-water-treatment,Google autocomplete: surfaced by 1 seed query (best position 2); e.g. 'best water treatment',medium,1.8,commercial,1,2,
water purification cost,water-treatment-purification,Google autocomplete: surfaced by 1 seed query (best position 2); e.g. 'water purification cost',medium,1.8,commercial,1,2,
best water purification system,water-treatment-purification,Google autocomplete: surfaced by 1 seed query (best position 2); e.g. 'best water purification',medium,1.8,commercial,1,2,
whole house water filter leaking from top,whole-house-water-filtration,Google autocomplete: surfaced by 1 seed query (best position 2); e.g. 'whole house water filter l',medium,1.8,commercial,1,2,
whole house water filter quote,whole-house-water-filtration,Google autocomplete: surfaced by 1 seed query (best position 2); e.g. 'whole house water filter q',medium,1.8,commercial,1,2,
whole house water filter vs under sink,under-sink-drinking-water-filters,Google autocomplete: surfaced by 1 seed query (best position 2); e.g. 'whole house water filter v',medium,1.8,commercial,1,2,
water softener companies,water-softener-installation,Google autocomplete: surfaced by 1 seed query (best position 5); e.g. 'water softener c',medium,1.8,transactional-local,1,5,
water softener price,water-softener-installation,Google autocomplete: surfaced by 1 seed query (best position 2); e.g. 'water softener p',medium,1.8,commercial,1,2,
water softener parts near me,water-softener-repair-service,Google autocomplete: surfaced by 1 seed query (best position 5); e.g. 'water softener p',medium,1.8,transactional-local,1,5,
water softener vs water conditioner,salt-free-water-conditioner,Google autocomplete: surfaced by 1 seed query (best position 2); e.g. 'water softener v',medium,1.8,commercial,1,2,
water softener yearly maintenance,water-softener-repair-service,Google autocomplete: surfaced by 1 seed query (best position 5); e.g. 'water softener y',medium,1.8,transactional-local,1,5,
reverse osmosis vs filtered water,reverse-osmosis,Google autocomplete: surfaced by 1 seed query (best position 2); e.g. 'reverse osmosis v',medium,1.8,commercial,1,2,
well water filter price,well-water-treatment,Google autocomplete: surfaced by 1 seed query (best position 2); e.g. 'well water filtration p',medium,1.8,commercial,1,2,
water treatment apprenticeship near me,water-treatment-purification,Google autocomplete: surfaced by 1 seed query (best position 5); e.g. 'water treatment a',medium,1.8,transactional-local,1,5,
water treatment services,water-treatment-purification,Google autocomplete: surfaced by 1 seed query (best position 5); e.g. 'water treatment s',medium,1.8,transactional-local,1,5,
water treatment vs water softener,water-softener-systems,Google autocomplete: surfaced by 1 seed query (best position 2); e.g. 'water treatment v',medium,1.8,commercial,1,2,
water filter installation in house,water-filter-installation,Google autocomplete: surfaced by 1 seed query (best position 5); e.g. 'water filter installation i',medium,1.8,transactional-local,1,5,
water softener and installation cost,water-softener-installation,Google autocomplete: surfaced by 1 seed query (best position 5); e.g. 'water softener installation a',medium,1.8,transactional-local,1,5,
water softener installation london,water-softener-installation,Google autocomplete: surfaced by 1 seed query (best position 5); e.g. 'water softener installation l',medium,1.8,transactional-local,1,5,
water softener installation price range,water-softener-installation,Google autocomplete: surfaced by 1 seed query (best position 5); e.g. 'water softener installation p',medium,1.8,transactional-local,1,5,
water softener hard to install,water-softener-installation,Google autocomplete: surfaced by 1 seed query (best position 5); e.g. 'water softener installation t',medium,1.8,transactional-local,1,5,
water softener installers in my area,water-softener-systems,Google autocomplete: surfaced by 1 seed query (best position 5); e.g. 'water softener installation z',medium,1.8,transactional-local,1,5,
water well drilling ohio,well-water-treatment,Google autocomplete: surfaced by 1 seed query (best position 7); e.g. 'well water ohio',medium,1.8,transactional-local,1,7,
water heater replacement columbus ohio,adjacent-water-heater-OUT-OF-SCOPE,Google autocomplete: surfaced by 1 seed query (best position 7); e.g. 'water heater columbus',low,1.8,transactional-local,1,7,
water softener service near me open now,water-softener-repair-service,Google autocomplete: surfaced by 1 seed query (best position 5); e.g. 'water softener service near me',medium,1.8,transactional-local,1,5,
iron filter for well water near me,iron-sulfur-removal,Google autocomplete: surfaced by 1 seed query (best position 5); e.g. 'iron filter for well water',medium,1.8,transactional-local,1,5,
how long do salt free water softeners last,salt-free-water-conditioner,Google autocomplete: surfaced by 3 seed queries (best position 4); e.g. 'salt free water softener installation',medium,1.7,informational,3,4,
whole house water filter system for well water,well-water-treatment,Google autocomplete: surfaced by 2 seed queries (best position 3); e.g. 'whole house water filter',medium,1.65,topic-general,2,3,
water softener pellets,water-softener-systems,Google autocomplete: surfaced by 2 seed queries (best position 1); e.g. 'water softener',medium,1.65,topic-general,2,1,
reverse osmosis system for home,reverse-osmosis,Google autocomplete: surfaced by 2 seed queries (best position 2); e.g. 'reverse osmosis',medium,1.65,topic-general,2,2,
hard water stains,hard-water-treatment,Google autocomplete: surfaced by 2 seed queries (best position 4); e.g. 'hard water',medium,1.65,topic-general,2,4,
does ohio have hard water,hard-water-treatment,Google autocomplete: surfaced by 2 seed queries (best position 3); e.g. 'columbus ohio water hardness',medium,1.65,informational,2,3,
iron filter for house,iron-sulfur-removal,Google autocomplete: surfaced by 2 seed queries (best position 4); e.g. 'iron filter',medium,1.65,topic-general,2,4,
iron filter media,iron-sulfur-removal,Google autocomplete: surfaced by 2 seed queries (best position 1); e.g. 'iron filter',medium,1.65,topic-general,2,1,
hard water test,hard-water-treatment,Google autocomplete: surfaced by 2 seed queries (best position 2); e.g. 'hard water t',medium,1.65,topic-general,2,2,
water filtration cost for home,water-treatment-purification,Google autocomplete: surfaced by 1 seed query (best position 3); e.g. 'water filtration cost',medium,1.6,commercial,1,3,
best whole house water filter system,whole-house-water-filtration,Google autocomplete: surfaced by 1 seed query (best position 3); e.g. 'best whole house water filter',medium,1.6,commercial,1,3,
best water softener system for home,water-softener-systems,Google autocomplete: surfaced by 1 seed query (best position 3); e.g. 'best water softener',medium,1.6,commercial,1,3,
water softener replacement cost,water-softener-repair-service,Google autocomplete: surfaced by 1 seed query (best position 3); e.g. 'water softener repair cost',medium,1.6,commercial,1,3,
reverse osmosis cost for home,reverse-osmosis,Google autocomplete: surfaced by 1 seed query (best position 3); e.g. 'reverse osmosis cost',medium,1.6,commercial,1,3,
best reverse osmosis system under sink,reverse-osmosis,Google autocomplete: surfaced by 1 seed query (best position 3); e.g. 'best reverse osmosis',medium,1.6,commercial,1,3,
well water treatment systems cost,well-water-treatment,Google autocomplete: surfaced by 1 seed query (best position 3); e.g. 'well water filtration cost',medium,1.6,commercial,1,3,
best well water filtration system whole house,well-water-treatment,Google autocomplete: surfaced by 1 seed query (best position 3); e.g. 'best well water filtration',medium,1.6,commercial,1,3,
soft water cost,water-softener-systems,Google autocomplete: surfaced by 1 seed query (best position 3); e.g. 'hard water cost',medium,1.6,commercial,1,3,
best iron filter,iron-sulfur-removal,Google autocomplete: surfaced by 1 seed query (best position 3); e.g. 'best iron filter',medium,1.6,commercial,1,3,
best way to remove sulfur smell from water,iron-sulfur-removal,Google autocomplete: surfaced by 1 seed query (best position 3); e.g. 'best sulfur smell water',medium,1.6,commercial,1,3,
aquasential whole home pfas water filter cost,pfas-removal,Google autocomplete: surfaced by 1 seed query (best position 3); e.g. 'pfas water filter cost',medium,1.6,commercial,1,3,
best water conditioning system for home,salt-free-water-conditioner,Google autocomplete: surfaced by 1 seed query (best position 3); e.g. 'best water conditioning',medium,1.6,commercial,1,3,
salt free water softener vs salt,salt-free-water-conditioner,Google autocomplete: surfaced by 1 seed query (best position 3); e.g. 'salt free water softener',medium,1.6,commercial,1,3,
salt free water conditioner cost,salt-free-water-conditioner,Google autocomplete: surfaced by 1 seed query (best position 3); e.g. 'salt free water softener cost',medium,1.6,commercial,1,3,
best salt free water softener system for home,salt-free-water-conditioner,Google autocomplete: surfaced by 1 seed query (best position 3); e.g. 'best salt free water softener',medium,1.6,commercial,1,3,
uv water purifier cost,uv-water-purification,Google autocomplete: surfaced by 1 seed query (best position 3); e.g. 'uv water purification cost',medium,1.6,commercial,1,3,
best uv water purifiers,uv-water-purification,Google autocomplete: surfaced by 1 seed query (best position 3); e.g. 'best uv water purification',medium,1.6,commercial,1,3,
under sink water purifier cost,under-sink-drinking-water-filters,Google autocomplete: surfaced by 1 seed query (best position 3); e.g. 'under sink water filter cost',medium,1.6,commercial,1,3,
best under sink water filter system,under-sink-drinking-water-filters,Google autocomplete: surfaced by 1 seed query (best position 3); e.g. 'best under sink water filter',medium,1.6,commercial,1,3,
water purifiers cost,water-treatment-purification,Google autocomplete: surfaced by 1 seed query (best position 3); e.g. 'water purification cost',medium,1.6,commercial,1,3,
water filtration vs water softener,water-softener-systems,Google autocomplete: surfaced by 1 seed query (best position 3); e.g. 'water filtration v',medium,1.6,commercial,1,3,
whole house water filter vs ro system,reverse-osmosis,Google autocomplete: surfaced by 1 seed query (best position 3); e.g. 'whole house water filter v',medium,1.6,commercial,1,3,
water softener brands,water-softener-systems,Google autocomplete: surfaced by 1 seed query (best position 3); e.g. 'water softener b',medium,1.6,commercial,1,3,
water softener pellets vs crystals,water-softener-systems,Google autocomplete: surfaced by 1 seed query (best position 3); e.g. 'water softener p',medium,1.6,commercial,1,3,
water softener vs reverse osmosis,reverse-osmosis,Google autocomplete: surfaced by 1 seed query (best position 3); e.g. 'water softener v',medium,1.6,commercial,1,3,
reverse osmosis vs water softener,reverse-osmosis,Google autocomplete: surfaced by 1 seed query (best position 3); e.g. 'reverse osmosis v',medium,1.6,commercial,1,3,
hard water vs soft water which is better,water-softener-systems,Google autocomplete: surfaced by 1 seed query (best position 3); e.g. 'hard water v',medium,1.6,commercial,1,3,
iron filter vs carbon filter,iron-sulfur-removal,Google autocomplete: surfaced by 1 seed query (best position 3); e.g. 'iron filter v',medium,1.6,commercial,1,3,
commercial water filtration system price,commercial-water-treatment,Google autocomplete: surfaced by 1 seed query (best position 3); e.g. 'commercial water filtration',medium,1.6,commercial,1,3,
whole house water filter,whole-house-water-filtration,Google autocomplete: surfaced by 1 seed query (best position 1); e.g. 'whole house water filter',medium,1.5,topic-general,1,1,
whole house water filter for city water,whole-house-water-filtration,Google autocomplete: surfaced by 2 seed queries (best position 2); e.g. 'whole house water filter',medium,1.5,topic-general,2,2,
whole house water filter companies near me,whole-house-water-filtration,Google autocomplete: surfaced by 1 seed query (best position 6); e.g. 'whole house water filter near me',medium,1.5,transactional-local,1,6,
whole house water filter replacement 20 inch,whole-house-water-filtration,Google autocomplete: surfaced by 2 seed queries (best position 5); e.g. 'whole house water filter r',medium,1.5,topic-general,2,5,
whole house water filter service,whole-house-water-filtration,Google autocomplete: surfaced by 1 seed query (best position 6); e.g. 'whole house water filter repair',medium,1.5,transactional-local,1,6,
water softener,water-softener-systems,Google autocomplete: surfaced by 1 seed query (best position 1); e.g. 'water softener',medium,1.5,topic-general,1,1,
water softener system for home,water-softener-systems,Google autocomplete: surfaced by 2 seed queries (best position 5); e.g. 'water softener',medium,1.5,topic-general,2,5,
water softener near me prices,water-softener-installation,Google autocomplete: surfaced by 1 seed query (best position 6); e.g. 'water softener near me',medium,1.5,transactional-local,1,6,
water softener cost near me,water-softener-installation,Google autocomplete: surfaced by 1 seed query (best position 6); e.g. 'water softener cost',medium,1.5,transactional-local,1,6,
best water softener for outdoor installation,water-softener-installation,Google autocomplete: surfaced by 1 seed query (best position 6); e.g. 'best water softener installation',medium,1.5,transactional-local,1,6,
water softener service cost near me,water-softener-repair-service,Google autocomplete: surfaced by 1 seed query (best position 6); e.g. 'water softener repair cost',medium,1.5,transactional-local,1,6,
ge water softener repair service near me,water-softener-repair-service,Google autocomplete: surfaced by 1 seed query (best position 6); e.g. 'water softener repair repair',medium,1.5,transactional-local,1,6,
best water softener maintenance near me,water-softener-repair-service,Google autocomplete: surfaced by 1 seed query (best position 6); e.g. 'best water softener repair',medium,1.5,transactional-local,1,6,
reverse osmosis water filter under sink,reverse-osmosis,Google autocomplete: surfaced by 2 seed queries (best position 4); e.g. 'reverse osmosis',medium,1.5,topic-general,2,4,
reverse osmosis company near me,reverse-osmosis,Google autocomplete: surfaced by 1 seed query (best position 6); e.g. 'reverse osmosis columbus ohio',medium,1.5,transactional-local,1,6,
reverse osmosis installation under sink,reverse-osmosis,Google autocomplete: surfaced by 1 seed query (best position 6); e.g. 'reverse osmosis installation',medium,1.5,transactional-local,1,6,
ro system installation charges,reverse-osmosis,Google autocomplete: surfaced by 1 seed query (best position 6); e.g. 'ro system installation',medium,1.5,transactional-local,1,6,
under sink ro system installation near me,reverse-osmosis,Google autocomplete: surfaced by 1 seed query (best position 6); e.g. 'ro system installation near me',medium,1.5,transactional-local,1,6,
under sink ro system installation cost,reverse-osmosis,Google autocomplete: surfaced by 1 seed query (best position 6); e.g. 'ro system installation cost',medium,1.5,transactional-local,1,6,
well water sediment filter installation,well-water-treatment,Google autocomplete: surfaced by 1 seed query (best position 6); e.g. 'well water filtration installation',medium,1.5,transactional-local,1,6,
well water filtration system service near me,well-water-treatment,Google autocomplete: surfaced by 1 seed query (best position 6); e.g. 'well water filtration repair',medium,1.5,transactional-local,1,6,
water testing near me prices,water-testing,Google autocomplete: surfaced by 1 seed query (best position 6); e.g. 'water testing near me',medium,1.5,transactional-local,1,6,
hard water,hard-water-treatment,Google autocomplete: surfaced by 1 seed query (best position 1); e.g. 'hard water',medium,1.5,topic-general,1,1,
hard water softener near me,water-softener-installation,Google autocomplete: surfaced by 1 seed query (best position 6); e.g. 'hard water near me',medium,1.5,transactional-local,1,6,
soft water repair company,water-softener-systems,Google autocomplete: surfaced by 1 seed query (best position 6); e.g. 'hard water repair',medium,1.5,transactional-local,1,6,
iron water filter near me,iron-sulfur-removal,Google autocomplete: surfaced by 1 seed query (best position 6); e.g. 'iron filter near me',medium,1.5,transactional-local,1,6,
iron water filter installation,iron-sulfur-removal,Google autocomplete: surfaced by 1 seed query (best position 6); e.g. 'iron filter installation',medium,1.5,transactional-local,1,6,
sulfur smell water heater,iron-sulfur-removal,Google autocomplete: surfaced by 1 seed query (best position 1); e.g. 'sulfur smell water',medium,1.5,topic-general,1,1,
sulfur smelling water fix,iron-sulfur-removal,Google autocomplete: surfaced by 1 seed query (best position 1); e.g. 'sulfur smell water repair',medium,1.5,topic-general,1,1,
pfas water filter,pfas-removal,Google autocomplete: surfaced by 1 seed query (best position 1); e.g. 'pfas water filter',medium,1.5,topic-general,1,1,
pfas water filter system,pfas-removal,Google autocomplete: surfaced by 1 seed query (best position 1); e.g. 'pfas water filter installation',medium,1.5,topic-general,1,1,
pfas water filter replacement,pfas-removal,Google autocomplete: surfaced by 1 seed query (best position 1); e.g. 'pfas water filter repair',medium,1.5,topic-general,1,1,
water filter system installation near me,water-filter-installation,Google autocomplete: surfaced by 2 seed queries (best position 7); e.g. 'water filter installation n',medium,1.5,transactional-local,2,7,
water purification system repair,water-treatment-purification,Google autocomplete: surfaced by 1 seed query (best position 6); e.g. 'water filter installation repair',medium,1.5,transactional-local,1,6,
water conditioning system,salt-free-water-conditioner,Google autocomplete: surfaced by 1 seed query (best position 1); e.g. 'water conditioning',medium,1.5,topic-general,1,1,
water conditioning services near me,salt-free-water-conditioner,Google autocomplete: surfaced by 1 seed query (best position 6); e.g. 'water conditioning',medium,1.5,transactional-local,1,6,
water softeners near me prices,water-softener-installation,Google autocomplete: surfaced by 1 seed query (best position 6); e.g. 'water conditioning near me',medium,1.5,transactional-local,1,6,
salt free water softener,salt-free-water-conditioner,Google autocomplete: surfaced by 1 seed query (best position 1); e.g. 'salt free water softener',medium,1.5,topic-general,1,1,
free water softener salt delivery near me,water-softener-installation,Google autocomplete: surfaced by 1 seed query (best position 6); e.g. 'salt free water softener near me',medium,1.5,transactional-local,1,6,
uv water purifier maintenance cost,uv-water-purification,Google autocomplete: surfaced by 1 seed query (best position 6); e.g. 'uv water purification cost',medium,1.5,transactional-local,1,6,
under sink water filter,under-sink-drinking-water-filters,Google autocomplete: surfaced by 1 seed query (best position 1); e.g. 'under sink water filter',medium,1.5,topic-general,1,1,
tap water filter near me,water-treatment-purification,Google autocomplete: surfaced by 1 seed query (best position 6); e.g. 'under sink water filter near me',medium,1.5,transactional-local,1,6,
under sink water purifier installation,under-sink-drinking-water-filters,Google autocomplete: surfaced by 1 seed query (best position 6); e.g. 'under sink water filter installation',medium,1.5,transactional-local,1,6,
under sink water filter service,under-sink-drinking-water-filters,Google autocomplete: surfaced by 1 seed query (best position 6); e.g. 'under sink water filter repair',medium,1.5,transactional-local,1,6,
water purifier repair shop near me,water-treatment-purification,Google autocomplete: surfaced by 1 seed query (best position 6); e.g. 'water purification repair',medium,1.5,transactional-local,1,6,
water filtration and softener system,water-softener-systems,Google autocomplete: surfaced by 1 seed query (best position 1); e.g. 'water filtration a',medium,1.5,topic-general,1,1,
water filtration machine subnautica,water-treatment-purification,Google autocomplete: surfaced by 1 seed query (best position 1); e.g. 'water filtration m',medium,1.5,topic-general,1,1,
water filtration reverse osmosis,reverse-osmosis,Google autocomplete: surfaced by 1 seed query (best position 1); e.g. 'water filtration r',medium,1.5,topic-general,1,1,
water filtration under sink,under-sink-drinking-water-filters,Google autocomplete: surfaced by 1 seed query (best position 1); e.g. 'water filtration u',medium,1.5,topic-general,1,1,
water filtration whole house,whole-house-water-filtration,Google autocomplete: surfaced by 1 seed query (best position 1); e.g. 'water filtration w',medium,1.5,topic-general,1,1,
whole house water filter before or after water softener,water-softener-systems,Google autocomplete: surfaced by 1 seed query (best position 1); e.g. 'whole house water filter b',medium,1.5,topic-general,1,1,
whole house water filter elements,whole-house-water-filtration,Google autocomplete: surfaced by 1 seed query (best position 1); e.g. 'whole house water filter e',medium,1.5,topic-general,1,1,
whole house water filter o ring,whole-house-water-filtration,Google autocomplete: surfaced by 1 seed query (best position 1); e.g. 'whole house water filter o',medium,1.5,topic-general,1,1,
whole house water filter to remove chlorine,contaminant-specific-filtration,Google autocomplete: surfaced by 1 seed query (best position 1); e.g. 'whole house water filter t',medium,1.5,topic-general,1,1,
whole house water filter unit,whole-house-water-filtration,Google autocomplete: surfaced by 1 seed query (best position 1); e.g. 'whole house water filter u',medium,1.5,topic-general,1,1,
whole house water filter with softener,water-softener-systems,Google autocomplete: surfaced by 1 seed query (best position 1); e.g. 'whole house water filter w',medium,1.5,topic-general,1,1,
whole house zero water filter,whole-house-water-filtration,Google autocomplete: surfaced by 1 seed query (best position 1); e.g. 'whole house water filter z',medium,1.5,topic-general,1,1,
water softener and filter system,water-softener-systems,Google autocomplete: surfaced by 1 seed query (best position 1); e.g. 'water softener a',medium,1.5,topic-general,1,1,
water softener bypass valve,water-softener-repair-service,Google autocomplete: surfaced by 1 seed query (best position 1); e.g. 'water softener b',medium,1.5,topic-general,1,1,
water softener drain line,water-softener-installation,Google autocomplete: surfaced by 1 seed query (best position 1); e.g. 'water softener d',medium,1.5,topic-general,1,1,
water softener error 102,water-softener-repair-service,Google autocomplete: surfaced by 1 seed query (best position 1); e.g. 'water softener e',medium,1.5,topic-general,1,1,
water softener for shower,water-softener-systems,Google autocomplete: surfaced by 1 seed query (best position 1); e.g. 'water softener f',medium,1.5,topic-general,1,1,
water softener gravel,water-softener-systems,Google autocomplete: surfaced by 1 seed query (best position 1); e.g. 'water softener g',medium,1.5,topic-general,1,1,
water softener jacket,water-softener-systems,Google autocomplete: surfaced by 1 seed query (best position 1); e.g. 'water softener j',medium,1.5,topic-general,1,1,
water softener keeps running,water-softener-repair-service,Google autocomplete: surfaced by 1 seed query (best position 1); e.g. 'water softener k',medium,1.5,topic-general,1,1,
water softener overflowing,water-softener-repair-service,Google autocomplete: surfaced by 1 seed query (best position 1); e.g. 'water softener o',medium,1.5,topic-general,1,1,
water softener pellets near me,water-softener-installation,Google autocomplete: surfaced by 1 seed query (best position 6); e.g. 'water softener p',medium,1.5,transactional-local,1,6,
water softener tank,water-softener-systems,Google autocomplete: surfaced by 1 seed query (best position 1); e.g. 'water softener t',medium,1.5,topic-general,1,1,
water softener units,water-softener-systems,Google autocomplete: surfaced by 1 seed query (best position 1); e.g. 'water softener u',medium,1.5,topic-general,1,1,
water softener without salt,salt-free-water-conditioner,Google autocomplete: surfaced by 1 seed query (best position 1); e.g. 'water softener w',medium,1.5,topic-general,1,1,
water softener xl,water-softener-systems,Google autocomplete: surfaced by 1 seed query (best position 1); e.g. 'water softener x',medium,1.5,topic-general,1,1,
water softener yellow water,water-softener-systems,Google autocomplete: surfaced by 1 seed query (best position 1); e.g. 'water softener y',medium,1.5,topic-general,1,1,
reverse osmosis bottled water,reverse-osmosis,Google autocomplete: surfaced by 1 seed query (best position 1); e.g. 'reverse osmosis b',medium,1.5,topic-general,1,1,
reverse osmosis countertop system,reverse-osmosis,Google autocomplete: surfaced by 1 seed query (best position 1); e.g. 'reverse osmosis c',medium,1.5,topic-general,1,1,
reverse osmosis home system,reverse-osmosis,Google autocomplete: surfaced by 1 seed query (best position 1); e.g. 'reverse osmosis h',medium,1.5,topic-general,1,1,
reverse osmosis kitchen faucet,reverse-osmosis,Google autocomplete: surfaced by 1 seed query (best position 1); e.g. 'reverse osmosis k',medium,1.5,topic-general,1,1,
reverse osmosis machine,reverse-osmosis,Google autocomplete: surfaced by 1 seed query (best position 1); e.g. 'reverse osmosis m',medium,1.5,topic-general,1,1,
reverse osmosis process,reverse-osmosis,Google autocomplete: surfaced by 1 seed query (best position 1); e.g. 'reverse osmosis p',medium,1.5,topic-general,1,1,
reverse osmosis quick connect fittings,reverse-osmosis,Google autocomplete: surfaced by 1 seed query (best position 1); e.g. 'reverse osmosis q',medium,1.5,topic-general,1,1,
reverse osmosis remineralization,reverse-osmosis,Google autocomplete: surfaced by 1 seed query (best position 1); e.g. 'reverse osmosis r',medium,1.5,topic-general,1,1,
reverse osmosis refill station near me,reverse-osmosis,Google autocomplete: surfaced by 1 seed query (best position 6); e.g. 'reverse osmosis r',medium,1.5,transactional-local,1,6,
reverse osmosis tank,reverse-osmosis,Google autocomplete: surfaced by 1 seed query (best position 1); e.g. 'reverse osmosis t',medium,1.5,topic-general,1,1,
reverse osmosis under sink water filter,reverse-osmosis,Google autocomplete: surfaced by 1 seed query (best position 1); e.g. 'reverse osmosis u',medium,1.5,topic-general,1,1,
reverse osmosis zero waste,reverse-osmosis,Google autocomplete: surfaced by 1 seed query (best position 1); e.g. 'reverse osmosis z',medium,1.5,topic-general,1,1,
well water filtration and softener system,well-water-treatment,Google autocomplete: surfaced by 1 seed query (best position 1); e.g. 'well water filtration a',medium,1.5,topic-general,1,1,
well water filter before or after pressure tank,well-water-treatment,Google autocomplete: surfaced by 1 seed query (best position 1); e.g. 'well water filtration b',medium,1.5,topic-general,1,1,
well water filtration equipment,well-water-treatment,Google autocomplete: surfaced by 1 seed query (best position 1); e.g. 'well water filtration e',medium,1.5,topic-general,1,1,
well water filtration for iron,iron-sulfur-removal,Google autocomplete: surfaced by 1 seed query (best position 1); e.g. 'well water filtration f',medium,1.5,topic-general,1,1,
well water filter gets dirty fast,well-water-treatment,Google autocomplete: surfaced by 1 seed query (best position 1); e.g. 'well water filtration g',medium,1.5,topic-general,1,1,
well water filter location,well-water-treatment,Google autocomplete: surfaced by 1 seed query (best position 1); e.g. 'well water filtration l',medium,1.5,topic-general,1,1,
well water filtration options,well-water-treatment,Google autocomplete: surfaced by 1 seed query (best position 1); e.g. 'well water filtration o',medium,1.5,topic-general,1,1,
well water filtration tank,well-water-treatment,Google autocomplete: surfaced by 1 seed query (best position 1); e.g. 'well water filtration t',medium,1.5,topic-general,1,1,
well water filtration unit,well-water-treatment,Google autocomplete: surfaced by 1 seed query (best position 1); e.g. 'well water filtration u',medium,1.5,topic-general,1,1,
well water filtration whole house,well-water-treatment,Google autocomplete: surfaced by 1 seed query (best position 1); e.g. 'well water filtration w',medium,1.5,topic-general,1,1,
water testing device,water-testing,Google autocomplete: surfaced by 1 seed query (best position 1); e.g. 'water testing d',medium,1.5,topic-general,1,1,
water testing eggs,water-testing,Google autocomplete: surfaced by 1 seed query (best position 1); e.g. 'water testing e',medium,1.5,topic-general,1,1,
water testing in my area,water-testing,Google autocomplete: surfaced by 1 seed query (best position 1); e.g. 'water testing i',medium,1.5,topic-general,1,1,
water testing labs near me prices,water-testing,Google autocomplete: surfaced by 1 seed query (best position 6); e.g. 'water testing l',medium,1.5,transactional-local,1,6,
water testing machine,water-testing,Google autocomplete: surfaced by 1 seed query (best position 1); e.g. 'water testing m',medium,1.5,topic-general,1,1,
water testing okc,water-testing,Google autocomplete: surfaced by 1 seed query (best position 1); e.g. 'water testing o',medium,1.5,topic-general,1,1,
water testing quality report,water-testing,Google autocomplete: surfaced by 1 seed query (best position 1); e.g. 'water testing q',medium,1.5,topic-general,1,1,
water testing zip code,water-testing,Google autocomplete: surfaced by 1 seed query (best position 1); e.g. 'water testing z',medium,1.5,topic-general,1,1,
water treatment equipment,water-treatment-purification,Google autocomplete: surfaced by 1 seed query (best position 1); e.g. 'water treatment e',medium,1.5,topic-general,1,1,
water treatment machine,water-treatment-purification,Google autocomplete: surfaced by 1 seed query (best position 1); e.g. 'water treatment m',medium,1.5,topic-general,1,1,
water treatment maintenance,water-treatment-purification,Google autocomplete: surfaced by 1 seed query (best position 6); e.g. 'water treatment m',medium,1.5,transactional-local,1,6,
water treatment rust,iron-sulfur-removal,Google autocomplete: surfaced by 1 seed query (best position 1); e.g. 'water treatment r',medium,1.5,topic-general,1,1,
water treatment uv light,uv-water-purification,Google autocomplete: surfaced by 1 seed query (best position 1); e.g. 'water treatment u',medium,1.5,topic-general,1,1,
water treatment warehouse,water-treatment-purification,Google autocomplete: surfaced by 1 seed query (best position 1); e.g. 'water treatment w',medium,1.5,topic-general,1,1,
water purification equipment,water-treatment-purification,Google autocomplete: surfaced by 1 seed query (best position 1); e.g. 'water purification e',medium,1.5,topic-general,1,1,
water purification machine,water-treatment-purification,Google autocomplete: surfaced by 1 seed query (best position 1); e.g. 'water purification m',medium,1.5,topic-general,1,1,
water purification reverse osmosis,reverse-osmosis,Google autocomplete: surfaced by 1 seed query (best position 1); e.g. 'water purification r',medium,1.5,topic-general,1,1,
water purification unit,water-treatment-purification,Google autocomplete: surfaced by 1 seed query (best position 1); e.g. 'water purification u',medium,1.5,topic-general,1,1,
hard water build up,hard-water-treatment,Google autocomplete: surfaced by 1 seed query (best position 1); e.g. 'hard water b',medium,1.5,topic-general,1,1,
hard water in my area,hard-water-treatment,Google autocomplete: surfaced by 1 seed query (best position 1); e.g. 'hard water i',medium,1.5,topic-general,1,1,
hard water kidney stones,hard-water-treatment,Google autocomplete: surfaced by 1 seed query (best position 1); e.g. 'hard water k',medium,1.5,topic-general,1,1,
hard water map,hard-water-treatment,Google autocomplete: surfaced by 1 seed query (best position 1); e.g. 'hard water m',medium,1.5,topic-general,1,1,
hard water ph,hard-water-treatment,Google autocomplete: surfaced by 1 seed query (best position 1); e.g. 'hard water p',medium,1.5,topic-general,1,1,
hard water quality,hard-water-treatment,Google autocomplete: surfaced by 1 seed query (best position 1); e.g. 'hard water q',medium,1.5,topic-general,1,1,
hard water us map,hard-water-treatment,Google autocomplete: surfaced by 1 seed query (best position 1); e.g. 'hard water u',medium,1.5,topic-general,1,1,
hard water yellow stains,hard-water-treatment,Google autocomplete: surfaced by 1 seed query (best position 1); e.g. 'hard water y',medium,1.5,topic-general,1,1,
hard water zip code,hard-water-treatment,Google autocomplete: surfaced by 1 seed query (best position 1); e.g. 'hard water z',medium,1.5,topic-general,1,1,
water purifier installation at home,water-treatment-purification,Google autocomplete: surfaced by 1 seed query (best position 6); e.g. 'water filter installation a',medium,1.5,transactional-local,1,6,
water purifier installation charges,water-treatment-purification,Google autocomplete: surfaced by 1 seed query (best position 6); e.g. 'water filter installation c',medium,1.5,transactional-local,1,6,
water purifier installation in kitchen,under-sink-drinking-water-filters,Google autocomplete: surfaced by 1 seed query (best position 6); e.g. 'water filter installation i',medium,1.5,transactional-local,1,6,
water filter system osmosis,reverse-osmosis,Google autocomplete: surfaced by 1 seed query (best position 1); e.g. 'water filter installation o',medium,1.5,topic-general,1,1,
water filter system reverse osmosis,reverse-osmosis,Google autocomplete: surfaced by 1 seed query (best position 1); e.g. 'water filter installation r',medium,1.5,topic-general,1,1,
water filter system whole house,whole-house-water-filtration,Google autocomplete: surfaced by 1 seed query (best position 1); e.g. 'water filter installation w',medium,1.5,topic-general,1,1,
xntong water filter installation,water-filter-installation,Google autocomplete: surfaced by 1 seed query (best position 6); e.g. 'water filter installation x',medium,1.5,transactional-local,1,6,
water filter system zip,water-treatment-purification,Google autocomplete: surfaced by 1 seed query (best position 1); e.g. 'water filter installation z',medium,1.5,topic-general,1,1,
water softener and installation near me,water-softener-installation,Google autocomplete: surfaced by 1 seed query (best position 6); e.g. 'water softener installation a',medium,1.5,transactional-local,1,6,
water softener installation companies near me,water-softener-installation,Google autocomplete: surfaced by 1 seed query (best position 6); e.g. 'water softener installation c',medium,1.5,transactional-local,1,6,
soft water tank installation,water-softener-systems,Google autocomplete: surfaced by 2 seed queries (best position 8); e.g. 'water softener installation j',medium,1.5,transactional-local,2,8,
water softener loop installation,water-softener-installation,Google autocomplete: surfaced by 1 seed query (best position 6); e.g. 'water softener installation l',medium,1.5,transactional-local,1,6,
water softener installation near me cost,water-softener-installation,Google autocomplete: surfaced by 1 seed query (best position 6); e.g. 'water softener installation m',medium,1.5,transactional-local,1,6,
water conditioner installers near me,salt-free-water-conditioner,Google autocomplete: surfaced by 1 seed query (best position 6); e.g. 'water softener installation n',medium,1.5,transactional-local,1,6,
water softener installation process,water-softener-installation,Google autocomplete: surfaced by 1 seed query (best position 6); e.g. 'water softener installation p',medium,1.5,transactional-local,1,6,
water softener installation system,water-softener-installation,Google autocomplete: surfaced by 1 seed query (best position 6); e.g. 'water softener installation s',medium,1.5,transactional-local,1,6,
iron filter and water softener for well water,iron-sulfur-removal,Google autocomplete: surfaced by 1 seed query (best position 1); e.g. 'iron filter a',medium,1.5,topic-general,1,1,
iron filter before water softener,iron-sulfur-removal,Google autocomplete: surfaced by 1 seed query (best position 1); e.g. 'iron filter b',medium,1.5,topic-general,1,1,
iron filter jacket,iron-sulfur-removal,Google autocomplete: surfaced by 1 seed query (best position 1); e.g. 'iron filter j',medium,1.5,topic-general,1,1,
iron filter lifespan,iron-sulfur-removal,Google autocomplete: surfaced by 1 seed query (best position 1); e.g. 'iron filter l',medium,1.5,topic-general,1,1,
iron filter nokta legend,iron-sulfur-removal,Google autocomplete: surfaced by 2 seed queries (best position 3); e.g. 'iron filter l',medium,1.5,topic-general,2,3,
iron filter opener,iron-sulfur-removal,Google autocomplete: surfaced by 1 seed query (best position 1); e.g. 'iron filter o',medium,1.5,topic-general,1,1,
iron filter system,iron-sulfur-removal,Google autocomplete: surfaced by 1 seed query (best position 1); e.g. 'iron filter s',medium,1.5,topic-general,1,1,
iron filter tank,iron-sulfur-removal,Google autocomplete: surfaced by 1 seed query (best position 1); e.g. 'iron filter t',medium,1.5,topic-general,1,1,
iron filter unit,iron-sulfur-removal,Google autocomplete: surfaced by 1 seed query (best position 1); e.g. 'iron filter u',medium,1.5,topic-general,1,1,
iron filter well water,iron-sulfur-removal,Google autocomplete: surfaced by 1 seed query (best position 1); e.g. 'iron filter w',medium,1.5,topic-general,1,1,
iron filter well water maintenance,iron-sulfur-removal,Google autocomplete: surfaced by 1 seed query (best position 6); e.g. 'iron filter w',medium,1.5,transactional-local,1,6,
ziron iron filter,iron-sulfur-removal,Google autocomplete: surfaced by 1 seed query (best position 1); e.g. 'iron filter z',medium,1.5,topic-general,1,1,
worthington water softener,water-softener-systems,Google autocomplete: surfaced by 1 seed query (best position 1); e.g. 'water softener worthington',medium,1.5,topic-general,1,1,
is columbus water hard or soft,hard-water-treatment,Google autocomplete: surfaced by 1 seed query (best position 1); e.g. 'is columbus water hard',medium,1.5,informational,1,1,
commercial water filtration system,commercial-water-treatment,Google autocomplete: surfaced by 1 seed query (best position 1); e.g. 'commercial water filtration',medium,1.5,topic-general,1,1,
sulfur smell in water,iron-sulfur-removal,Google autocomplete: surfaced by 1 seed query (best position 1); e.g. 'sulfur smell in water',medium,1.5,topic-general,1,1,
rotten egg smell water,iron-sulfur-removal,Google autocomplete: surfaced by 1 seed query (best position 1); e.g. 'rotten egg smell water',medium,1.5,topic-general,1,1,
nitrate water filter,contaminant-specific-filtration,Google autocomplete: surfaced by 1 seed query (best position 1); e.g. 'nitrate water filter',medium,1.5,topic-general,1,1,
arsenic water filter,contaminant-specific-filtration,Google autocomplete: surfaced by 1 seed query (best position 1); e.g. 'arsenic water filter',medium,1.5,topic-general,1,1,
whole house water filter cost estimate,whole-house-water-filtration,Google autocomplete: surfaced by 1 seed query (best position 4); e.g. 'whole house water filter cost',medium,1.4,commercial,1,4,
whole house water filter replacement cost,whole-house-water-filtration,Google autocomplete: surfaced by 2 seed queries (best position 7); e.g. 'whole house water filter r',medium,1.4,commercial,2,7,
best whole house water filter for well water,well-water-treatment,Google autocomplete: surfaced by 1 seed query (best position 4); e.g. 'best whole house water filter',medium,1.4,commercial,1,4,
water softener cost culligan,water-softener-installation,Google autocomplete: surfaced by 1 seed query (best position 4); e.g. 'water softener cost',medium,1.4,commercial,1,4,
water softener cost for house,water-softener-installation,Google autocomplete: surfaced by 2 seed queries (best position 5); e.g. 'water conditioning cost',medium,1.4,commercial,2,5,
best water softener salt,water-softener-systems,Google autocomplete: surfaced by 1 seed query (best position 4); e.g. 'best water softener',medium,1.4,commercial,1,4,
best reverse osmosis system for home,reverse-osmosis,Google autocomplete: surfaced by 1 seed query (best position 4); e.g. 'best reverse osmosis',medium,1.4,commercial,1,4,
well water purification system cost,well-water-treatment,Google autocomplete: surfaced by 1 seed query (best position 4); e.g. 'well water filtration cost',medium,1.4,commercial,1,4,
well water filter replacement cost,well-water-treatment,Google autocomplete: surfaced by 2 seed queries (best position 5); e.g. 'well water filtration cost',medium,1.4,commercial,2,5,
best well water filtration system for iron,iron-sulfur-removal,Google autocomplete: surfaced by 1 seed query (best position 4); e.g. 'best well water filtration',medium,1.4,commercial,1,4,
best water testing kits for drinking water,under-sink-drinking-water-filters,Google autocomplete: surfaced by 1 seed query (best position 4); e.g. 'best water testing',medium,1.4,commercial,1,4,
culligan aquasential whole home pfas water filter cost,pfas-removal,Google autocomplete: surfaced by 1 seed query (best position 4); e.g. 'pfas water filter cost',medium,1.4,commercial,1,4,
how much does it cost to have a water filter installed,water-filter-installation,Google autocomplete: surfaced by 2 seed queries (best position 3); e.g. 'water filter installation columbus',medium,1.4,informational,2,3,
best salt free water softener and filtration system,salt-free-water-conditioner,Google autocomplete: surfaced by 1 seed query (best position 4); e.g. 'best salt free water softener',medium,1.4,commercial,1,4,
uv water purification system cost,uv-water-purification,Google autocomplete: surfaced by 1 seed query (best position 4); e.g. 'uv water purification cost',medium,1.4,commercial,1,4,
best water treatment systems,water-treatment-purification,Google autocomplete: surfaced by 1 seed query (best position 4); e.g. 'best water treatment',medium,1.4,commercial,1,4,
water filtration vs reverse osmosis,reverse-osmosis,Google autocomplete: surfaced by 1 seed query (best position 4); e.g. 'water filtration v',medium,1.4,commercial,1,4,
whole house water filter brands,whole-house-water-filtration,Google autocomplete: surfaced by 1 seed query (best position 4); e.g. 'whole house water filter b',medium,1.4,commercial,1,4,
whole house water filter reviews,whole-house-water-filtration,Google autocomplete: surfaced by 1 seed query (best position 4); e.g. 'whole house water filter r',medium,1.4,commercial,1,4,
whole house water filtration cost per year,whole-house-water-filtration,Google autocomplete: surfaced by 1 seed query (best position 4); e.g. 'whole house water filter y',medium,1.4,commercial,1,4,
reverse osmosis bottled water brands,reverse-osmosis,Google autocomplete: surfaced by 1 seed query (best position 4); e.g. 'reverse osmosis b',medium,1.4,commercial,1,4,
reverse osmosis system cost,reverse-osmosis,Google autocomplete: surfaced by 1 seed query (best position 4); e.g. 'reverse osmosis s',medium,1.4,commercial,1,4,
reverse osmosis yearly cost,reverse-osmosis,Google autocomplete: surfaced by 1 seed query (best position 4); e.g. 'reverse osmosis y',medium,1.4,commercial,1,4,
well water filter reviews,well-water-treatment,Google autocomplete: surfaced by 1 seed query (best position 4); e.g. 'well water filtration r',medium,1.4,commercial,1,4,
water filter system vs reverse osmosis,reverse-osmosis,Google autocomplete: surfaced by 1 seed query (best position 4); e.g. 'water filter installation v',medium,1.4,commercial,1,4,
reverse osmosis,reverse-osmosis,Google autocomplete: surfaced by 1 seed query (best position 2); e.g. 'reverse osmosis',medium,1.35,topic-general,1,2,
iron filter,iron-sulfur-removal,Google autocomplete: surfaced by 1 seed query (best position 2); e.g. 'iron filter',medium,1.35,topic-general,1,2,
iron filter for well,iron-sulfur-removal,Google autocomplete: surfaced by 2 seed queries (best position 6); e.g. 'iron filter',medium,1.35,topic-general,2,6,
sulfur smell water,iron-sulfur-removal,Google autocomplete: surfaced by 1 seed query (best position 2); e.g. 'sulfur smell water',medium,1.35,topic-general,1,2,
pfas water filtration system for home,pfas-removal,Google autocomplete: surfaced by 1 seed query (best position 2); e.g. 'pfas water filter installation',medium,1.35,topic-general,1,2,
salt free water softener system,salt-free-water-conditioner,Google autocomplete: surfaced by 1 seed query (best position 2); e.g. 'salt free water softener',medium,1.35,topic-general,1,2,
uv water purification,uv-water-purification,Google autocomplete: surfaced by 1 seed query (best position 2); e.g. 'uv water purification',medium,1.35,topic-general,1,2,
ultra violet water purification system,water-treatment-purification,Google autocomplete: surfaced by 2 seed queries (best position 5); e.g. 'uv water purification',medium,1.35,topic-general,2,5,
water filtration and softener system for home,water-softener-systems,Google autocomplete: surfaced by 1 seed query (best position 2); e.g. 'water filtration a',medium,1.35,topic-general,1,2,
water filtration kitchen sink,under-sink-drinking-water-filters,Google autocomplete: surfaced by 1 seed query (best position 2); e.g. 'water filtration k',medium,1.35,topic-general,1,2,
water filtration leads,contaminant-specific-filtration,Google autocomplete: surfaced by 1 seed query (best position 2); e.g. 'water filtration l',medium,1.35,topic-general,1,2,
water filtration machine,water-treatment-purification,Google autocomplete: surfaced by 1 seed query (best position 2); e.g. 'water filtration m',medium,1.35,topic-general,1,2,
water filtration osmosis,reverse-osmosis,Google autocomplete: surfaced by 1 seed query (best position 2); e.g. 'water filtration o',medium,1.35,topic-general,1,2,
water filtration unit,water-treatment-purification,Google autocomplete: surfaced by 1 seed query (best position 2); e.g. 'water filtration u',medium,1.35,topic-general,1,2,
whole house water filter and softener combo,water-softener-systems,Google autocomplete: surfaced by 1 seed query (best position 2); e.g. 'whole house water filter a',medium,1.35,topic-general,1,2,
whole house water filter bracket,whole-house-water-filtration,Google autocomplete: surfaced by 1 seed query (best position 2); e.g. 'whole house water filter b',medium,1.35,topic-general,1,2,
whole house water filter easy change,whole-house-water-filtration,Google autocomplete: surfaced by 1 seed query (best position 2); e.g. 'whole house water filter e',medium,1.35,topic-general,1,2,
whole house water filter gets dirty fast,whole-house-water-filtration,Google autocomplete: surfaced by 1 seed query (best position 2); e.g. 'whole house water filter g',medium,1.35,topic-general,1,2,
whole house water filter keeps clogging,whole-house-water-filtration,Google autocomplete: surfaced by 1 seed query (best position 2); e.g. 'whole house water filter k',medium,1.35,topic-general,1,2,
whole house water filter mounting bracket,whole-house-water-filtration,Google autocomplete: surfaced by 1 seed query (best position 2); e.g. 'whole house water filter m',medium,1.35,topic-general,1,2,
whole house water filter outdoor,whole-house-water-filtration,Google autocomplete: surfaced by 1 seed query (best position 2); e.g. 'whole house water filter o',medium,1.35,topic-general,1,2,
whole house water filter pfas,pfas-removal,Google autocomplete: surfaced by 1 seed query (best position 2); e.g. 'whole house water filter p',medium,1.35,topic-general,1,2,
whole house water filter to remove iron,iron-sulfur-removal,Google autocomplete: surfaced by 1 seed query (best position 2); e.g. 'whole house water filter t',medium,1.35,topic-general,1,2,
whole house water filter uv light,uv-water-purification,Google autocomplete: surfaced by 1 seed query (best position 2); e.g. 'whole house water filter u',medium,1.35,topic-general,1,2,
safety zone whole house water filter,whole-house-water-filtration,Google autocomplete: surfaced by 1 seed query (best position 2); e.g. 'whole house water filter z',medium,1.35,topic-general,1,2,
water softener and filtration system,water-softener-systems,Google autocomplete: surfaced by 1 seed query (best position 2); e.g. 'water softener a',medium,1.35,topic-general,1,2,
water softener brine tank,water-softener-repair-service,Google autocomplete: surfaced by 1 seed query (best position 2); e.g. 'water softener b',medium,1.35,topic-general,1,2,
water softener filter,water-softener-systems,Google autocomplete: surfaced by 1 seed query (best position 2); e.g. 'water softener f',medium,1.35,topic-general,1,2,
water softener hardness level,water-softener-systems,Google autocomplete: surfaced by 1 seed query (best position 2); e.g. 'water softener h',medium,1.35,topic-general,1,2,
water softener loop,water-softener-installation,Google autocomplete: surfaced by 1 seed query (best position 2); e.g. 'water softener l',medium,1.35,topic-general,1,2,
water softener options,water-softener-systems,Google autocomplete: surfaced by 1 seed query (best position 2); e.g. 'water softener o',medium,1.35,topic-general,1,2,
water softener quick connect fittings,water-softener-systems,Google autocomplete: surfaced by 1 seed query (best position 2); e.g. 'water softener q',medium,1.35,topic-general,1,2,
water softener resin,water-softener-repair-service,Google autocomplete: surfaced by 1 seed query (best position 2); e.g. 'water softener r',medium,1.35,topic-general,1,2,
water softener using too much salt,water-softener-systems,Google autocomplete: surfaced by 1 seed query (best position 2); e.g. 'water softener u',medium,1.35,topic-general,1,2,
water softener whole house,water-softener-systems,Google autocomplete: surfaced by 1 seed query (best position 2); e.g. 'water softener w',medium,1.35,topic-general,1,2,
water softener fusion xt,water-softener-systems,Google autocomplete: surfaced by 1 seed query (best position 2); e.g. 'water softener x',medium,1.35,topic-general,1,2,
reverse osmosis countertop,reverse-osmosis,Google autocomplete: surfaced by 1 seed query (best position 2); e.g. 'reverse osmosis c',medium,1.35,topic-general,1,2,
reverse osmosis drinking water system,reverse-osmosis,Google autocomplete: surfaced by 1 seed query (best position 2); e.g. 'reverse osmosis d',medium,1.35,topic-general,1,2,
reverse osmosis faucet,reverse-osmosis,Google autocomplete: surfaced by 1 seed query (best position 2); e.g. 'reverse osmosis f',medium,1.35,topic-general,1,2,
reverse osmosis low pressure,reverse-osmosis,Google autocomplete: surfaced by 1 seed query (best position 2); e.g. 'reverse osmosis l',medium,1.35,topic-general,1,2,
reverse osmosis over the counter,reverse-osmosis,Google autocomplete: surfaced by 1 seed query (best position 2); e.g. 'reverse osmosis o',medium,1.35,topic-general,1,2,
reverse osmosis tank pressure,reverse-osmosis,Google autocomplete: surfaced by 1 seed query (best position 2); e.g. 'reverse osmosis t',medium,1.35,topic-general,1,2,
reverse osmosis under sink,reverse-osmosis,Google autocomplete: surfaced by 1 seed query (best position 2); e.g. 'reverse osmosis u',medium,1.35,topic-general,1,2,
reverse osmosis x12,reverse-osmosis,Google autocomplete: surfaced by 1 seed query (best position 2); e.g. 'reverse osmosis x',medium,1.35,topic-general,1,2,
reverse osmosis zip tap,reverse-osmosis,Google autocomplete: surfaced by 1 seed query (best position 2); e.g. 'reverse osmosis z',medium,1.35,topic-general,1,2,
well water softener and filtration,well-water-treatment,Google autocomplete: surfaced by 1 seed query (best position 2); e.g. 'well water filtration a',medium,1.35,topic-general,1,2,
well water filter before pressure tank,well-water-treatment,Google autocomplete: surfaced by 1 seed query (best position 2); e.g. 'well water filtration b',medium,1.35,topic-general,1,2,
well water filtration for home,well-water-treatment,Google autocomplete: surfaced by 1 seed query (best position 2); e.g. 'well water filtration f',medium,1.35,topic-general,1,2,
well water filtration iron,iron-sulfur-removal,Google autocomplete: surfaced by 1 seed query (best position 2); e.g. 'well water filtration i',medium,1.35,topic-general,1,2,
well water filter keeps clogging,well-water-treatment,Google autocomplete: surfaced by 1 seed query (best position 2); e.g. 'well water filtration k',medium,1.35,topic-general,1,2,
well water filtration media,well-water-treatment,Google autocomplete: surfaced by 1 seed query (best position 2); e.g. 'well water filtration m',medium,1.35,topic-general,1,2,
well water filtration order,well-water-treatment,Google autocomplete: surfaced by 1 seed query (best position 2); e.g. 'well water filtration o',medium,1.35,topic-general,1,2,
well water filter replacement,well-water-treatment,Google autocomplete: surfaced by 1 seed query (best position 2); e.g. 'well water filtration r',medium,1.35,topic-general,1,2,
well water filter types,well-water-treatment,Google autocomplete: surfaced by 1 seed query (best position 2); e.g. 'well water filtration t',medium,1.35,topic-general,1,2,
well water filter under sink,well-water-treatment,Google autocomplete: surfaced by 1 seed query (best position 2); e.g. 'well water filtration u',medium,1.35,topic-general,1,2,
water testing equipment,water-testing,Google autocomplete: surfaced by 1 seed query (best position 2); e.g. 'water testing e',medium,1.35,topic-general,1,2,
water testing for well water,well-water-treatment,Google autocomplete: surfaced by 1 seed query (best position 2); e.g. 'water testing f',medium,1.35,topic-general,1,2,
water testing meter,water-testing,Google autocomplete: surfaced by 1 seed query (best position 2); e.g. 'water testing m',medium,1.35,topic-general,1,2,
water testing well water,well-water-treatment,Google autocomplete: surfaced by 1 seed query (best position 2); e.g. 'water testing w',medium,1.35,topic-general,1,2,
xylem water testing,water-testing,Google autocomplete: surfaced by 1 seed query (best position 2); e.g. 'water testing x',medium,1.35,topic-general,1,2,
water treatment blue card rust,iron-sulfur-removal,Google autocomplete: surfaced by 1 seed query (best position 2); e.g. 'water treatment b',medium,1.35,topic-general,1,2,
water treatment systems for home,water-treatment-purification,Google autocomplete: surfaced by 1 seed query (best position 2); e.g. 'water treatment s',medium,1.35,topic-general,1,2,
water purification home,water-treatment-purification,Google autocomplete: surfaced by 1 seed query (best position 2); e.g. 'water purification h',medium,1.35,topic-general,1,2,
water purification uv light,uv-water-purification,Google autocomplete: surfaced by 1 seed query (best position 2); e.g. 'water purification u',medium,1.35,topic-general,1,2,
water purification whole house,whole-house-water-filtration,Google autocomplete: surfaced by 1 seed query (best position 2); e.g. 'water purification w',medium,1.35,topic-general,1,2,
hard water jay garrick,hard-water-treatment,Google autocomplete: surfaced by 1 seed query (best position 2); e.g. 'hard water j',medium,1.35,topic-general,1,2,
hard water levels,hard-water-treatment,Google autocomplete: surfaced by 1 seed query (best position 2); e.g. 'hard water l',medium,1.35,topic-general,1,2,
hard water quartz countertop,hard-water-treatment,Google autocomplete: surfaced by 1 seed query (best position 2); e.g. 'hard water q',medium,1.35,topic-general,1,2,
hard water under sink filter,hard-water-treatment,Google autocomplete: surfaced by 1 seed query (best position 2); e.g. 'hard water u',medium,1.35,topic-general,1,2,
hard water zip code lookup,hard-water-treatment,Google autocomplete: surfaced by 1 seed query (best position 2); e.g. 'hard water z',medium,1.35,topic-general,1,2,
water filter system everpure,water-treatment-purification,Google autocomplete: surfaced by 1 seed query (best position 2); e.g. 'water filter installation e',medium,1.35,topic-general,1,2,
water filter system home,water-treatment-purification,Google autocomplete: surfaced by 1 seed query (best position 2); e.g. 'water filter installation h',medium,1.35,topic-general,1,2,
water filter system outdoor,water-treatment-purification,Google autocomplete: surfaced by 1 seed query (best position 2); e.g. 'water filter installation o',medium,1.35,topic-general,1,2,
water filter system ro,reverse-osmosis,Google autocomplete: surfaced by 1 seed query (best position 2); e.g. 'water filter installation r',medium,1.35,topic-general,1,2,
water filter system for your home,water-treatment-purification,Google autocomplete: surfaced by 1 seed query (best position 2); e.g. 'water filter installation y',medium,1.35,topic-general,1,2,
water filter system zero,water-treatment-purification,Google autocomplete: surfaced by 1 seed query (best position 2); e.g. 'water filter installation z',medium,1.35,topic-general,1,2,
iron filter and water softener,iron-sulfur-removal,Google autocomplete: surfaced by 1 seed query (best position 2); e.g. 'iron filter a',medium,1.35,topic-general,1,2,
iron filter backwash,iron-sulfur-removal,Google autocomplete: surfaced by 1 seed query (best position 2); e.g. 'iron filter b',medium,1.35,topic-general,1,2,
iron filter discharge,iron-sulfur-removal,Google autocomplete: surfaced by 1 seed query (best position 2); e.g. 'iron filter d',medium,1.35,topic-general,1,2,
iron filter drain line,iron-sulfur-removal,Google autocomplete: surfaced by 2 seed queries (best position 3); e.g. 'iron filter d',medium,1.35,topic-general,2,3,
iron filter green sand,iron-sulfur-removal,Google autocomplete: surfaced by 1 seed query (best position 2); e.g. 'iron filter g',medium,1.35,topic-general,1,2,
iron filter hose attachment,iron-sulfur-removal,Google autocomplete: surfaced by 1 seed query (best position 2); e.g. 'iron filter h',medium,1.35,topic-general,1,2,
iron filter media replacement,iron-sulfur-removal,Google autocomplete: surfaced by 1 seed query (best position 2); e.g. 'iron filter m',medium,1.35,topic-general,1,2,
iron filter or softener first,iron-sulfur-removal,Google autocomplete: surfaced by 1 seed query (best position 2); e.g. 'iron filter o',medium,1.35,topic-general,1,2,
iron filter resin replacement,iron-sulfur-removal,Google autocomplete: surfaced by 1 seed query (best position 2); e.g. 'iron filter r',medium,1.35,topic-general,1,2,
iron filter tap,iron-sulfur-removal,Google autocomplete: surfaced by 1 seed query (best position 2); e.g. 'iron filter t',medium,1.35,topic-general,1,2,
iron filter under sink,iron-sulfur-removal,Google autocomplete: surfaced by 1 seed query (best position 2); e.g. 'iron filter u',medium,1.35,topic-general,1,2,
iron filter valve,iron-sulfur-removal,Google autocomplete: surfaced by 1 seed query (best position 2); e.g. 'iron filter v',medium,1.35,topic-general,1,2,
iron filter water softener,iron-sulfur-removal,Google autocomplete: surfaced by 1 seed query (best position 2); e.g. 'iron filter w',medium,1.35,topic-general,1,2,
zentec iron filter,iron-sulfur-removal,Google autocomplete: surfaced by 1 seed query (best position 2); e.g. 'iron filter z',medium,1.35,topic-general,1,2,
easiest water softener to maintain,water-softener-systems,Google autocomplete: surfaced by 1 seed query (best position 2); e.g. 'water softener worthington',medium,1.35,topic-general,1,2,
is columbus water hard,hard-water-treatment,Google autocomplete: surfaced by 1 seed query (best position 2); e.g. 'is columbus water hard',medium,1.35,informational,1,2,
water wells ohiodnr,well-water-treatment,Google autocomplete: surfaced by 1 seed query (best position 2); e.g. 'well water ohio',medium,1.35,topic-general,1,2,
water well locator ohio,well-water-treatment,Google autocomplete: surfaced by 1 seed query (best position 8); e.g. 'well water ohio',medium,1.35,transactional-local,1,8,
commercial water filtration,commercial-water-treatment,Google autocomplete: surfaced by 1 seed query (best position 2); e.g. 'commercial water filtration',medium,1.35,topic-general,1,2,
tankless water heater columbus ohio,adjacent-water-heater-OUT-OF-SCOPE,Google autocomplete: surfaced by 1 seed query (best position 8); e.g. 'water heater columbus',low,1.35,transactional-local,1,8,
sulfur smell in water heater,iron-sulfur-removal,Google autocomplete: surfaced by 1 seed query (best position 2); e.g. 'sulfur smell in water',medium,1.35,topic-general,1,2,
rotten egg smell water heater,iron-sulfur-removal,Google autocomplete: surfaced by 1 seed query (best position 2); e.g. 'rotten egg smell water',medium,1.35,topic-general,1,2,
arsenic water filter system,contaminant-specific-filtration,Google autocomplete: surfaced by 1 seed query (best position 2); e.g. 'arsenic water filter',medium,1.35,topic-general,1,2,
how much is it to get water tested,water-testing,Google autocomplete: surfaced by 2 seed queries (best position 3); e.g. 'water testing installation',medium,1.3,informational,2,3,
water filtration system for sink,water-treatment-purification,Google autocomplete: surfaced by 2 seed queries (best position 6); e.g. 'water filtration',medium,1.2,topic-general,2,6,
filtered water companies,water-treatment-purification,Google autocomplete: surfaced by 1 seed query (best position 7); e.g. 'water filtration columbus',medium,1.2,transactional-local,1,7,
water filter near me for sink,water-treatment-purification,Google autocomplete: surfaced by 2 seed queries (best position 8); e.g. 'water filter near me',medium,1.2,transactional-local,2,8,
water filter repair kit,water-treatment-purification,Google autocomplete: surfaced by 1 seed query (best position 7); e.g. 'water filtration repair',medium,1.2,transactional-local,1,7,
whole house water filter system with softener,water-softener-systems,Google autocomplete: surfaced by 2 seed queries (best position 5); e.g. 'whole house water filter installation',medium,1.2,topic-general,2,5,
best whole house water filter and softener,water-softener-systems,Google autocomplete: surfaced by 1 seed query (best position 5); e.g. 'best whole house water filter',medium,1.2,commercial,1,5,
water softeners near me within 20 mi,water-softener-installation,Google autocomplete: surfaced by 1 seed query (best position 7); e.g. 'water softener near me',medium,1.2,transactional-local,1,7,
water softener repairs in my area,water-softener-repair-service,Google autocomplete: surfaced by 1 seed query (best position 7); e.g. 'water softener repair',medium,1.2,transactional-local,1,7,
best water softener for well water,well-water-treatment,Google autocomplete: surfaced by 1 seed query (best position 5); e.g. 'best water softener',medium,1.2,commercial,1,5,
culligan water softener repair service,water-softener-repair-service,Google autocomplete: surfaced by 1 seed query (best position 7); e.g. 'water softener repair repair',medium,1.2,transactional-local,1,7,
reverse osmosis system installation,reverse-osmosis,Google autocomplete: surfaced by 2 seed queries (best position 8); e.g. 'reverse osmosis installation',medium,1.2,transactional-local,2,8,
reverse osmosis service,reverse-osmosis,Google autocomplete: surfaced by 1 seed query (best position 7); e.g. 'reverse osmosis repair',medium,1.2,transactional-local,1,7,
best reverse osmosis system for whole house,reverse-osmosis,Google autocomplete: surfaced by 1 seed query (best position 5); e.g. 'best reverse osmosis',medium,1.2,commercial,1,5,
reverse osmosis water filter installation cost,reverse-osmosis,Google autocomplete: surfaced by 1 seed query (best position 7); e.g. 'ro system installation cost',medium,1.2,transactional-local,1,7,
well water purifier cost,well-water-treatment,Google autocomplete: surfaced by 1 seed query (best position 5); e.g. 'well water filtration cost',medium,1.2,commercial,1,5,
well water filtration system cost near me,well-water-treatment,Google autocomplete: surfaced by 1 seed query (best position 7); e.g. 'well water filtration cost',medium,1.2,transactional-local,1,7,
wells mini water purifier installation,well-water-treatment,Google autocomplete: surfaced by 1 seed query (best position 7); e.g. 'well water filtration installation',medium,1.2,transactional-local,1,7,
well water filtration system service,well-water-treatment,Google autocomplete: surfaced by 1 seed query (best position 7); e.g. 'well water filtration repair',medium,1.2,transactional-local,1,7,
best well water filtration,well-water-treatment,Google autocomplete: surfaced by 1 seed query (best position 5); e.g. 'best well water filtration',medium,1.2,commercial,1,5,
water testing near me within 5 mi,water-testing,Google autocomplete: surfaced by 1 seed query (best position 7); e.g. 'water testing near me',medium,1.2,transactional-local,1,7,
best water testing lab near me,water-testing,Google autocomplete: surfaced by 1 seed query (best position 7); e.g. 'best water testing',medium,1.2,transactional-local,1,7,
hard water filter near me,hard-water-treatment,Google autocomplete: surfaced by 1 seed query (best position 7); e.g. 'hard water near me',medium,1.2,transactional-local,1,7,
soft water cost estimate,water-softener-systems,Google autocomplete: surfaced by 1 seed query (best position 5); e.g. 'hard water cost',medium,1.2,commercial,1,5,
iron and sulfur filter installation,iron-sulfur-removal,Google autocomplete: surfaced by 1 seed query (best position 7); e.g. 'iron filter installation',medium,1.2,transactional-local,1,7,
best iron filter system for well water,iron-sulfur-removal,Google autocomplete: surfaced by 1 seed query (best position 5); e.g. 'best iron filter',medium,1.2,commercial,1,5,
what to do about sulfur smell in water,iron-sulfur-removal,Google autocomplete: surfaced by 2 seed queries (best position 4); e.g. 'best sulfur smell water',medium,1.2,informational,2,4,
pfas water filter whole house,pfas-removal,Google autocomplete: surfaced by 1 seed query (best position 3); e.g. 'pfas water filter',medium,1.2,topic-general,1,3,
pfas armor water filter system,pfas-removal,Google autocomplete: surfaced by 1 seed query (best position 3); e.g. 'pfas water filter installation',medium,1.2,topic-general,1,3,
best pfas water filter under sink,pfas-removal,Google autocomplete: surfaced by 1 seed query (best position 5); e.g. 'best pfas water filter',medium,1.2,commercial,1,5,
water filter change cost,water-treatment-purification,Google autocomplete: surfaced by 1 seed query (best position 5); e.g. 'water filter installation cost',medium,1.2,commercial,1,5,
water purifier installation cost,water-treatment-purification,Google autocomplete: surfaced by 1 seed query (best position 7); e.g. 'water filter installation cost',medium,1.2,transactional-local,1,7,
water conditioning,salt-free-water-conditioner,Google autocomplete: surfaced by 1 seed query (best position 3); e.g. 'water conditioning',medium,1.2,topic-general,1,3,
is columbus water safe to drink,water-testing,Google autocomplete: surfaced by 2 seed queries (best position 7); e.g. 'is columbus water hard',medium,1.2,informational,2,7,
culligan salt free water softener cost,salt-free-water-conditioner,Google autocomplete: surfaced by 1 seed query (best position 5); e.g. 'salt free water softener cost',medium,1.2,commercial,1,5,
does a salt free water softener work,salt-free-water-conditioner,Google autocomplete: surfaced by 2 seed queries (best position 5); e.g. 'salt free water softener installation',medium,1.2,informational,2,5,
best salt free water softener for well water,well-water-treatment,Google autocomplete: surfaced by 1 seed query (best position 5); e.g. 'best salt free water softener',medium,1.2,commercial,1,5,
uv water purification disadvantages,uv-water-purification,Google autocomplete: surfaced by 1 seed query (best position 3); e.g. 'uv water purification',medium,1.2,topic-general,1,3,
how effective is uv water treatment,uv-water-purification,Google autocomplete: surfaced by 2 seed queries (best position 4); e.g. 'uv water purification near me',medium,1.2,informational,2,4,
best uv water purifier for home,uv-water-purification,Google autocomplete: surfaced by 1 seed query (best position 5); e.g. 'best uv water purification',medium,1.2,commercial,1,5,
under sink water filter reverse osmosis,reverse-osmosis,Google autocomplete: surfaced by 1 seed query (best position 3); e.g. 'under sink water filter',medium,1.2,topic-general,1,3,
kitchen sink water filter cost,under-sink-drinking-water-filters,Google autocomplete: surfaced by 1 seed query (best position 5); e.g. 'under sink water filter cost',medium,1.2,commercial,1,5,
under sink water filter maintenance,under-sink-drinking-water-filters,Google autocomplete: surfaced by 1 seed query (best position 7); e.g. 'under sink water filter repair',medium,1.2,transactional-local,1,7,
best under sink water filter for apartment,commercial-water-treatment,Google autocomplete: surfaced by 1 seed query (best position 5); e.g. 'best under sink water filter',medium,1.2,commercial,1,5,
best water treatment for well water,well-water-treatment,Google autocomplete: surfaced by 1 seed query (best position 5); e.g. 'best water treatment',medium,1.2,commercial,1,5,
best water treatment companies,water-treatment-purification,Google autocomplete: surfaced by 1 seed query (best position 7); e.g. 'best water treatment',medium,1.2,transactional-local,1,7,
how much does it cost to install a water purification system,water-treatment-purification,Google autocomplete: surfaced by 2 seed queries (best position 3); e.g. 'water purification installation',medium,1.2,informational,2,3,
water filtration and purification system,water-treatment-purification,Google autocomplete: surfaced by 1 seed query (best position 3); e.g. 'water filtration a',medium,1.2,topic-general,1,3,
water filtration for home,water-treatment-purification,Google autocomplete: surfaced by 1 seed query (best position 3); e.g. 'water filtration f',medium,1.2,topic-general,1,3,
water filtration home,water-treatment-purification,Google autocomplete: surfaced by 1 seed query (best position 3); e.g. 'water filtration h',medium,1.2,topic-general,1,3,
water filtration machine subnautica below zero,water-treatment-purification,Google autocomplete: surfaced by 1 seed query (best position 3); e.g. 'water filtration m',medium,1.2,topic-general,1,3,
water filtration options for home,water-treatment-purification,Google autocomplete: surfaced by 1 seed query (best position 3); e.g. 'water filtration o',medium,1.2,topic-general,1,3,
water filtration under kitchen sink,under-sink-drinking-water-filters,Google autocomplete: surfaced by 1 seed query (best position 3); e.g. 'water filtration u',medium,1.2,topic-general,1,3,
water filtration with uv light,uv-water-purification,Google autocomplete: surfaced by 1 seed query (best position 3); e.g. 'water filtration w',medium,1.2,topic-general,1,3,
whole house water filter and softener cost,water-softener-installation,Google autocomplete: surfaced by 1 seed query (best position 5); e.g. 'whole house water filter a',medium,1.2,commercial,1,5,
whole house water filter bypass,whole-house-water-filtration,Google autocomplete: surfaced by 1 seed query (best position 3); e.g. 'whole house water filter b',medium,1.2,topic-general,1,3,
whole house water filter best,whole-house-water-filtration,Google autocomplete: surfaced by 1 seed query (best position 5); e.g. 'whole house water filter b',medium,1.2,commercial,1,5,
whole house water filter company,whole-house-water-filtration,Google autocomplete: surfaced by 1 seed query (best position 7); e.g. 'whole house water filter c',medium,1.2,transactional-local,1,7,
whole house water filter east midlands,whole-house-water-filtration,Google autocomplete: surfaced by 1 seed query (best position 3); e.g. 'whole house water filter e',medium,1.2,topic-general,1,3,
whole house water filter for hard water,hard-water-treatment,Google autocomplete: surfaced by 1 seed query (best position 3); e.g. 'whole house water filter f',medium,1.2,topic-general,1,3,
whole house water filter leaking,whole-house-water-filtration,Google autocomplete: surfaced by 1 seed query (best position 3); e.g. 'whole house water filter l',medium,1.2,topic-general,1,3,
whole house water filter options,whole-house-water-filtration,Google autocomplete: surfaced by 1 seed query (best position 3); e.g. 'whole house water filter o',medium,1.2,topic-general,1,3,
whole house water filter clogs quickly,whole-house-water-filtration,Google autocomplete: surfaced by 1 seed query (best position 3); e.g. 'whole house water filter q',medium,1.2,topic-general,1,3,
whole house water filter types,whole-house-water-filtration,Google autocomplete: surfaced by 1 seed query (best position 3); e.g. 'whole house water filter t',medium,1.2,topic-general,1,3,
whole house water filter with uv light,uv-water-purification,Google autocomplete: surfaced by 1 seed query (best position 3); e.g. 'whole house water filter w',medium,1.2,topic-general,1,3,
whole house water filter 10 year,whole-house-water-filtration,Google autocomplete: surfaced by 1 seed query (best position 3); e.g. 'whole house water filter y',medium,1.2,topic-general,1,3,
water softener air gap,water-softener-systems,Google autocomplete: surfaced by 1 seed query (best position 3); e.g. 'water softener a',medium,1.2,topic-general,1,3,
water softener drain hose,water-softener-systems,Google autocomplete: surfaced by 1 seed query (best position 3); e.g. 'water softener d',medium,1.2,topic-general,1,3,
water softener for well water,well-water-treatment,Google autocomplete: surfaced by 1 seed query (best position 3); e.g. 'water softener f',medium,1.2,topic-general,1,3,
water softener grains,water-softener-systems,Google autocomplete: surfaced by 1 seed query (best position 3); e.g. 'water softener g',medium,1.2,topic-general,1,3,
water softener hose,water-softener-systems,Google autocomplete: surfaced by 1 seed query (best position 3); e.g. 'water softener h',medium,1.2,topic-general,1,3,
water softener leaking,water-softener-repair-service,Google autocomplete: surfaced by 1 seed query (best position 3); e.g. 'water softener l',medium,1.2,topic-general,1,3,
water softener not using salt,water-softener-systems,Google autocomplete: surfaced by 1 seed query (best position 3); e.g. 'water softener n',medium,1.2,topic-general,1,3,
water softener quit working,water-softener-repair-service,Google autocomplete: surfaced by 1 seed query (best position 3); e.g. 'water softener q',medium,1.2,topic-general,1,3,
water softener regeneration,water-softener-repair-service,Google autocomplete: surfaced by 1 seed query (best position 3); e.g. 'water softener r',medium,1.2,topic-general,1,3,
water softener rental near me,water-softener-installation,Google autocomplete: surfaced by 1 seed query (best position 7); e.g. 'water softener r',medium,1.2,transactional-local,1,7,
water softener under sink,water-softener-systems,Google autocomplete: surfaced by 1 seed query (best position 3); e.g. 'water softener u',medium,1.2,topic-general,1,3,
water softener vs water filtration,water-softener-systems,Google autocomplete: surfaced by 1 seed query (best position 5); e.g. 'water softener v',medium,1.2,commercial,1,5,
water softener with carbon filter,water-softener-systems,Google autocomplete: surfaced by 1 seed query (best position 3); e.g. 'water softener w',medium,1.2,topic-general,1,3,
ao smith water softener xl 40000,water-softener-systems,Google autocomplete: surfaced by 1 seed query (best position 3); e.g. 'water softener x',medium,1.2,topic-general,1,3,
reverse osmosis booster pump,reverse-osmosis,Google autocomplete: surfaced by 1 seed query (best position 3); e.g. 'reverse osmosis b',medium,1.2,topic-general,1,3,
reverse osmosis countertop water filter,reverse-osmosis,Google autocomplete: surfaced by 1 seed query (best position 3); e.g. 'reverse osmosis c',medium,1.2,topic-general,1,3,
reverse osmosis company,reverse-osmosis,Google autocomplete: surfaced by 1 seed query (best position 7); e.g. 'reverse osmosis c',medium,1.2,transactional-local,1,7,
reverse osmosis expansion tank,reverse-osmosis,Google autocomplete: surfaced by 1 seed query (best position 3); e.g. 'reverse osmosis e',medium,1.2,topic-general,1,3,
reverse osmosis filter replacement,reverse-osmosis,Google autocomplete: surfaced by 1 seed query (best position 3); e.g. 'reverse osmosis f',medium,1.2,topic-general,1,3,
reverse osmosis gold faucet,reverse-osmosis,Google autocomplete: surfaced by 1 seed query (best position 3); e.g. 'reverse osmosis g',medium,1.2,topic-general,1,3,
reverse osmosis kitchen sink,reverse-osmosis,Google autocomplete: surfaced by 1 seed query (best position 3); e.g. 'reverse osmosis k',medium,1.2,topic-general,1,3,
reverse osmosis low water pressure,reverse-osmosis,Google autocomplete: surfaced by 1 seed query (best position 3); e.g. 'reverse osmosis l',medium,1.2,topic-general,1,3,
reverse osmosis or water softener,reverse-osmosis,Google autocomplete: surfaced by 1 seed query (best position 3); e.g. 'reverse osmosis o',medium,1.2,topic-general,1,3,
reverse osmosis pressure tank,reverse-osmosis,Google autocomplete: surfaced by 1 seed query (best position 3); e.g. 'reverse osmosis p',medium,1.2,topic-general,1,3,
reverse osmosis system under sink,reverse-osmosis,Google autocomplete: surfaced by 1 seed query (best position 3); e.g. 'reverse osmosis s',medium,1.2,topic-general,1,3,
reverse osmosis table top water filter,reverse-osmosis,Google autocomplete: surfaced by 1 seed query (best position 5); e.g. 'reverse osmosis t',medium,1.2,commercial,1,5,
reverse osmosis under sink system,reverse-osmosis,Google autocomplete: surfaced by 1 seed query (best position 3); e.g. 'reverse osmosis u',medium,1.2,topic-general,1,3,
reverse osmosis vs osmosis,reverse-osmosis,Google autocomplete: surfaced by 1 seed query (best position 5); e.g. 'reverse osmosis v',medium,1.2,commercial,1,5,
reverse osmosis x16,reverse-osmosis,Google autocomplete: surfaced by 1 seed query (best position 3); e.g. 'reverse osmosis x',medium,1.2,topic-general,1,3,
reverse osmosis yield,reverse-osmosis,Google autocomplete: surfaced by 1 seed query (best position 3); e.g. 'reverse osmosis y',medium,1.2,topic-general,1,3,
reverse osmosis zero water,reverse-osmosis,Google autocomplete: surfaced by 1 seed query (best position 3); e.g. 'reverse osmosis z',medium,1.2,topic-general,1,3,
well water filter and softener,well-water-treatment,Google autocomplete: surfaced by 1 seed query (best position 3); e.g. 'well water filtration a',medium,1.2,topic-general,1,3,
well water filter black,well-water-treatment,Google autocomplete: surfaced by 1 seed query (best position 3); e.g. 'well water filtration b',medium,1.2,topic-general,1,3,
well water drinking filtration system,well-water-treatment,Google autocomplete: surfaced by 1 seed query (best position 3); e.g. 'well water filtration d',medium,1.2,topic-general,1,3,
what is the best water filter for a well,well-water-treatment,Google autocomplete: surfaced by 2 seed queries (best position 3); e.g. 'well water filtration e',medium,1.2,informational,2,3,
well water filter for house,well-water-treatment,Google autocomplete: surfaced by 1 seed query (best position 3); e.g. 'well water filtration f',medium,1.2,topic-general,1,3,
well water filter leaking,well-water-treatment,Google autocomplete: surfaced by 1 seed query (best position 3); e.g. 'well water filtration l',medium,1.2,topic-general,1,3,
well water filter o ring,well-water-treatment,Google autocomplete: surfaced by 1 seed query (best position 3); e.g. 'well water filtration o',medium,1.2,topic-general,1,3,
well water filter turns black,well-water-treatment,Google autocomplete: surfaced by 1 seed query (best position 3); e.g. 'well water filtration t',medium,1.2,topic-general,1,3,
well water filter uv,uv-water-purification,Google autocomplete: surfaced by 1 seed query (best position 3); e.g. 'well water filtration u',medium,1.2,topic-general,1,3,
well water uv filter system cost,uv-water-purification,Google autocomplete: surfaced by 1 seed query (best position 5); e.g. 'well water filtration u',medium,1.2,commercial,1,5,
well water filter whole house,well-water-treatment,Google autocomplete: surfaced by 1 seed query (best position 3); e.g. 'well water filtration w',medium,1.2,topic-general,1,3,
water testing laboratory,water-testing,Google autocomplete: surfaced by 1 seed query (best position 3); e.g. 'water testing l',medium,1.2,topic-general,1,3,
water testing mail in,water-testing,Google autocomplete: surfaced by 1 seed query (best position 3); e.g. 'water testing m',medium,1.2,topic-general,1,3,
water testing quality,water-testing,Google autocomplete: surfaced by 1 seed query (best position 3); e.g. 'water testing q',medium,1.2,topic-general,1,3,
water testing results by zip code,water-testing,Google autocomplete: surfaced by 1 seed query (best position 3); e.g. 'water testing r',medium,1.2,topic-general,1,3,
water testing strips for drinking water,under-sink-drinking-water-filters,Google autocomplete: surfaced by 1 seed query (best position 3); e.g. 'water testing s',medium,1.2,topic-general,1,3,
water testing uwsp,water-testing,Google autocomplete: surfaced by 1 seed query (best position 3); e.g. 'water testing u',medium,1.2,topic-general,1,3,
water analysis zip code,water-testing,Google autocomplete: surfaced by 1 seed query (best position 3); e.g. 'water testing z',medium,1.2,topic-general,1,3,
water treatment equipment inc,water-treatment-purification,Google autocomplete: surfaced by 1 seed query (best position 3); e.g. 'water treatment e',medium,1.2,topic-general,1,3,
water treatment for home,water-treatment-purification,Google autocomplete: surfaced by 1 seed query (best position 3); e.g. 'water treatment f',medium,1.2,topic-general,1,3,
water treatment home,water-treatment-purification,Google autocomplete: surfaced by 1 seed query (best position 3); e.g. 'water treatment h',medium,1.2,topic-general,1,3,
water treatment specialist,water-treatment-purification,Google autocomplete: surfaced by 1 seed query (best position 3); e.g. 'water treatment s',medium,1.2,topic-general,1,3,
water treatment services near me,water-treatment-purification,Google autocomplete: surfaced by 1 seed query (best position 7); e.g. 'water treatment s',medium,1.2,transactional-local,1,7,
water purification at home,water-treatment-purification,Google autocomplete: surfaced by 1 seed query (best position 3); e.g. 'water purification a',medium,1.2,topic-general,1,3,
water purification home system,water-treatment-purification,Google autocomplete: surfaced by 1 seed query (best position 3); e.g. 'water purification h',medium,1.2,topic-general,1,3,
water purification under sink,under-sink-drinking-water-filters,Google autocomplete: surfaced by 1 seed query (best position 3); e.g. 'water purification u',medium,1.2,topic-general,1,3,
hard water deposits,hard-water-treatment,Google autocomplete: surfaced by 1 seed query (best position 3); e.g. 'hard water d',medium,1.2,topic-general,1,3,
hard water filter for shower,hard-water-treatment,Google autocomplete: surfaced by 1 seed query (best position 3); e.g. 'hard water f',medium,1.2,topic-general,1,3,
hard water kitchen faucet,hard-water-treatment,Google autocomplete: surfaced by 1 seed query (best position 3); e.g. 'hard water k',medium,1.2,topic-general,1,3,
hard water lounge,hard-water-treatment,Google autocomplete: surfaced by 1 seed query (best position 3); e.g. 'hard water l',medium,1.2,topic-general,1,3,
hard water map usa,hard-water-treatment,Google autocomplete: surfaced by 1 seed query (best position 3); e.g. 'hard water m',medium,1.2,topic-general,1,3,
hard water test strips,hard-water-treatment,Google autocomplete: surfaced by 1 seed query (best position 3); e.g. 'hard water t',medium,1.2,topic-general,1,3,
hard water upset stomach,hard-water-treatment,Google autocomplete: surfaced by 1 seed query (best position 3); e.g. 'hard water u',medium,1.2,topic-general,1,3,
hard water vs soft water shower,water-softener-systems,Google autocomplete: surfaced by 1 seed query (best position 5); e.g. 'hard water v',medium,1.2,commercial,1,5,
hard water washing machine,hard-water-treatment,Google autocomplete: surfaced by 1 seed query (best position 3); e.g. 'hard water w',medium,1.2,topic-general,1,3,
hard water zip code map,hard-water-treatment,Google autocomplete: surfaced by 1 seed query (best position 3); e.g. 'hard water z',medium,1.2,topic-general,1,3,
water purifier installation and service,water-treatment-purification,Google autocomplete: surfaced by 1 seed query (best position 7); e.g. 'water filter installation a',medium,1.2,transactional-local,1,7,
water filter system easy,water-treatment-purification,Google autocomplete: surfaced by 1 seed query (best position 3); e.g. 'water filter installation e',medium,1.2,topic-general,1,3,
water filter system for home,water-treatment-purification,Google autocomplete: surfaced by 1 seed query (best position 3); e.g. 'water filter installation f',medium,1.2,topic-general,1,3,
water filter system house,water-treatment-purification,Google autocomplete: surfaced by 1 seed query (best position 3); e.g. 'water filter installation h',medium,1.2,topic-general,1,3,
water filter system b&q,water-treatment-purification,Google autocomplete: surfaced by 1 seed query (best position 3); e.g. 'water filter installation q',medium,1.2,topic-general,1,3,
water filter system under sink,under-sink-drinking-water-filters,Google autocomplete: surfaced by 1 seed query (best position 3); e.g. 'water filter installation u',medium,1.2,topic-general,1,3,
water filter system virgin,water-treatment-purification,Google autocomplete: surfaced by 1 seed query (best position 3); e.g. 'water filter installation v',medium,1.2,topic-general,1,3,
water filter system with uv,uv-water-purification,Google autocomplete: surfaced by 1 seed query (best position 3); e.g. 'water filter installation w',medium,1.2,topic-general,1,3,
water softener system and installation cost,water-softener-installation,Google autocomplete: surfaced by 1 seed query (best position 7); e.g. 'water softener installation a',medium,1.2,transactional-local,1,7,
water softener air gap installation,water-softener-installation,Google autocomplete: surfaced by 1 seed query (best position 7); e.g. 'water softener installation g',medium,1.2,transactional-local,1,7,
water softener loop installation cost,water-softener-installation,Google autocomplete: surfaced by 1 seed query (best position 7); e.g. 'water softener installation l',medium,1.2,transactional-local,1,7,
springwell water softener installer near me,water-softener-installation,Google autocomplete: surfaced by 1 seed query (best position 7); e.g. 'water softener installation n',medium,1.2,transactional-local,1,7,
water softener piping installation,water-softener-installation,Google autocomplete: surfaced by 1 seed query (best position 7); e.g. 'water softener installation p',medium,1.2,transactional-local,1,7,
water softener system installation cost,water-softener-installation,Google autocomplete: surfaced by 1 seed query (best position 7); e.g. 'water softener installation s',medium,1.2,transactional-local,1,7,
iron filter and water softener combo,iron-sulfur-removal,Google autocomplete: surfaced by 1 seed query (best position 3); e.g. 'iron filter a',medium,1.2,topic-general,1,3,
iron filter before or after softener,iron-sulfur-removal,Google autocomplete: surfaced by 1 seed query (best position 3); e.g. 'iron filter b',medium,1.2,topic-general,1,3,
iron filter control valve,iron-sulfur-removal,Google autocomplete: surfaced by 1 seed query (best position 3); e.g. 'iron filter c',medium,1.2,topic-general,1,3,
iron filter gravel,iron-sulfur-removal,Google autocomplete: surfaced by 1 seed query (best position 3); e.g. 'iron filter g',medium,1.2,topic-general,1,3,
iron filter house,iron-sulfur-removal,Google autocomplete: surfaced by 1 seed query (best position 3); e.g. 'iron filter h',medium,1.2,topic-general,1,3,
iron filter image,iron-sulfur-removal,Google autocomplete: surfaced by 1 seed query (best position 3); e.g. 'iron filter i',medium,1.2,topic-general,1,3,
iron filter leaking,iron-sulfur-removal,Google autocomplete: surfaced by 1 seed query (best position 3); e.g. 'iron filter l',medium,1.2,topic-general,1,3,
iron filter or water softener,iron-sulfur-removal,Google autocomplete: surfaced by 1 seed query (best position 3); e.g. 'iron filter o',medium,1.2,topic-general,1,3,
iron filter rebed,iron-sulfur-removal,Google autocomplete: surfaced by 1 seed query (best position 3); e.g. 'iron filter r',medium,1.2,topic-general,1,3,
iron filter system for well water,iron-sulfur-removal,Google autocomplete: surfaced by 1 seed query (best position 3); e.g. 'iron filter s',medium,1.2,topic-general,1,3,
iron filter types,iron-sulfur-removal,Google autocomplete: surfaced by 1 seed query (best position 3); e.g. 'iron filter t',medium,1.2,topic-general,1,3,
iron filter uses,iron-sulfur-removal,Google autocomplete: surfaced by 1 seed query (best position 3); e.g. 'iron filter u',medium,1.2,topic-general,1,3,
iron filter vs softener,iron-sulfur-removal,Google autocomplete: surfaced by 1 seed query (best position 5); e.g. 'iron filter v',medium,1.2,commercial,1,5,
iron filter whole house,iron-sulfur-removal,Google autocomplete: surfaced by 1 seed query (best position 3); e.g. 'iron filter w',medium,1.2,topic-general,1,3,
is columbus ohio water hard or soft,hard-water-treatment,Google autocomplete: surfaced by 1 seed query (best position 3); e.g. 'is columbus water hard',medium,1.2,informational,1,3,
sulfur smell in water well,iron-sulfur-removal,Google autocomplete: surfaced by 1 seed query (best position 3); e.g. 'sulfur smell in water',medium,1.2,topic-general,1,3,
rotten egg smell water softener,iron-sulfur-removal,Google autocomplete: surfaced by 1 seed query (best position 3); e.g. 'rotten egg smell water',medium,1.2,topic-general,1,3,
nitrate water filter systems,contaminant-specific-filtration,Google autocomplete: surfaced by 1 seed query (best position 3); e.g. 'nitrate water filter',medium,1.2,topic-general,1,3,
arsenic water filter whole house,contaminant-specific-filtration,Google autocomplete: surfaced by 1 seed query (best position 3); e.g. 'arsenic water filter',medium,1.2,topic-general,1,3,
water filter near me within 1.6 km,water-treatment-purification,Google autocomplete: surfaced by 1 seed query (best position 7); e.g. 'water filter near me',medium,1.2,transactional-local,1,7,
how to install a whole house ro system,reverse-osmosis,Google autocomplete: surfaced by 2 seed queries (best position 4); e.g. 'best ro system installation',medium,1.1,informational,2,4,
hague water softener columbus ohio,competitor-brands-local,Google autocomplete: surfaced by 3 seed queries (best position 4); e.g. 'water conditioning columbus ohio',low,1.05,navigational-brand/retail,3,4,
reverse osmosis water filter countertop,reverse-osmosis,Google autocomplete: surfaced by 2 seed queries (best position 5); e.g. 'reverse osmosis',medium,1.05,topic-general,2,5,
water testing,water-testing,Google autocomplete: surfaced by 1 seed query (best position 4); e.g. 'water testing',medium,1.05,topic-general,1,4,
where to get water tested,water-testing,Google autocomplete: surfaced by 1 seed query (best position 4); e.g. 'water testing installation',medium,1.05,topic-general,1,4,
iron filter change,iron-sulfur-removal,Google autocomplete: surfaced by 1 seed query (best position 4); e.g. 'iron filter installation',medium,1.05,topic-general,1,4,
iron filter replacement for well water,iron-sulfur-removal,Google autocomplete: surfaced by 2 seed queries (best position 6); e.g. 'iron filter r',medium,1.05,topic-general,2,6,
sulfur smell water only one faucet,iron-sulfur-removal,Google autocomplete: surfaced by 1 seed query (best position 4); e.g. 'sulfur smell water',medium,1.05,topic-general,1,4,
water filters that remove pfas,pfas-removal,Google autocomplete: surfaced by 1 seed query (best position 4); e.g. 'pfas water filter repair',medium,1.05,topic-general,1,4,
salt free water softener system for home,salt-free-water-conditioner,Google autocomplete: surfaced by 1 seed query (best position 4); e.g. 'salt free water softener',medium,1.05,topic-general,1,4,
salt free water softener media,salt-free-water-conditioner,Google autocomplete: surfaced by 1 seed query (best position 4); e.g. 'salt free water softener near me',medium,1.05,topic-general,1,4,
water filtration business,commercial-water-treatment,Google autocomplete: surfaced by 1 seed query (best position 4); e.g. 'water filtration b',medium,1.05,topic-general,1,4,
water filtration equipment,water-treatment-purification,Google autocomplete: surfaced by 1 seed query (best position 4); e.g. 'water filtration e',medium,1.05,topic-general,1,4,
water filtration for well water,well-water-treatment,Google autocomplete: surfaced by 1 seed query (best position 4); e.g. 'water filtration f',medium,1.05,topic-general,1,4,
water filtration home system,water-treatment-purification,Google autocomplete: surfaced by 1 seed query (best position 4); e.g. 'water filtration h',medium,1.05,topic-general,1,4,
water filtration lab,water-testing,Google autocomplete: surfaced by 1 seed query (best position 4); e.g. 'water filtration l',medium,1.05,topic-general,1,4,
water filtration tank for home,water-treatment-purification,Google autocomplete: surfaced by 1 seed query (best position 4); e.g. 'water filtration t',medium,1.05,topic-general,1,4,
water filtration uv light,uv-water-purification,Google autocomplete: surfaced by 1 seed query (best position 4); e.g. 'water filtration u',medium,1.05,topic-general,1,4,
water filtration whole house system,whole-house-water-filtration,Google autocomplete: surfaced by 1 seed query (best position 4); e.g. 'water filtration w',medium,1.05,topic-general,1,4,
whole house water filter and softener system,water-softener-systems,Google autocomplete: surfaced by 1 seed query (best position 4); e.g. 'whole house water filter a',medium,1.05,topic-general,1,4,
whole house water filter canister,whole-house-water-filtration,Google autocomplete: surfaced by 1 seed query (best position 4); e.g. 'whole house water filter c',medium,1.05,topic-general,1,4,
whole house water filter for iron,iron-sulfur-removal,Google autocomplete: surfaced by 1 seed query (best position 4); e.g. 'whole house water filter f',medium,1.05,topic-general,1,4,
whole house water filter gpm,whole-house-water-filtration,Google autocomplete: surfaced by 1 seed query (best position 4); e.g. 'whole house water filter g',medium,1.05,topic-general,1,4,
jumbo whole house water filter,whole-house-water-filtration,Google autocomplete: surfaced by 1 seed query (best position 4); e.g. 'whole house water filter j',medium,1.05,topic-general,1,4,
whole house water filter microplastics,contaminant-specific-filtration,Google autocomplete: surfaced by 1 seed query (best position 4); e.g. 'whole house water filter m',medium,1.05,topic-general,1,4,
whole house water filter nearby,whole-house-water-filtration,Google autocomplete: surfaced by 1 seed query (best position 4); e.g. 'whole house water filter n',medium,1.05,topic-general,1,4,
whole house water filter or softener,water-softener-systems,Google autocomplete: surfaced by 1 seed query (best position 4); e.g. 'whole house water filter o',medium,1.05,topic-general,1,4,
quality whole house water filter,whole-house-water-filtration,Google autocomplete: surfaced by 1 seed query (best position 4); e.g. 'whole house water filter q',medium,1.05,topic-general,1,4,
whole house water filter to remove sulfur smell,iron-sulfur-removal,Google autocomplete: surfaced by 1 seed query (best position 4); e.g. 'whole house water filter t',medium,1.05,topic-general,1,4,
whole house water filter uv,uv-water-purification,Google autocomplete: surfaced by 1 seed query (best position 4); e.g. 'whole house water filter u',medium,1.05,topic-general,1,4,
whole house water filter vevor,whole-house-water-filtration,Google autocomplete: surfaced by 1 seed query (best position 4); e.g. 'whole house water filter v',medium,1.05,topic-general,1,4,
whole house water filter well water,well-water-treatment,Google autocomplete: surfaced by 1 seed query (best position 4); e.g. 'whole house water filter w',medium,1.05,topic-general,1,4,
water softener alternatives,water-softener-systems,Google autocomplete: surfaced by 1 seed query (best position 4); e.g. 'water softener a',medium,1.05,topic-general,1,4,
water softener bypass valve on or off,water-softener-repair-service,Google autocomplete: surfaced by 1 seed query (best position 4); e.g. 'water softener b',medium,1.05,topic-general,1,4,
water softener crystals,water-softener-systems,Google autocomplete: surfaced by 1 seed query (best position 4); e.g. 'water softener c',medium,1.05,topic-general,1,4,
water softener for house,water-softener-systems,Google autocomplete: surfaced by 1 seed query (best position 4); e.g. 'water softener f',medium,1.05,topic-general,1,4,
water softener grain capacity,water-softener-systems,Google autocomplete: surfaced by 1 seed query (best position 4); e.g. 'water softener g',medium,1.05,topic-general,1,4,
water softener hardness setting,water-softener-systems,Google autocomplete: surfaced by 1 seed query (best position 4); e.g. 'water softener h',medium,1.05,topic-general,1,4,
water softener just for shower,water-softener-systems,Google autocomplete: surfaced by 1 seed query (best position 4); e.g. 'water softener j',medium,1.05,topic-general,1,4,
water softener keeps draining,water-softener-repair-service,Google autocomplete: surfaced by 1 seed query (best position 4); e.g. 'water softener k',medium,1.05,topic-general,1,4,
water softener media,water-softener-repair-service,Google autocomplete: surfaced by 1 seed query (best position 4); e.g. 'water softener m',medium,1.05,topic-general,1,4,
water softener not working,water-softener-repair-service,Google autocomplete: surfaced by 1 seed query (best position 4); e.g. 'water softener n',medium,1.05,topic-general,1,4,
water softener questions,water-softener-systems,Google autocomplete: surfaced by 1 seed query (best position 4); e.g. 'water softener q',medium,1.05,topic-general,1,4,
water softener tank full of water,water-softener-systems,Google autocomplete: surfaced by 1 seed query (best position 4); e.g. 'water softener t',medium,1.05,topic-general,1,4,
water softener use,water-softener-systems,Google autocomplete: surfaced by 1 seed query (best position 4); e.g. 'water softener u',medium,1.05,topic-general,1,4,
water softener valve,water-softener-repair-service,Google autocomplete: surfaced by 1 seed query (best position 4); e.g. 'water softener v',medium,1.05,topic-general,1,4,
ao smith water softener xl,water-softener-systems,Google autocomplete: surfaced by 1 seed query (best position 4); e.g. 'water softener x',medium,1.05,topic-general,1,4,
water softener yellow water after vacation,water-softener-systems,Google autocomplete: surfaced by 1 seed query (best position 4); e.g. 'water softener y',medium,1.05,topic-general,1,4,
water softener zeolite,water-softener-systems,Google autocomplete: surfaced by 1 seed query (best position 4); e.g. 'water softener z',medium,1.05,topic-general,1,4,
reverse osmosis at home,reverse-osmosis,Google autocomplete: surfaced by 1 seed query (best position 4); e.g. 'reverse osmosis a',medium,1.05,topic-general,1,4,
reverse osmosis drinking water,reverse-osmosis,Google autocomplete: surfaced by 1 seed query (best position 4); e.g. 'reverse osmosis d',medium,1.05,topic-general,1,4,
reverse osmosis equipment,reverse-osmosis,Google autocomplete: surfaced by 1 seed query (best position 4); e.g. 'reverse osmosis e',medium,1.05,topic-general,1,4,
reverse osmosis filter system,reverse-osmosis,Google autocomplete: surfaced by 1 seed query (best position 4); e.g. 'reverse osmosis f',medium,1.05,topic-general,1,4,
reverse osmosis home water filter system,reverse-osmosis,Google autocomplete: surfaced by 1 seed query (best position 4); e.g. 'reverse osmosis h',medium,1.05,topic-general,1,4,
reverse osmosis kitchen sink filter,reverse-osmosis,Google autocomplete: surfaced by 1 seed query (best position 4); e.g. 'reverse osmosis k',medium,1.05,topic-general,1,4,
reverse osmosis leaking,reverse-osmosis,Google autocomplete: surfaced by 1 seed query (best position 4); e.g. 'reverse osmosis l',medium,1.05,topic-general,1,4,
reverse osmosis machine for home,reverse-osmosis,Google autocomplete: surfaced by 1 seed query (best position 4); e.g. 'reverse osmosis m',medium,1.05,topic-general,1,4,
reverse osmosis nitrate removal,reverse-osmosis,Google autocomplete: surfaced by 1 seed query (best position 4); e.g. 'reverse osmosis n',medium,1.05,topic-general,1,4,
reverse osmosis pump,reverse-osmosis,Google autocomplete: surfaced by 1 seed query (best position 4); e.g. 'reverse osmosis p',medium,1.05,topic-general,1,4,
reverse osmosis tankless,reverse-osmosis,Google autocomplete: surfaced by 1 seed query (best position 4); e.g. 'reverse osmosis t',medium,1.05,topic-general,1,4,
reverse osmosis under sink water filtration system,reverse-osmosis,Google autocomplete: surfaced by 1 seed query (best position 4); e.g. 'reverse osmosis u',medium,1.05,topic-general,1,4,
reverse osmosis xylem,reverse-osmosis,Google autocomplete: surfaced by 1 seed query (best position 4); e.g. 'reverse osmosis x',medium,1.05,topic-general,1,4,
well water filter and softener system,well-water-treatment,Google autocomplete: surfaced by 1 seed query (best position 4); e.g. 'well water filtration a',medium,1.05,topic-general,1,4,
well water filter brown,well-water-treatment,Google autocomplete: surfaced by 1 seed query (best position 4); e.g. 'well water filtration b',medium,1.05,topic-general,1,4,
well water filter dirty,well-water-treatment,Google autocomplete: surfaced by 1 seed query (best position 4); e.g. 'well water filtration d',medium,1.05,topic-general,1,4,
well water filter for home,well-water-treatment,Google autocomplete: surfaced by 1 seed query (best position 4); e.g. 'well water filtration f',medium,1.05,topic-general,1,4,
well water line filter,well-water-treatment,Google autocomplete: surfaced by 1 seed query (best position 4); e.g. 'well water filtration l',medium,1.05,topic-general,1,4,
well water filter order,well-water-treatment,Google autocomplete: surfaced by 1 seed query (best position 4); e.g. 'well water filtration o',medium,1.05,topic-general,1,4,
well water filter to remove iron,iron-sulfur-removal,Google autocomplete: surfaced by 1 seed query (best position 4); e.g. 'well water filtration t',medium,1.05,topic-general,1,4,
well water uv filtration system,uv-water-purification,Google autocomplete: surfaced by 1 seed query (best position 4); e.g. 'well water filtration u',medium,1.05,topic-general,1,4,
well water filter with uv,uv-water-purification,Google autocomplete: surfaced by 1 seed query (best position 4); e.g. 'well water filtration w',medium,1.05,topic-general,1,4,
water testing delaware,water-testing,Google autocomplete: surfaced by 1 seed query (best position 4); e.g. 'water testing d',medium,1.05,topic-general,1,4,
water testing for lead,water-testing,Google autocomplete: surfaced by 1 seed query (best position 4); e.g. 'water testing f',medium,1.05,topic-general,1,4,
water testing methods,water-testing,Google autocomplete: surfaced by 1 seed query (best position 4); e.g. 'water testing m',medium,1.05,topic-general,1,4,
water testing website,water-testing,Google autocomplete: surfaced by 1 seed query (best position 4); e.g. 'water testing w',medium,1.05,topic-general,1,4,
water treatment business,commercial-water-treatment,Google autocomplete: surfaced by 1 seed query (best position 4); e.g. 'water treatment b',medium,1.05,topic-general,1,4,
water treatment system for well water,well-water-treatment,Google autocomplete: surfaced by 1 seed query (best position 4); e.g. 'water treatment s',medium,1.05,topic-general,1,4,
water treatment unit,water-treatment-purification,Google autocomplete: surfaced by 1 seed query (best position 4); e.g. 'water treatment u',medium,1.05,topic-general,1,4,
water treatment well,well-water-treatment,Google autocomplete: surfaced by 1 seed query (best position 4); e.g. 'water treatment w',medium,1.05,topic-general,1,4,
water purification equipment once human,water-treatment-purification,Google autocomplete: surfaced by 1 seed query (best position 4); e.g. 'water purification e',medium,1.05,topic-general,1,4,
water purification machine for business,commercial-water-treatment,Google autocomplete: surfaced by 1 seed query (best position 4); e.g. 'water purification m',medium,1.05,topic-general,1,4,
water purification osmosis,reverse-osmosis,Google autocomplete: surfaced by 1 seed query (best position 4); e.g. 'water purification o',medium,1.05,topic-general,1,4,
water purification vending machine,water-treatment-purification,Google autocomplete: surfaced by 1 seed query (best position 4); e.g. 'water purification v',medium,1.05,topic-general,1,4,
hard water alcohol,hard-water-treatment,Google autocomplete: surfaced by 1 seed query (best position 4); e.g. 'hard water a',medium,1.05,topic-general,1,4,
hard water by zip code,hard-water-treatment,Google autocomplete: surfaced by 1 seed query (best position 4); e.g. 'hard water b',medium,1.05,topic-general,1,4,
hard water checker,hard-water-treatment,Google autocomplete: surfaced by 1 seed query (best position 4); e.g. 'hard water c',medium,1.05,topic-general,1,4,
hard water drink,hard-water-treatment,Google autocomplete: surfaced by 1 seed query (best position 4); e.g. 'hard water d',medium,1.05,topic-general,1,4,
hard water filter for house,hard-water-treatment,Google autocomplete: surfaced by 1 seed query (best position 4); e.g. 'hard water f',medium,1.05,topic-general,1,4,
hard water kitchen faucet filter,hard-water-treatment,Google autocomplete: surfaced by 1 seed query (best position 4); e.g. 'hard water k',medium,1.05,topic-general,1,4,
hard water locations,hard-water-treatment,Google autocomplete: surfaced by 1 seed query (best position 4); e.g. 'hard water l',medium,1.05,topic-general,1,4,
hard water minerals,hard-water-treatment,Google autocomplete: surfaced by 1 seed query (best position 4); e.g. 'hard water m',medium,1.05,topic-general,1,4,
hard water under microscope,hard-water-treatment,Google autocomplete: surfaced by 1 seed query (best position 4); e.g. 'hard water u',medium,1.05,topic-general,1,4,
hard water whole house filter,hard-water-treatment,Google autocomplete: surfaced by 1 seed query (best position 4); e.g. 'hard water w',medium,1.05,topic-general,1,4,
hard water zone,hard-water-treatment,Google autocomplete: surfaced by 1 seed query (best position 4); e.g. 'hard water z',medium,1.05,topic-general,1,4,
water filter system drinking,water-treatment-purification,Google autocomplete: surfaced by 1 seed query (best position 4); e.g. 'water filter installation d',medium,1.05,topic-general,1,4,
water filter system for house,water-treatment-purification,Google autocomplete: surfaced by 1 seed query (best position 4); e.g. 'water filter installation f',medium,1.05,topic-general,1,4,
water filter system with softener,water-softener-systems,Google autocomplete: surfaced by 1 seed query (best position 4); e.g. 'water filter installation w',medium,1.05,topic-general,1,4,
iron filter and softener,iron-sulfur-removal,Google autocomplete: surfaced by 1 seed query (best position 4); e.g. 'iron filter a',medium,1.05,topic-general,1,4,
iron filter bypass valve,iron-sulfur-removal,Google autocomplete: surfaced by 1 seed query (best position 4); e.g. 'iron filter b',medium,1.05,topic-general,1,4,
iron filter discharge into septic,iron-sulfur-removal,Google autocomplete: surfaced by 1 seed query (best position 4); e.g. 'iron filter d',medium,1.05,topic-general,1,4,
iron filter. error 102,iron-sulfur-removal,Google autocomplete: surfaced by 1 seed query (best position 4); e.g. 'iron filter e',medium,1.05,topic-general,1,4,
iron filter injector,iron-sulfur-removal,Google autocomplete: surfaced by 1 seed query (best position 4); e.g. 'iron filter i',medium,1.05,topic-general,1,4,
iron filter media types,iron-sulfur-removal,Google autocomplete: surfaced by 2 seed queries (best position 6); e.g. 'iron filter m',medium,1.05,topic-general,2,6,
iron filter not backwashing,iron-sulfur-removal,Google autocomplete: surfaced by 1 seed query (best position 4); e.g. 'iron filter n',medium,1.05,topic-general,1,4,
iron filter on well,iron-sulfur-removal,Google autocomplete: surfaced by 1 seed query (best position 4); e.g. 'iron filter o',medium,1.05,topic-general,1,4,
iron filter potassium permanganate,iron-sulfur-removal,Google autocomplete: surfaced by 1 seed query (best position 4); e.g. 'iron filter p',medium,1.05,topic-general,1,4,
iron filter regeneration cycle,iron-sulfur-removal,Google autocomplete: surfaced by 1 seed query (best position 4); e.g. 'iron filter r',medium,1.05,topic-general,1,4,
iron filter system for house,iron-sulfur-removal,Google autocomplete: surfaced by 1 seed query (best position 4); e.g. 'iron filter s',medium,1.05,topic-general,1,4,
iron filter troubleshooting,iron-sulfur-removal,Google autocomplete: surfaced by 1 seed query (best position 4); e.g. 'iron filter t',medium,1.05,topic-general,1,4,
iron removal unit,iron-sulfur-removal,Google autocomplete: surfaced by 1 seed query (best position 4); e.g. 'iron filter u',medium,1.05,topic-general,1,4,
iron filter vessel,iron-sulfur-removal,Google autocomplete: surfaced by 1 seed query (best position 4); e.g. 'iron filter v',medium,1.05,topic-general,1,4,
iron filter water softener systems,iron-sulfur-removal,Google autocomplete: surfaced by 1 seed query (best position 4); e.g. 'iron filter w',medium,1.05,topic-general,1,4,
zeolite iron filter,iron-sulfur-removal,Google autocomplete: surfaced by 1 seed query (best position 4); e.g. 'iron filter z',medium,1.05,topic-general,1,4,
is columbus ohio water hard,hard-water-treatment,Google autocomplete: surfaced by 1 seed query (best position 4); e.g. 'is columbus water hard',medium,1.05,informational,1,4,
commercial water filtration system restaurant,commercial-water-treatment,Google autocomplete: surfaced by 1 seed query (best position 4); e.g. 'commercial water filtration',medium,1.05,topic-general,1,4,
iron filter for well water hose,iron-sulfur-removal,Google autocomplete: surfaced by 1 seed query (best position 4); e.g. 'iron filter for well water',medium,1.05,topic-general,1,4,
sulfur smell in water in house,iron-sulfur-removal,Google autocomplete: surfaced by 1 seed query (best position 4); e.g. 'sulfur smell in water',medium,1.05,topic-general,1,4,
rotten egg smell water treatment,iron-sulfur-removal,Google autocomplete: surfaced by 1 seed query (best position 4); e.g. 'rotten egg smell water',medium,1.05,topic-general,1,4,
best water filtration,water-treatment-purification,Google autocomplete: surfaced by 1 seed query (best position 6); e.g. 'best water filtration',medium,1.0,commercial,1,6,
best whole house water filter for pfas,pfas-removal,Google autocomplete: surfaced by 1 seed query (best position 6); e.g. 'best whole house water filter',medium,1.0,commercial,1,6,
best water softener and filtration system for home,water-softener-systems,Google autocomplete: surfaced by 1 seed query (best position 6); e.g. 'best water softener',medium,1.0,commercial,1,6,
best reverse osmosis countertop system,reverse-osmosis,Google autocomplete: surfaced by 1 seed query (best position 6); e.g. 'best reverse osmosis',medium,1.0,commercial,1,6,
best well water filtration system for sulfur,iron-sulfur-removal,Google autocomplete: surfaced by 1 seed query (best position 6); e.g. 'best well water filtration',medium,1.0,commercial,1,6,
drinking water testing cost,under-sink-drinking-water-filters,Google autocomplete: surfaced by 2 seed queries (best position 7); e.g. 'water testing columbus',medium,1.0,commercial,2,7,
best water testing,water-testing,Google autocomplete: surfaced by 1 seed query (best position 6); e.g. 'best water testing',medium,1.0,commercial,1,6,
culligan iron filter cost,iron-sulfur-removal,Google autocomplete: surfaced by 1 seed query (best position 6); e.g. 'iron filter cost',medium,1.0,commercial,1,6,
water filter system cost,water-treatment-purification,Google autocomplete: surfaced by 1 seed query (best position 6); e.g. 'water filter installation cost',medium,1.0,commercial,1,6,
best water conditioner,salt-free-water-conditioner,Google autocomplete: surfaced by 1 seed query (best position 6); e.g. 'best water conditioning',medium,1.0,commercial,1,6,
best salt free water softener for home,salt-free-water-conditioner,Google autocomplete: surfaced by 1 seed query (best position 6); e.g. 'best salt free water softener',medium,1.0,commercial,1,6,
does uv light purify water,uv-water-purification,Google autocomplete: surfaced by 2 seed queries (best position 5); e.g. 'uv water purification near me',medium,1.0,informational,2,5,
best uv water filter,uv-water-purification,Google autocomplete: surfaced by 1 seed query (best position 6); e.g. 'best uv water purification',medium,1.0,commercial,1,6,
best under sink water filter for well water,well-water-treatment,Google autocomplete: surfaced by 1 seed query (best position 6); e.g. 'best under sink water filter',medium,1.0,commercial,1,6,
best water treatment,water-treatment-purification,Google autocomplete: surfaced by 1 seed query (best position 6); e.g. 'best water treatment',medium,1.0,commercial,1,6,
how do i choose a whole house water filter,whole-house-water-filtration,Google autocomplete: surfaced by 2 seed queries (best position 5); e.g. 'whole house water filter j',medium,1.0,informational,2,5,
water softener crystals vs pellets,water-softener-systems,Google autocomplete: surfaced by 1 seed query (best position 6); e.g. 'water softener c',medium,1.0,commercial,1,6,
reverse osmosis explained,reverse-osmosis,Google autocomplete: surfaced by 1 seed query (best position 1); e.g. 'reverse osmosis e',medium,1.0,informational,1,1,
reverse osmosis vs filtration,reverse-osmosis,Google autocomplete: surfaced by 1 seed query (best position 6); e.g. 'reverse osmosis v',medium,1.0,commercial,1,6,
hard water hero reviews,hard-water-treatment,Google autocomplete: surfaced by 1 seed query (best position 6); e.g. 'hard water h',medium,1.0,commercial,1,6,
hard water vs well water,well-water-treatment,Google autocomplete: surfaced by 1 seed query (best position 6); e.g. 'hard water v',medium,1.0,commercial,1,6,
water filter system best,water-treatment-purification,Google autocomplete: surfaced by 1 seed query (best position 6); e.g. 'water filter installation b',medium,1.0,commercial,1,6,
can water softener be installed outside,water-softener-installation,Google autocomplete: surfaced by 1 seed query (best position 1); e.g. 'water softener installation b',medium,1.0,informational,1,1,
iron filter vs sediment filter,iron-sulfur-removal,Google autocomplete: surfaced by 1 seed query (best position 6); e.g. 'iron filter v',medium,1.0,commercial,1,6,
water filtration process at home,water-treatment-purification,Google autocomplete: surfaced by 3 seed queries (best position 8); e.g. 'water filtration columbus',medium,0.9,topic-general,3,8,
water filter repair contact number,water-treatment-purification,Google autocomplete: surfaced by 1 seed query (best position 8); e.g. 'water filtration repair',medium,0.9,transactional-local,1,8,
whole house water filtration system installers near me,whole-house-water-filtration,Google autocomplete: surfaced by 1 seed query (best position 8); e.g. 'whole house water filter near me',medium,0.9,transactional-local,1,8,
water softener installation costco,water-softener-installation,Google autocomplete: surfaced by 2 seed queries (best position 5); e.g. 'water softener installation c',low,0.9,transactional-local,2,5,
water softener replacement cost near me,water-softener-repair-service,Google autocomplete: surfaced by 1 seed query (best position 8); e.g. 'water softener repair cost',medium,0.9,transactional-local,1,8,
whirlpool water softener repair service,water-softener-repair-service,Google autocomplete: surfaced by 1 seed query (best position 8); e.g. 'water softener repair repair',medium,0.9,transactional-local,1,8,
reverse osmosis for residential use,reverse-osmosis,Google autocomplete: surfaced by 1 seed query (best position 5); e.g. 'reverse osmosis columbus',medium,0.9,topic-general,1,5,
reverse osmosis maintenance cost,reverse-osmosis,Google autocomplete: surfaced by 1 seed query (best position 8); e.g. 'reverse osmosis repair',medium,0.9,transactional-local,1,8,
reverse osmosis water filter installation near me,reverse-osmosis,Google autocomplete: surfaced by 1 seed query (best position 8); e.g. 'ro system installation near me',medium,0.9,transactional-local,1,8,
reverse osmosis system for home installation cost,reverse-osmosis,Google autocomplete: surfaced by 1 seed query (best position 8); e.g. 'ro system installation cost',medium,0.9,transactional-local,1,8,
well water filtration,well-water-treatment,Google autocomplete: surfaced by 1 seed query (best position 5); e.g. 'well water filtration',medium,0.9,topic-general,1,5,
well water filtration system companies near me,well-water-treatment,Google autocomplete: surfaced by 2 seed queries (best position 9); e.g. 'well water filtration repair',medium,0.9,transactional-local,2,9,
water testing near me open now,water-testing,Google autocomplete: surfaced by 1 seed query (best position 8); e.g. 'water testing near me',medium,0.9,transactional-local,1,8,
best water testing company,water-testing,Google autocomplete: surfaced by 1 seed query (best position 8); e.g. 'best water testing',medium,0.9,transactional-local,1,8,
who has hard water,hard-water-treatment,Google autocomplete: surfaced by 1 seed query (best position 5); e.g. 'hard water columbus',medium,0.9,topic-general,1,5,
iron filter rate,iron-sulfur-removal,Google autocomplete: surfaced by 1 seed query (best position 5); e.g. 'iron filter cost',medium,0.9,topic-general,1,5,
iron curtain water filter installation,iron-sulfur-removal,Google autocomplete: surfaced by 1 seed query (best position 8); e.g. 'iron filter installation',medium,0.9,transactional-local,1,8,
sulfur smell water after vacation,iron-sulfur-removal,Google autocomplete: surfaced by 1 seed query (best position 5); e.g. 'sulfur smell water',medium,0.9,topic-general,1,5,
how do you fix sulfur smell in water,iron-sulfur-removal,Google autocomplete: surfaced by 1 seed query (best position 2); e.g. 'sulfur smell water repair',medium,0.9,informational,1,2,
pfas water filters for home,pfas-removal,Google autocomplete: surfaced by 1 seed query (best position 5); e.g. 'pfas water filter',medium,0.9,topic-general,1,5,
water purifier installation service,water-treatment-purification,Google autocomplete: surfaced by 1 seed query (best position 8); e.g. 'water filter installation repair',medium,0.9,transactional-local,1,8,
salt free water softener for well water,well-water-treatment,Google autocomplete: surfaced by 1 seed query (best position 5); e.g. 'salt free water softener',medium,0.9,topic-general,1,5,
under sink water filter with faucet,under-sink-drinking-water-filters,Google autocomplete: surfaced by 1 seed query (best position 5); e.g. 'under sink water filter',medium,0.9,topic-general,1,5,
under sink water filter replacement near me,under-sink-drinking-water-filters,Google autocomplete: surfaced by 1 seed query (best position 8); e.g. 'under sink water filter repair',medium,0.9,transactional-local,1,8,
water purification system,water-treatment-purification,Google autocomplete: surfaced by 1 seed query (best position 5); e.g. 'water purification installation',medium,0.9,topic-general,1,5,
water filtration system for home installation,water-treatment-purification,Google autocomplete: surfaced by 1 seed query (best position 8); e.g. 'water purification installation',medium,0.9,transactional-local,1,8,
water filtration at home,water-treatment-purification,Google autocomplete: surfaced by 1 seed query (best position 5); e.g. 'water filtration a',medium,0.9,topic-general,1,5,
water filtration experts,water-treatment-purification,Google autocomplete: surfaced by 1 seed query (best position 5); e.g. 'water filtration e',medium,0.9,topic-general,1,5,
water filtration faucet,under-sink-drinking-water-filters,Google autocomplete: surfaced by 1 seed query (best position 5); e.g. 'water filtration f',medium,0.9,topic-general,1,5,
water filtration kitchen,under-sink-drinking-water-filters,Google autocomplete: surfaced by 1 seed query (best position 5); e.g. 'water filtration k',medium,0.9,topic-general,1,5,
water filtration maintenance near me,water-treatment-purification,Google autocomplete: surfaced by 1 seed query (best position 8); e.g. 'water filtration m',medium,0.9,transactional-local,1,8,
water filtration unit subnautica,water-treatment-purification,Google autocomplete: surfaced by 1 seed query (best position 5); e.g. 'water filtration u',medium,0.9,topic-general,1,5,
water filtration well water,well-water-treatment,Google autocomplete: surfaced by 1 seed query (best position 5); e.g. 'water filtration w',medium,0.9,topic-general,1,5,
whole house water filter carbon,whole-house-water-filtration,Google autocomplete: surfaced by 1 seed query (best position 5); e.g. 'whole house water filter c',medium,0.9,topic-general,1,5,
whole house water filter descaler,salt-free-water-conditioner,Google autocomplete: surfaced by 1 seed query (best position 5); e.g. 'whole house water filter d',medium,0.9,topic-general,1,5,
whole house water filter for lead,contaminant-specific-filtration,Google autocomplete: surfaced by 1 seed query (best position 5); e.g. 'whole house water filter f',medium,0.9,topic-general,1,5,
whole house water filter iron removal,iron-sulfur-removal,Google autocomplete: surfaced by 1 seed query (best position 5); e.g. 'whole house water filter i',medium,0.9,topic-general,1,5,
johns whole house water filters,whole-house-water-filtration,Google autocomplete: surfaced by 1 seed query (best position 5); e.g. 'whole house water filter j',medium,0.9,topic-general,1,5,
whole house water filter location,whole-house-water-filtration,Google autocomplete: surfaced by 1 seed query (best position 5); e.g. 'whole house water filter l',medium,0.9,topic-general,1,5,
whole house water filter media,whole-house-water-filtration,Google autocomplete: surfaced by 1 seed query (best position 5); e.g. 'whole house water filter m',medium,0.9,topic-general,1,5,
whole house water filter no salt,salt-free-water-conditioner,Google autocomplete: surfaced by 1 seed query (best position 5); e.g. 'whole house water filter n',medium,0.9,topic-general,1,5,
whole house water filter o ring replacement,whole-house-water-filtration,Google autocomplete: surfaced by 1 seed query (best position 5); e.g. 'whole house water filter o',medium,0.9,topic-general,1,5,
quality whole house water filtration system,whole-house-water-filtration,Google autocomplete: surfaced by 1 seed query (best position 5); e.g. 'whole house water filter q',medium,0.9,topic-general,1,5,
whole house water filter reverse osmosis,reverse-osmosis,Google autocomplete: surfaced by 1 seed query (best position 5); e.g. 'whole house water filter r',medium,0.9,topic-general,1,5,
whole house water filter that removes pfas,pfas-removal,Google autocomplete: surfaced by 1 seed query (best position 5); e.g. 'whole house water filter t',medium,0.9,topic-general,1,5,
whole house water filter under sink,under-sink-drinking-water-filters,Google autocomplete: surfaced by 1 seed query (best position 5); e.g. 'whole house water filter u',medium,0.9,topic-general,1,5,
whole house water filter victoria,whole-house-water-filtration,Google autocomplete: surfaced by 1 seed query (best position 5); e.g. 'whole house water filter v',medium,0.9,topic-general,1,5,
whole house water filter with bypass,whole-house-water-filtration,Google autocomplete: surfaced by 1 seed query (best position 5); e.g. 'whole house water filter w',medium,0.9,topic-general,1,5,
ecoplus xl whole house water filter,whole-house-water-filtration,Google autocomplete: surfaced by 1 seed query (best position 5); e.g. 'whole house water filter x',medium,0.9,topic-general,1,5,
water softener and reverse osmosis system,reverse-osmosis,Google autocomplete: surfaced by 1 seed query (best position 5); e.g. 'water softener a',medium,0.9,topic-general,1,5,
water softener drain air gap,water-softener-systems,Google autocomplete: surfaced by 1 seed query (best position 5); e.g. 'water softener d',medium,0.9,topic-general,1,5,
water softener equipment,water-softener-systems,Google autocomplete: surfaced by 1 seed query (best position 5); e.g. 'water softener e',medium,0.9,topic-general,1,5,
water softener lifespan,water-softener-systems,Google autocomplete: surfaced by 1 seed query (best position 5); e.g. 'water softener l',medium,0.9,topic-general,1,5,
water softener making noise,water-softener-systems,Google autocomplete: surfaced by 1 seed query (best position 5); e.g. 'water softener m',medium,0.9,topic-general,1,5,
water softener nearby,water-softener-systems,Google autocomplete: surfaced by 1 seed query (best position 5); e.g. 'water softener n',medium,0.9,topic-general,1,5,
water softener outdoor,water-softener-systems,Google autocomplete: surfaced by 1 seed query (best position 5); e.g. 'water softener o',medium,0.9,topic-general,1,5,
water softener resin beads,water-softener-repair-service,Google autocomplete: surfaced by 1 seed query (best position 5); e.g. 'water softener r',medium,0.9,topic-general,1,5,
water softener rental,water-softener-installation,Google autocomplete: surfaced by 1 seed query (best position 8); e.g. 'water softener r',medium,0.9,transactional-local,1,8,
water softener test strips,water-softener-systems,Google autocomplete: surfaced by 1 seed query (best position 5); e.g. 'water softener t',medium,0.9,topic-general,1,5,
water softener with reverse osmosis,reverse-osmosis,Google autocomplete: surfaced by 1 seed query (best position 5); e.g. 'water softener w',medium,0.9,topic-general,1,5,
ao smith water softener xxl,water-softener-systems,Google autocomplete: surfaced by 1 seed query (best position 5); e.g. 'water softener x',medium,0.9,topic-general,1,5,
reverse osmosis aquatru,reverse-osmosis,Google autocomplete: surfaced by 1 seed query (best position 5); e.g. 'reverse osmosis a',medium,0.9,topic-general,1,5,
reverse osmosis benefits,reverse-osmosis,Google autocomplete: surfaced by 1 seed query (best position 2); e.g. 'reverse osmosis b',medium,0.9,informational,1,2,
reverse osmosis bluevua,reverse-osmosis,Google autocomplete: surfaced by 1 seed query (best position 5); e.g. 'reverse osmosis b',medium,0.9,topic-general,1,5,
reverse osmosis companies near me,reverse-osmosis,Google autocomplete: surfaced by 1 seed query (best position 8); e.g. 'reverse osmosis c',medium,0.9,transactional-local,1,8,
reverse osmosis drain line adapter,reverse-osmosis,Google autocomplete: surfaced by 1 seed query (best position 5); e.g. 'reverse osmosis d',medium,0.9,topic-general,1,5,
reverse osmosis efficiency,reverse-osmosis,Google autocomplete: surfaced by 1 seed query (best position 5); e.g. 'reverse osmosis e',medium,0.9,topic-general,1,5,
reverse osmosis house filter,reverse-osmosis,Google autocomplete: surfaced by 1 seed query (best position 5); e.g. 'reverse osmosis h',medium,0.9,topic-general,1,5,
reverse osmosis jiji,reverse-osmosis,Google autocomplete: surfaced by 1 seed query (best position 5); e.g. 'reverse osmosis j',medium,0.9,topic-general,1,5,
reverse osmosis kitchen,reverse-osmosis,Google autocomplete: surfaced by 1 seed query (best position 5); e.g. 'reverse osmosis k',medium,0.9,topic-general,1,5,
reverse osmosis line,reverse-osmosis,Google autocomplete: surfaced by 1 seed query (best position 5); e.g. 'reverse osmosis l',medium,0.9,topic-general,1,5,
reverse osmosis nitrates,reverse-osmosis,Google autocomplete: surfaced by 1 seed query (best position 5); e.g. 'reverse osmosis n',medium,0.9,topic-general,1,5,
reverse osmosis on well water,well-water-treatment,Google autocomplete: surfaced by 1 seed query (best position 5); e.g. 'reverse osmosis o',medium,0.9,topic-general,1,5,
reverse osmosis question answer,reverse-osmosis,Google autocomplete: surfaced by 1 seed query (best position 5); e.g. 'reverse osmosis q',medium,0.9,topic-general,1,5,
reverse osmosis system for whole house,reverse-osmosis,Google autocomplete: surfaced by 1 seed query (best position 5); e.g. 'reverse osmosis s',medium,0.9,topic-general,1,5,
reverse osmosis under sink filter,reverse-osmosis,Google autocomplete: surfaced by 1 seed query (best position 5); e.g. 'reverse osmosis u',medium,0.9,topic-general,1,5,
reverse osmosis zip,reverse-osmosis,Google autocomplete: surfaced by 1 seed query (best position 5); e.g. 'reverse osmosis z',medium,0.9,topic-general,1,5,
well water filter and softener combo,well-water-treatment,Google autocomplete: surfaced by 1 seed query (best position 5); e.g. 'well water filtration a',medium,0.9,topic-general,1,5,
well water filter before or after softener,well-water-treatment,Google autocomplete: surfaced by 1 seed query (best position 5); e.g. 'well water filtration b',medium,0.9,topic-general,1,5,
well water filter change,well-water-treatment,Google autocomplete: surfaced by 1 seed query (best position 5); e.g. 'well water filtration c',medium,0.9,topic-general,1,5,
well water filter for shower,well-water-treatment,Google autocomplete: surfaced by 1 seed query (best position 5); e.g. 'well water filtration f',medium,0.9,topic-general,1,5,
well water gas filter,well-water-treatment,Google autocomplete: surfaced by 1 seed query (best position 5); e.g. 'well water filtration g',medium,0.9,topic-general,1,5,
how does a well water filtration system work,well-water-treatment,Google autocomplete: surfaced by 1 seed query (best position 2); e.g. 'well water filtration j',medium,0.9,informational,1,2,
well water lead filter,well-water-treatment,Google autocomplete: surfaced by 1 seed query (best position 5); e.g. 'well water filtration l',medium,0.9,topic-general,1,5,
well water filter machine,well-water-treatment,Google autocomplete: surfaced by 1 seed query (best position 5); e.g. 'well water filtration m',medium,0.9,topic-general,1,5,
well water filter outdoor,well-water-treatment,Google autocomplete: surfaced by 1 seed query (best position 5); e.g. 'well water filtration o',medium,0.9,topic-general,1,5,
well water filter problems,well-water-treatment,Google autocomplete: surfaced by 1 seed query (best position 5); e.g. 'well water filtration p',medium,0.9,topic-general,1,5,
well water filter with backwash,well-water-treatment,Google autocomplete: surfaced by 1 seed query (best position 5); e.g. 'well water filtration w',medium,0.9,topic-general,1,5,
water testing eggs for freshness,water-testing,Google autocomplete: surfaced by 1 seed query (best position 5); e.g. 'water testing e',medium,0.9,topic-general,1,5,
water testing health department,water-testing,Google autocomplete: surfaced by 1 seed query (best position 5); e.g. 'water testing h',medium,0.9,topic-general,1,5,
water testing levels,water-testing,Google autocomplete: surfaced by 1 seed query (best position 5); e.g. 'water testing l',medium,0.9,topic-general,1,5,
water testing locations near me,water-testing,Google autocomplete: surfaced by 1 seed query (best position 8); e.g. 'water testing l',medium,0.9,transactional-local,1,8,
water testing yarmouth,water-testing,Google autocomplete: surfaced by 1 seed query (best position 5); e.g. 'water testing y',medium,0.9,topic-general,1,5,
water zinc test,water-testing,Google autocomplete: surfaced by 1 seed query (best position 5); e.g. 'water testing z',medium,0.9,topic-general,1,5,
water treatment chemicals,contaminant-specific-filtration,Google autocomplete: surfaced by 1 seed query (best position 5); e.g. 'water treatment c',medium,0.9,topic-general,1,5,
water treatment for well water,well-water-treatment,Google autocomplete: surfaced by 1 seed query (best position 5); e.g. 'water treatment f',medium,0.9,topic-general,1,5,
water treatment radiation rust,iron-sulfur-removal,Google autocomplete: surfaced by 1 seed query (best position 5); e.g. 'water treatment r',medium,0.9,topic-general,1,5,
water treatment systems near me,water-treatment-purification,Google autocomplete: surfaced by 1 seed query (best position 8); e.g. 'water treatment s',medium,0.9,transactional-local,1,8,
water treatment whole house,whole-house-water-filtration,Google autocomplete: surfaced by 1 seed query (best position 5); e.g. 'water treatment w',medium,0.9,topic-general,1,5,
water purification companies to invest in,water-treatment-purification,Google autocomplete: surfaced by 1 seed query (best position 8); e.g. 'water purification c',medium,0.9,transactional-local,1,8,
water purification for home,water-treatment-purification,Google autocomplete: surfaced by 1 seed query (best position 5); e.g. 'water purification f',medium,0.9,topic-general,1,5,
water purification large scale,hard-water-treatment,Google autocomplete: surfaced by 1 seed query (best position 5); e.g. 'water purification l',medium,0.9,topic-general,1,5,
water quality purification,water-testing,Google autocomplete: surfaced by 1 seed query (best position 5); e.g. 'water purification q',medium,0.9,topic-general,1,5,
water purification ro,reverse-osmosis,Google autocomplete: surfaced by 1 seed query (best position 5); e.g. 'water purification r',medium,0.9,topic-general,1,5,
water purification systems near me,water-treatment-purification,Google autocomplete: surfaced by 1 seed query (best position 8); e.g. 'water purification s',medium,0.9,transactional-local,1,8,
hard water conditioner,salt-free-water-conditioner,Google autocomplete: surfaced by 1 seed query (best position 5); e.g. 'hard water c',medium,0.9,topic-general,1,5,
hard water effects,hard-water-treatment,Google autocomplete: surfaced by 1 seed query (best position 5); e.g. 'hard water e',medium,0.9,topic-general,1,5,
hard water filtration system,hard-water-treatment,Google autocomplete: surfaced by 1 seed query (best position 5); e.g. 'hard water f',medium,0.9,topic-general,1,5,
hard water grains per gallon,hard-water-treatment,Google autocomplete: surfaced by 1 seed query (best position 5); e.g. 'hard water g',medium,0.9,topic-general,1,5,
hard water kefir,hard-water-treatment,Google autocomplete: surfaced by 1 seed query (best position 5); e.g. 'hard water k',medium,0.9,topic-general,1,5,
hard water map by zip code,hard-water-treatment,Google autocomplete: surfaced by 1 seed query (best position 5); e.g. 'hard water m',medium,0.9,topic-general,1,5,
hard water numbers,hard-water-treatment,Google autocomplete: surfaced by 1 seed query (best position 5); e.g. 'hard water n',medium,0.9,topic-general,1,5,
hard water questions,hard-water-treatment,Google autocomplete: surfaced by 1 seed query (best position 5); e.g. 'hard water q',medium,0.9,topic-general,1,5,
hard water rash,hard-water-treatment,Google autocomplete: surfaced by 1 seed query (best position 5); e.g. 'hard water r',medium,0.9,topic-general,1,5,
hard water treatment,hard-water-treatment,Google autocomplete: surfaced by 1 seed query (best position 5); e.g. 'hard water t',medium,0.9,topic-general,1,5,
hard water usa,hard-water-treatment,Google autocomplete: surfaced by 1 seed query (best position 5); e.g. 'hard water u',medium,0.9,topic-general,1,5,
hard water yellow teeth,hard-water-treatment,Google autocomplete: surfaced by 1 seed query (best position 5); e.g. 'hard water y',medium,0.9,topic-general,1,5,
water filter system countertop,under-sink-drinking-water-filters,Google autocomplete: surfaced by 1 seed query (best position 5); e.g. 'water filter installation c',medium,0.9,topic-general,1,5,
water filter system dispenser,water-treatment-purification,Google autocomplete: surfaced by 1 seed query (best position 5); e.g. 'water filter installation d',medium,0.9,topic-general,1,5,
water filter system for sink,water-treatment-purification,Google autocomplete: surfaced by 1 seed query (best position 5); e.g. 'water filter installation f',medium,0.9,topic-general,1,5,
water filtration machine location subnautica,water-treatment-purification,Google autocomplete: surfaced by 1 seed query (best position 5); e.g. 'water filter installation m',medium,0.9,topic-general,1,5,
water filter system well,well-water-treatment,Google autocomplete: surfaced by 1 seed query (best position 5); e.g. 'water filter installation w',medium,0.9,topic-general,1,5,
water purifier with installation,water-treatment-purification,Google autocomplete: surfaced by 1 seed query (best position 8); e.g. 'water filter installation w',medium,0.9,transactional-local,1,8,
water softener system and installation,water-softener-installation,Google autocomplete: surfaced by 1 seed query (best position 8); e.g. 'water softener installation a',medium,0.9,transactional-local,1,8,
water softener installation how to,water-softener-installation,Google autocomplete: surfaced by 1 seed query (best position 2); e.g. 'water softener installation h',medium,0.9,informational,1,2,
water softener can i install myself,water-softener-installation,Google autocomplete: surfaced by 2 seed queries (best position 5); e.g. 'water softener installation i',medium,0.9,informational,2,5,
water softener sales and installation near me,water-softener-installation,Google autocomplete: surfaced by 1 seed query (best position 8); e.g. 'water softener installation n',medium,0.9,transactional-local,1,8,
water softener system installation price,water-softener-installation,Google autocomplete: surfaced by 1 seed query (best position 8); e.g. 'water softener installation p',medium,0.9,transactional-local,1,8,
water softener system installation near me,water-softener-installation,Google autocomplete: surfaced by 1 seed query (best position 8); e.g. 'water softener installation s',medium,0.9,transactional-local,1,8,
iron filter check valve,iron-sulfur-removal,Google autocomplete: surfaced by 1 seed query (best position 5); e.g. 'iron filter c',medium,0.9,topic-general,1,5,
iron filter life expectancy,iron-sulfur-removal,Google autocomplete: surfaced by 2 seed queries (best position 6); e.g. 'iron filter e',medium,0.9,topic-general,2,6,
iron filter guard,iron-sulfur-removal,Google autocomplete: surfaced by 1 seed query (best position 5); e.g. 'iron filter g',medium,0.9,topic-general,1,5,
iron filter hose,iron-sulfur-removal,Google autocomplete: surfaced by 1 seed query (best position 5); e.g. 'iron filter h',medium,0.9,topic-general,1,5,
iron filter in water tank,iron-sulfur-removal,Google autocomplete: surfaced by 1 seed query (best position 5); e.g. 'iron filter i',medium,0.9,topic-general,1,5,
iron filter katalox,iron-sulfur-removal,Google autocomplete: surfaced by 1 seed query (best position 5); e.g. 'iron filter k',medium,0.9,topic-general,1,5,
iron filter low water pressure,iron-sulfur-removal,Google autocomplete: surfaced by 1 seed query (best position 5); e.g. 'iron filter l',medium,0.9,topic-general,1,5,
iron filter media for well water,iron-sulfur-removal,Google autocomplete: surfaced by 1 seed query (best position 5); e.g. 'iron filter m',medium,0.9,topic-general,1,5,
iron filter nearby,iron-sulfur-removal,Google autocomplete: surfaced by 1 seed query (best position 5); e.g. 'iron filter n',medium,0.9,topic-general,1,5,
iron filter ozone,iron-sulfur-removal,Google autocomplete: surfaced by 1 seed query (best position 5); e.g. 'iron filter o',medium,0.9,topic-general,1,5,
iron filter problems,iron-sulfur-removal,Google autocomplete: surfaced by 1 seed query (best position 5); e.g. 'iron filter p',medium,0.9,topic-general,1,5,
iron filter shower,iron-sulfur-removal,Google autocomplete: surfaced by 1 seed query (best position 5); e.g. 'iron filter s',medium,0.9,topic-general,1,5,
iron filter well,iron-sulfur-removal,Google autocomplete: surfaced by 1 seed query (best position 5); e.g. 'iron filter w',medium,0.9,topic-general,1,5,
is columbus tap water hard,hard-water-treatment,Google autocomplete: surfaced by 1 seed query (best position 5); e.g. 'is columbus water hard',medium,0.9,informational,1,5,
water well drillers ohio,well-water-treatment,Google autocomplete: surfaced by 1 seed query (best position 9); e.g. 'well water ohio',medium,0.9,transactional-local,1,9,
franklin county ohio well.water testing,well-water-treatment,Google autocomplete: surfaced by 1 seed query (best position 9); e.g. 'well water testing ohio',medium,0.9,transactional-local,1,9,
water heater installation columbus ohio,adjacent-water-heater-OUT-OF-SCOPE,Google autocomplete: surfaced by 1 seed query (best position 9); e.g. 'water heater columbus',low,0.9,transactional-local,1,9,
water conditioner service near me,salt-free-water-conditioner,Google autocomplete: surfaced by 1 seed query (best position 8); e.g. 'water softener service near me',medium,0.9,transactional-local,1,8,
rotten egg smell water filter,iron-sulfur-removal,Google autocomplete: surfaced by 1 seed query (best position 5); e.g. 'rotten egg smell water',medium,0.9,topic-general,1,5,
water testing kit,water-testing,Google autocomplete: surfaced by 4 seed queries (best position 1); e.g. 'water testing',low,0.81,diy/parts,4,1,
how much does it cost to install a water filtration system,water-treatment-purification,Google autocomplete: surfaced by 2 seed queries (best position 6); e.g. 'water filter installation columbus ohio',low,0.8,informational,2,6,
best water filtration system for well water,well-water-treatment,Google autocomplete: surfaced by 1 seed query (best position 7); e.g. 'best water filtration',low,0.8,commercial,1,7,
whole house water filtration cost,whole-house-water-filtration,Google autocomplete: surfaced by 1 seed query (best position 7); e.g. 'whole house water filter cost',low,0.8,commercial,1,7,
best whole house water filter for city water,whole-house-water-filtration,Google autocomplete: surfaced by 1 seed query (best position 7); e.g. 'best whole house water filter',low,0.8,commercial,1,7,
best water softener consumer reports,water-softener-systems,Google autocomplete: surfaced by 1 seed query (best position 7); e.g. 'best water softener',low,0.8,commercial,1,7,
how to drink reverse osmosis water,reverse-osmosis,Google autocomplete: surfaced by 1 seed query (best position 3); e.g. 'reverse osmosis columbus',low,0.8,informational,1,3,
reverse osmosis cost per gallon,reverse-osmosis,Google autocomplete: surfaced by 1 seed query (best position 7); e.g. 'reverse osmosis cost',low,0.8,commercial,1,7,
best reverse osmosis water filter countertop,reverse-osmosis,Google autocomplete: surfaced by 1 seed query (best position 7); e.g. 'best reverse osmosis',low,0.8,commercial,1,7,
best well water filtration and softener system,well-water-treatment,Google autocomplete: surfaced by 1 seed query (best position 7); e.g. 'best well water filtration',low,0.8,commercial,1,7,
where can i get my water tested for free,water-testing,Google autocomplete: surfaced by 2 seed queries (best position 5); e.g. 'water testing columbus',low,0.8,informational,2,5,
hard water system cost,hard-water-treatment,Google autocomplete: surfaced by 1 seed query (best position 7); e.g. 'hard water cost',low,0.8,commercial,1,7,
kinetico iron filter cost,iron-sulfur-removal,Google autocomplete: surfaced by 1 seed query (best position 7); e.g. 'iron filter cost',low,0.8,commercial,1,7,
best iron filter media for well water,iron-sulfur-removal,Google autocomplete: surfaced by 1 seed query (best position 7); e.g. 'best iron filter',low,0.8,commercial,1,7,
sulfur smell water how to fix,iron-sulfur-removal,Google autocomplete: surfaced by 1 seed query (best position 3); e.g. 'sulfur smell water',low,0.8,informational,1,3,
what does it mean if water smells like sulfur,iron-sulfur-removal,Google autocomplete: surfaced by 1 seed query (best position 3); e.g. 'sulfur smell water repair',low,0.8,informational,1,3,
what filters pfas from water,pfas-removal,Google autocomplete: surfaced by 2 seed queries (best position 7); e.g. 'pfas water filter cost',low,0.8,informational,2,7,
culligan salt free water conditioner cost,salt-free-water-conditioner,Google autocomplete: surfaced by 1 seed query (best position 7); e.g. 'salt free water softener cost',low,0.8,commercial,1,7,
uv light water filter cost,uv-water-purification,Google autocomplete: surfaced by 1 seed query (best position 7); e.g. 'uv water purification cost',low,0.8,commercial,1,7,
best uv water filter for home,uv-water-purification,Google autocomplete: surfaced by 1 seed query (best position 7); e.g. 'best uv water purification',low,0.8,commercial,1,7,
culligan under sink water filter cost,under-sink-drinking-water-filters,Google autocomplete: surfaced by 1 seed query (best position 7); e.g. 'under sink water filter cost',low,0.8,commercial,1,7,
best under sink water filter system without faucet,under-sink-drinking-water-filters,Google autocomplete: surfaced by 1 seed query (best position 7); e.g. 'best under sink water filter',low,0.8,commercial,1,7,
water filtration vs water softener system,water-softener-systems,Google autocomplete: surfaced by 1 seed query (best position 7); e.g. 'water filtration v',low,0.8,commercial,1,7,
water softener leaking from top,water-softener-repair-service,Google autocomplete: surfaced by 1 seed query (best position 7); e.g. 'water softener l',low,0.8,commercial,1,7,
water softener unit cost,water-softener-installation,Google autocomplete: surfaced by 1 seed query (best position 7); e.g. 'water softener u',low,0.8,commercial,1,7,
water softener vs whole house filter,water-softener-systems,Google autocomplete: surfaced by 1 seed query (best position 7); e.g. 'water softener v',low,0.8,commercial,1,7,
reverse osmosis how does it work,reverse-osmosis,Google autocomplete: surfaced by 1 seed query (best position 3); e.g. 'reverse osmosis h',low,0.8,informational,1,3,
reverse osmosis quote,reverse-osmosis,Google autocomplete: surfaced by 1 seed query (best position 7); e.g. 'reverse osmosis q',low,0.8,commercial,1,7,
reverse osmosis reviews,reverse-osmosis,Google autocomplete: surfaced by 1 seed query (best position 7); e.g. 'reverse osmosis r',low,0.8,commercial,1,7,
reverse osmosis tank pressure when full,reverse-osmosis,Google autocomplete: surfaced by 1 seed query (best position 3); e.g. 'reverse osmosis t',low,0.8,informational,1,3,
well water filter how often to change,well-water-treatment,Google autocomplete: surfaced by 1 seed query (best position 3); e.g. 'well water filtration h',low,0.8,informational,1,3,
water softener installation guide,water-softener-installation,Google autocomplete: surfaced by 1 seed query (best position 3); e.g. 'water softener installation g',low,0.8,informational,1,3,
what size iron filter do i need,iron-sulfur-removal,Google autocomplete: surfaced by 2 seed queries (best position 6); e.g. 'iron filter x',low,0.8,informational,2,6,
can i replace a water softener myself,water-softener-systems,Google autocomplete: surfaced by 1 seed query (best position 3); e.g. 'water softener worthington',low,0.8,informational,1,3,
what state has the best water filtration system,water-treatment-purification,Google autocomplete: surfaced by 1 seed query (best position 3); e.g. 'water filtration delaware ohio',low,0.8,informational,1,3,
does tap water have pfas,pfas-removal,Google autocomplete: surfaced by 1 seed query (best position 3); e.g. 'pfas columbus ohio water',low,0.8,informational,1,3,
reverse osmosis water system,reverse-osmosis,Google autocomplete: surfaced by 1 seed query (best position 6); e.g. 'reverse osmosis',low,0.75,topic-general,1,6,
my ro system stopped working,reverse-osmosis,Google autocomplete: surfaced by 1 seed query (best position 6); e.g. 'ro system installation repair',low,0.75,topic-general,1,6,
hard water looks like,hard-water-treatment,Google autocomplete: surfaced by 1 seed query (best position 6); e.g. 'hard water columbus',low,0.75,topic-general,1,6,
hard water rate,hard-water-treatment,Google autocomplete: surfaced by 1 seed query (best position 6); e.g. 'hard water cost',low,0.75,topic-general,1,6,
iron filter replacement media,iron-sulfur-removal,Google autocomplete: surfaced by 2 seed queries (best position 7); e.g. 'iron filter r',low,0.75,topic-general,2,7,
sulfur smell water softener,iron-sulfur-removal,Google autocomplete: surfaced by 1 seed query (best position 6); e.g. 'sulfur smell water',low,0.75,topic-general,1,6,
pfas water filter under sink,pfas-removal,Google autocomplete: surfaced by 1 seed query (best position 6); e.g. 'pfas water filter',low,0.75,topic-general,1,6,
uv water purification light,uv-water-purification,Google autocomplete: surfaced by 1 seed query (best position 6); e.g. 'uv water purification',low,0.75,topic-general,1,6,
uv water filter system,uv-water-purification,Google autocomplete: surfaced by 1 seed query (best position 6); e.g. 'uv water purification installation',low,0.75,topic-general,1,6,
water purification system for home,water-treatment-purification,Google autocomplete: surfaced by 1 seed query (best position 6); e.g. 'water purification installation',low,0.75,topic-general,1,6,
water filtration house system,water-treatment-purification,Google autocomplete: surfaced by 1 seed query (best position 6); e.g. 'water filtration h',low,0.75,topic-general,1,6,
whole house water filter and conditioner,salt-free-water-conditioner,Google autocomplete: surfaced by 1 seed query (best position 6); e.g. 'whole house water filter a',low,0.75,topic-general,1,6,
whole house water filter drinking,whole-house-water-filtration,Google autocomplete: surfaced by 1 seed query (best position 6); e.g. 'whole house water filter d',low,0.75,topic-general,1,6,
whole house water filter for sulfur smell,iron-sulfur-removal,Google autocomplete: surfaced by 1 seed query (best position 6); e.g. 'whole house water filter f',low,0.75,topic-general,1,6,
whole house water filter hard water,hard-water-treatment,Google autocomplete: surfaced by 1 seed query (best position 6); e.g. 'whole house water filter h',low,0.75,topic-general,1,6,
whole house water filter iron,iron-sulfur-removal,Google autocomplete: surfaced by 1 seed query (best position 6); e.g. 'whole house water filter i',low,0.75,topic-general,1,6,
just ingredients whole house water filter,whole-house-water-filtration,Google autocomplete: surfaced by 1 seed query (best position 6); e.g. 'whole house water filter j',low,0.75,topic-general,1,6,
whole house water filter kdf,whole-house-water-filtration,Google autocomplete: surfaced by 1 seed query (best position 6); e.g. 'whole house water filter k',low,0.75,topic-general,1,6,
whole house water filter lead,contaminant-specific-filtration,Google autocomplete: surfaced by 1 seed query (best position 6); e.g. 'whole house water filter l',low,0.75,topic-general,1,6,
whole house water filter made in usa,whole-house-water-filtration,Google autocomplete: surfaced by 1 seed query (best position 6); e.g. 'whole house water filter m',low,0.75,topic-general,1,6,
whole house water filter on well,well-water-treatment,Google autocomplete: surfaced by 1 seed query (best position 6); e.g. 'whole house water filter o',low,0.75,topic-general,1,6,
whole house water filter ratings,whole-house-water-filtration,Google autocomplete: surfaced by 1 seed query (best position 6); e.g. 'whole house water filter r',low,0.75,topic-general,1,6,
whole house water filter system for city water,whole-house-water-filtration,Google autocomplete: surfaced by 1 seed query (best position 6); e.g. 'whole house water filter s',low,0.75,topic-general,1,6,
whole house water filter tank,whole-house-water-filtration,Google autocomplete: surfaced by 1 seed query (best position 6); e.g. 'whole house water filter t',low,0.75,topic-general,1,6,
whole house water filter usa,whole-house-water-filtration,Google autocomplete: surfaced by 1 seed query (best position 6); e.g. 'whole house water filter u',low,0.75,topic-general,1,6,
whole house water filter with uv,uv-water-purification,Google autocomplete: surfaced by 1 seed query (best position 6); e.g. 'whole house water filter w',low,0.75,topic-general,1,6,
changing your whole house water filter,whole-house-water-filtration,Google autocomplete: surfaced by 1 seed query (best position 6); e.g. 'whole house water filter y',low,0.75,topic-general,1,6,
water softener air gap fitting,water-softener-systems,Google autocomplete: surfaced by 1 seed query (best position 6); e.g. 'water softener a',low,0.75,topic-general,1,6,
water softener bypass,water-softener-systems,Google autocomplete: surfaced by 1 seed query (best position 6); e.g. 'water softener b',low,0.75,topic-general,1,6,
water softener discharge hose,water-softener-systems,Google autocomplete: surfaced by 1 seed query (best position 6); e.g. 'water softener d',low,0.75,topic-general,1,6,
water softener for apartment,commercial-water-treatment,Google autocomplete: surfaced by 1 seed query (best position 6); e.g. 'water softener f',low,0.75,topic-general,1,6,
water softener hardness level 30,water-softener-systems,Google autocomplete: surfaced by 1 seed query (best position 6); e.g. 'water softener h',low,0.75,topic-general,1,6,
water softener leaking from bottom,water-softener-repair-service,Google autocomplete: surfaced by 1 seed query (best position 6); e.g. 'water softener l',low,0.75,topic-general,1,6,
water softener making loud noise,water-softener-systems,Google autocomplete: surfaced by 1 seed query (best position 6); e.g. 'water softener m',low,0.75,topic-general,1,6,
water softener no salt,salt-free-water-conditioner,Google autocomplete: surfaced by 1 seed query (best position 6); e.g. 'water softener n',low,0.75,topic-general,1,6,
water softener on sale,water-softener-installation,Google autocomplete: surfaced by 1 seed query (best position 6); e.g. 'water softener o',low,0.75,topic-general,1,6,
water softener quick connect,water-softener-systems,Google autocomplete: surfaced by 1 seed query (best position 6); e.g. 'water softener q',low,0.75,topic-general,1,6,
water softener tank replacement,water-softener-repair-service,Google autocomplete: surfaced by 1 seed query (best position 6); e.g. 'water softener t',low,0.75,topic-general,1,6,
water softener unit for home,water-softener-systems,Google autocomplete: surfaced by 1 seed query (best position 6); e.g. 'water softener u',low,0.75,topic-general,1,6,
water softener venturi valve,water-softener-repair-service,Google autocomplete: surfaced by 1 seed query (best position 6); e.g. 'water softener v',low,0.75,topic-general,1,6,
water softener water tastes salty,water-softener-systems,Google autocomplete: surfaced by 1 seed query (best position 6); e.g. 'water softener w',low,0.75,topic-general,1,6,
reverse osmosis air gap,reverse-osmosis,Google autocomplete: surfaced by 1 seed query (best position 6); e.g. 'reverse osmosis a',low,0.75,topic-general,1,6,
reverse osmosis bladder tank,reverse-osmosis,Google autocomplete: surfaced by 1 seed query (best position 6); e.g. 'reverse osmosis b',low,0.75,topic-general,1,6,
reverse osmosis e coli,well-water-treatment,Google autocomplete: surfaced by 1 seed query (best position 6); e.g. 'reverse osmosis e',low,0.75,topic-general,1,6,
reverse osmosis garbage disposal adapter,reverse-osmosis,Google autocomplete: surfaced by 1 seed query (best position 6); e.g. 'reverse osmosis g',low,0.75,topic-general,1,6,
reverse osmosis home water filter,reverse-osmosis,Google autocomplete: surfaced by 1 seed query (best position 6); e.g. 'reverse osmosis h',low,0.75,topic-general,1,6,
reverse osmosis kitchen water filter,reverse-osmosis,Google autocomplete: surfaced by 1 seed query (best position 6); e.g. 'reverse osmosis k',low,0.75,topic-general,1,6,
reverse osmosis not producing water,reverse-osmosis,Google autocomplete: surfaced by 1 seed query (best position 6); e.g. 'reverse osmosis n',low,0.75,topic-general,1,6,
reverse osmosis or carbon filter,reverse-osmosis,Google autocomplete: surfaced by 1 seed query (best position 6); e.g. 'reverse osmosis o',low,0.75,topic-general,1,6,
reverse osmosis purified water,reverse-osmosis,Google autocomplete: surfaced by 1 seed query (best position 6); e.g. 'reverse osmosis p',low,0.75,topic-general,1,6,
reverse osmosis quick connect,reverse-osmosis,Google autocomplete: surfaced by 1 seed query (best position 6); e.g. 'reverse osmosis q',low,0.75,topic-general,1,6,
reverse osmosis tank not filling,reverse-osmosis,Google autocomplete: surfaced by 1 seed query (best position 6); e.g. 'reverse osmosis t',low,0.75,topic-general,1,6,
reverse osmosis unit,reverse-osmosis,Google autocomplete: surfaced by 1 seed query (best position 6); e.g. 'reverse osmosis u',low,0.75,topic-general,1,6,
reverse osmosis water filter whole house,reverse-osmosis,Google autocomplete: surfaced by 1 seed query (best position 6); e.g. 'reverse osmosis w',low,0.75,topic-general,1,6,
reverse osmosis zero liquid discharge,reverse-osmosis,Google autocomplete: surfaced by 1 seed query (best position 6); e.g. 'reverse osmosis z',low,0.75,topic-general,1,6,
well water filter backwash,well-water-treatment,Google autocomplete: surfaced by 1 seed query (best position 6); e.g. 'well water filtration b',low,0.75,topic-general,1,6,
well water filter for iron,iron-sulfur-removal,Google autocomplete: surfaced by 1 seed query (best position 6); e.g. 'well water filtration f',low,0.75,topic-general,1,6,
well water filter hose,well-water-treatment,Google autocomplete: surfaced by 1 seed query (best position 6); e.g. 'well water filtration h',low,0.75,topic-general,1,6,
well water filter iron,iron-sulfur-removal,Google autocomplete: surfaced by 1 seed query (best position 6); e.g. 'well water filtration i',low,0.75,topic-general,1,6,
well water filter orange,well-water-treatment,Google autocomplete: surfaced by 1 seed query (best position 6); e.g. 'well water filtration o',low,0.75,topic-general,1,6,
well water uranium filter,well-water-treatment,Google autocomplete: surfaced by 1 seed query (best position 6); e.g. 'well water filtration u',low,0.75,topic-general,1,6,
well water filter with uv light,uv-water-purification,Google autocomplete: surfaced by 1 seed query (best position 6); e.g. 'well water filtration w',low,0.75,topic-general,1,6,
water testing for bacteria,well-water-treatment,Google autocomplete: surfaced by 1 seed query (best position 6); e.g. 'water testing f',low,0.75,topic-general,1,6,
water testing unit,water-testing,Google autocomplete: surfaced by 1 seed query (best position 6); e.g. 'water testing u',low,0.75,topic-general,1,6,
water testing york region,water-testing,Google autocomplete: surfaced by 1 seed query (best position 6); e.g. 'water testing y',low,0.75,topic-general,1,6,
water testing new zealand,water-testing,Google autocomplete: surfaced by 1 seed query (best position 6); e.g. 'water testing z',low,0.75,topic-general,1,6,
water treatment at home,water-treatment-purification,Google autocomplete: surfaced by 1 seed query (best position 6); e.g. 'water treatment a',low,0.75,topic-general,1,6,
water treatment lab technician,water-testing,Google autocomplete: surfaced by 1 seed query (best position 6); e.g. 'water treatment l',low,0.75,topic-general,1,6,
water treatment uv light system,uv-water-purification,Google autocomplete: surfaced by 1 seed query (best position 6); e.g. 'water treatment u',low,0.75,topic-general,1,6,
water purification and softener systems,water-softener-systems,Google autocomplete: surfaced by 1 seed query (best position 6); e.g. 'water purification a',low,0.75,topic-general,1,6,
water purification business,commercial-water-treatment,Google autocomplete: surfaced by 1 seed query (best position 6); e.g. 'water purification b',low,0.75,topic-general,1,6,
water purification chemicals,contaminant-specific-filtration,Google autocomplete: surfaced by 1 seed query (best position 6); e.g. 'water purification c',low,0.75,topic-general,1,6,
water purification household methods,water-treatment-purification,Google autocomplete: surfaced by 1 seed query (best position 6); e.g. 'water purification h',low,0.75,topic-general,1,6,
hard water areas,hard-water-treatment,Google autocomplete: surfaced by 1 seed query (best position 6); e.g. 'hard water a',low,0.75,topic-general,1,6,
hard water examples,hard-water-treatment,Google autocomplete: surfaced by 1 seed query (best position 6); e.g. 'hard water e',low,0.75,topic-general,1,6,
hard water filter for hose,hard-water-treatment,Google autocomplete: surfaced by 1 seed query (best position 6); e.g. 'hard water f',low,0.75,topic-general,1,6,
hard water good for drinking,hard-water-treatment,Google autocomplete: surfaced by 1 seed query (best position 6); e.g. 'hard water g',low,0.75,topic-general,1,6,
hard water kettle,hard-water-treatment,Google autocomplete: surfaced by 1 seed query (best position 6); e.g. 'hard water k',low,0.75,topic-general,1,6,
hard water ph level,hard-water-treatment,Google autocomplete: surfaced by 1 seed query (best position 6); e.g. 'hard water p',low,0.75,topic-general,1,6,
hard water rash pictures,hard-water-treatment,Google autocomplete: surfaced by 1 seed query (best position 6); e.g. 'hard water r',low,0.75,topic-general,1,6,
hard water yellow,hard-water-treatment,Google autocomplete: surfaced by 1 seed query (best position 6); e.g. 'hard water y',low,0.75,topic-general,1,6,
hard water zip code check,hard-water-treatment,Google autocomplete: surfaced by 1 seed query (best position 6); e.g. 'hard water z',low,0.75,topic-general,1,6,
water filtration system entire house,whole-house-water-filtration,Google autocomplete: surfaced by 1 seed query (best position 6); e.g. 'water filter installation e',low,0.75,topic-general,1,6,
water filter system for whole house,whole-house-water-filtration,Google autocomplete: surfaced by 1 seed query (best position 6); e.g. 'water filter installation f',low,0.75,topic-general,1,6,
water filter system large,water-treatment-purification,Google autocomplete: surfaced by 1 seed query (best position 6); e.g. 'water filter installation l',low,0.75,topic-general,1,6,
water purification system reverse osmosis,reverse-osmosis,Google autocomplete: surfaced by 1 seed query (best position 6); e.g. 'water filter installation r',low,0.75,topic-general,1,6,
water filter system under kitchen sink,under-sink-drinking-water-filters,Google autocomplete: surfaced by 1 seed query (best position 6); e.g. 'water filter installation u',low,0.75,topic-general,1,6,
iron filter air injector,iron-sulfur-removal,Google autocomplete: surfaced by 1 seed query (best position 6); e.g. 'iron filter a',low,0.75,topic-general,1,6,
iron filter backwash frequency,iron-sulfur-removal,Google autocomplete: surfaced by 1 seed query (best position 6); e.g. 'iron filter b',low,0.75,topic-general,1,6,
iron filter home,iron-sulfur-removal,Google autocomplete: surfaced by 1 seed query (best position 6); e.g. 'iron filter h',low,0.75,topic-general,1,6,
iron filter in tap,iron-sulfur-removal,Google autocomplete: surfaced by 1 seed query (best position 6); e.g. 'iron filter i',low,0.75,topic-general,1,6,
iron filter net,iron-sulfur-removal,Google autocomplete: surfaced by 1 seed query (best position 6); e.g. 'iron filter n',low,0.75,topic-general,1,6,
iron filter options,iron-sulfur-removal,Google autocomplete: surfaced by 1 seed query (best position 6); e.g. 'iron filter o',low,0.75,topic-general,1,6,
iron filter resin,iron-sulfur-removal,Google autocomplete: surfaced by 1 seed query (best position 6); e.g. 'iron filter r',low,0.75,topic-general,1,6,
kinetico columbus,competitor-brands-local,Google autocomplete: surfaced by 1 seed query (best position 1); e.g. 'kinetico columbus',low,0.75,navigational-brand/retail,1,1,
sulfur smell in water new house,iron-sulfur-removal,Google autocomplete: surfaced by 1 seed query (best position 6); e.g. 'sulfur smell in water',low,0.75,topic-general,1,6,
rotten egg smell water well,iron-sulfur-removal,Google autocomplete: surfaced by 1 seed query (best position 6); e.g. 'rotten egg smell water',low,0.75,topic-general,1,6,
nitrate water filter whole house,contaminant-specific-filtration,Google autocomplete: surfaced by 1 seed query (best position 6); e.g. 'nitrate water filter',low,0.75,topic-general,1,6,
arsenic water filter under sink,under-sink-drinking-water-filters,Google autocomplete: surfaced by 1 seed query (best position 6); e.g. 'arsenic water filter',low,0.75,topic-general,1,6,
water filter installation costco,water-filter-installation,Google autocomplete: surfaced by 1 seed query (best position 3); e.g. 'water filter installation cost',low,0.72,transactional-local,1,3,
water softener installation lowes,water-softener-installation,Google autocomplete: surfaced by 1 seed query (best position 3); e.g. 'water softener installation l',low,0.72,transactional-local,1,3,
well water testing dayton ohio,well-water-treatment,"[Ohio, outside service area] Google autocomplete: surfaced by 1 seed query (best position 3); e.g. 'well water testing ohio'",low,0.72,transactional-local,1,3,
how much should it cost to have a water softener installed,water-softener-installation,Google autocomplete: surfaced by 1 seed query (best position 4); e.g. 'water softener installation columbus ohio',low,0.7,informational,1,4,
how do i get rid of the sulfur smell in my water,iron-sulfur-removal,Google autocomplete: surfaced by 1 seed query (best position 4); e.g. 'best sulfur smell water',low,0.7,informational,1,4,
do any water filters remove pfas,pfas-removal,Google autocomplete: surfaced by 1 seed query (best position 4); e.g. 'pfas water filter near me',low,0.7,informational,1,4,
whole house water filter how often to change,whole-house-water-filtration,Google autocomplete: surfaced by 1 seed query (best position 4); e.g. 'whole house water filter h',low,0.7,informational,1,4,
do i need a whole house water filter,whole-house-water-filtration,Google autocomplete: surfaced by 2 seed queries (best position 7); e.g. 'whole house water filter j',low,0.7,informational,2,7,
what size whole house water filter do i need,whole-house-water-filtration,Google autocomplete: surfaced by 1 seed query (best position 4); e.g. 'whole house water filter z',low,0.7,informational,1,4,
water softener explained,water-softener-systems,Google autocomplete: surfaced by 1 seed query (best position 4); e.g. 'water softener e',low,0.7,informational,1,4,
reverse osmosis good or bad,reverse-osmosis,Google autocomplete: surfaced by 1 seed query (best position 4); e.g. 'reverse osmosis g',low,0.7,informational,1,4,
well water filtration system explained,well-water-treatment,Google autocomplete: surfaced by 1 seed query (best position 4); e.g. 'well water filtration e',low,0.7,informational,1,4,
what is water testing,water-testing,Google autocomplete: surfaced by 2 seed queries (best position 5); e.g. 'water testing u',low,0.7,informational,2,5,
what does an iron filter look like,iron-sulfur-removal,Google autocomplete: surfaced by 1 seed query (best position 4); e.g. 'iron filter x',low,0.7,informational,1,4,
how much is a water filtration system cost,water-treatment-purification,Google autocomplete: surfaced by 1 seed query (best position 4); e.g. 'water purification system near me',low,0.7,informational,1,4,
kinetico columbus ohio,competitor-brands-local,Google autocomplete: surfaced by 1 seed query (best position 2); e.g. 'kinetico columbus',low,0.68,navigational-brand/retail,1,2,
water filter cost for home,water-treatment-purification,Google autocomplete: surfaced by 1 seed query (best position 8); e.g. 'water filtration cost',low,0.6,commercial,1,8,
whole house water filter service near me,whole-house-water-filtration,Google autocomplete: surfaced by 1 seed query (best position 9); e.g. 'whole house water filter repair',medium,0.6,transactional-local,1,9,
best whole house water filter system for well water,well-water-treatment,Google autocomplete: surfaced by 1 seed query (best position 8); e.g. 'best whole house water filter',low,0.6,commercial,1,8,
water softener repairman,water-softener-repair-service,Google autocomplete: surfaced by 2 seed queries (best position 10); e.g. 'water conditioning repair',medium,0.6,transactional-local,2,10,
easiest water softener to install,water-softener-installation,Google autocomplete: surfaced by 1 seed query (best position 9); e.g. 'best water softener installation',medium,0.6,transactional-local,1,9,
reverse osmosis water near me refill,reverse-osmosis,Google autocomplete: surfaced by 1 seed query (best position 9); e.g. 'reverse osmosis near me',medium,0.6,transactional-local,1,9,
reverse osmosis cost per m3,reverse-osmosis,Google autocomplete: surfaced by 1 seed query (best position 8); e.g. 'reverse osmosis cost',low,0.6,commercial,1,8,
ispring reverse osmosis installation,reverse-osmosis,Google autocomplete: surfaced by 1 seed query (best position 9); e.g. 'reverse osmosis installation',medium,0.6,transactional-local,1,9,
reverse osmosis service companies near me,reverse-osmosis,Google autocomplete: surfaced by 1 seed query (best position 9); e.g. 'reverse osmosis repair',medium,0.6,transactional-local,1,9,
best reverse osmosis system consumer reports,reverse-osmosis,Google autocomplete: surfaced by 1 seed query (best position 8); e.g. 'best reverse osmosis',low,0.6,commercial,1,8,
how much does it cost to install a reverse osmosis system,reverse-osmosis,Google autocomplete: surfaced by 2 seed queries (best position 6); e.g. 'best ro system installation',low,0.6,informational,2,6,
whole house reverse osmosis system installation cost,reverse-osmosis,Google autocomplete: surfaced by 1 seed query (best position 9); e.g. 'ro system installation cost',medium,0.6,transactional-local,1,9,
why is my ro system not working,reverse-osmosis,Google autocomplete: surfaced by 1 seed query (best position 5); e.g. 'ro system installation repair',low,0.6,informational,1,5,
can i install my own reverse osmosis system,reverse-osmosis,Google autocomplete: surfaced by 1 seed query (best position 5); e.g. 'best ro system installation',low,0.6,informational,1,5,
well water filtration system with uv light,uv-water-purification,Google autocomplete: surfaced by 3 seed queries (best position 9); e.g. 'well water filtration',low,0.6,topic-general,3,9,
well water filtration system reviews,well-water-treatment,Google autocomplete: surfaced by 1 seed query (best position 8); e.g. 'well water filtration repair',low,0.6,commercial,1,8,
best well water filtration system consumer reports,well-water-treatment,Google autocomplete: surfaced by 1 seed query (best position 8); e.g. 'best well water filtration',low,0.6,commercial,1,8,
how to get water tested for free,water-testing,Google autocomplete: surfaced by 1 seed query (best position 5); e.g. 'water testing installation',low,0.6,informational,1,5,
hard water treatment near me,hard-water-treatment,Google autocomplete: surfaced by 1 seed query (best position 9); e.g. 'hard water near me',medium,0.6,transactional-local,1,9,
hard water softener cost,water-softener-installation,Google autocomplete: surfaced by 1 seed query (best position 8); e.g. 'hard water cost',low,0.6,commercial,1,8,
hard water systems,hard-water-treatment,Google autocomplete: surfaced by 1 seed query (best position 7); e.g. 'hard water installation',low,0.6,topic-general,1,7,
hard water filter installation,hard-water-treatment,Google autocomplete: surfaced by 1 seed query (best position 9); e.g. 'hard water installation',medium,0.6,transactional-local,1,9,
hard water fix,hard-water-treatment,Google autocomplete: surfaced by 1 seed query (best position 7); e.g. 'hard water repair',low,0.6,topic-general,1,7,
iron removal filter cost,iron-sulfur-removal,Google autocomplete: surfaced by 1 seed query (best position 8); e.g. 'iron filter cost',low,0.6,commercial,1,8,
best iron filter media,iron-sulfur-removal,Google autocomplete: surfaced by 1 seed query (best position 8); e.g. 'best iron filter',low,0.6,commercial,1,8,
why does my water smell like sulfur,iron-sulfur-removal,Google autocomplete: surfaced by 1 seed query (best position 5); e.g. 'best sulfur smell water',low,0.6,informational,1,5,
best pfas water filtration system,pfas-removal,Google autocomplete: surfaced by 1 seed query (best position 8); e.g. 'best pfas water filter',low,0.6,commercial,1,8,
water filter setup cost,water-treatment-purification,Google autocomplete: surfaced by 1 seed query (best position 8); e.g. 'water filter installation cost',low,0.6,commercial,1,8,
where should a whole house water filter be installed,whole-house-water-filtration,Google autocomplete: surfaced by 1 seed query (best position 5); e.g. 'best water filter installation',low,0.6,informational,1,5,
water conditioning salt,salt-free-water-conditioner,Google autocomplete: surfaced by 1 seed query (best position 7); e.g. 'water conditioning',low,0.6,topic-general,1,7,
water conditioning vs water softening,salt-free-water-conditioner,Google autocomplete: surfaced by 1 seed query (best position 8); e.g. 'water conditioning',low,0.6,commercial,1,8,
canadian water conditioning reviews,salt-free-water-conditioner,Google autocomplete: surfaced by 1 seed query (best position 8); e.g. 'water conditioning columbus',low,0.6,commercial,1,8,
best water conditioner for home,salt-free-water-conditioner,Google autocomplete: surfaced by 1 seed query (best position 8); e.g. 'best water conditioning',low,0.6,commercial,1,8,
salt free water softener whole house,salt-free-water-conditioner,Google autocomplete: surfaced by 1 seed query (best position 7); e.g. 'salt free water softener',low,0.6,topic-general,1,7,
salt free water conditioner media,salt-free-water-conditioner,Google autocomplete: surfaced by 1 seed query (best position 7); e.g. 'salt free water softener near me',low,0.6,topic-general,1,7,
aquasential salt free water conditioner cost,salt-free-water-conditioner,Google autocomplete: surfaced by 1 seed query (best position 8); e.g. 'salt free water softener cost',low,0.6,commercial,1,8,
best salt free water softener whole house,salt-free-water-conditioner,Google autocomplete: surfaced by 1 seed query (best position 8); e.g. 'best salt free water softener',low,0.6,commercial,1,8,
uv light for water treatment cost,uv-water-purification,Google autocomplete: surfaced by 1 seed query (best position 8); e.g. 'uv water purification near me',low,0.6,commercial,1,8,
ro uv water purifier cost,uv-water-purification,Google autocomplete: surfaced by 1 seed query (best position 8); e.g. 'uv water purification cost',low,0.6,commercial,1,8,
uv water purifier installation cost,uv-water-purification,Google autocomplete: surfaced by 1 seed query (best position 9); e.g. 'uv water purification cost',medium,0.6,transactional-local,1,9,
uv water treatment system,uv-water-purification,Google autocomplete: surfaced by 1 seed query (best position 7); e.g. 'uv water purification installation',low,0.6,topic-general,1,7,
under sink water filter for hot and cold water,under-sink-drinking-water-filters,Google autocomplete: surfaced by 1 seed query (best position 7); e.g. 'under sink water filter',low,0.6,topic-general,1,7,
under sink water purifier merlin,under-sink-drinking-water-filters,Google autocomplete: surfaced by 1 seed query (best position 7); e.g. 'under sink water filter near me',low,0.6,topic-general,1,7,
best under sink water filter reverse osmosis,reverse-osmosis,Google autocomplete: surfaced by 1 seed query (best position 8); e.g. 'best under sink water filter',low,0.6,commercial,1,8,
water filtration maintenance,water-treatment-purification,Google autocomplete: surfaced by 1 seed query (best position 9); e.g. 'water filtration m',medium,0.6,transactional-local,1,9,
water filtration system near me,water-treatment-purification,Google autocomplete: surfaced by 1 seed query (best position 9); e.g. 'water filtration s',medium,0.6,transactional-local,1,9,
water filtration unit for home,water-treatment-purification,Google autocomplete: surfaced by 1 seed query (best position 7); e.g. 'water filtration u',low,0.6,topic-general,1,7,
whole house water filter before or after pressure tank,whole-house-water-filtration,Google autocomplete: surfaced by 1 seed query (best position 7); e.g. 'whole house water filter b',low,0.6,topic-general,1,7,
whole house water filter dripping,whole-house-water-filtration,Google autocomplete: surfaced by 1 seed query (best position 7); e.g. 'whole house water filter d',low,0.6,topic-general,1,7,
whole house water filter exterior,whole-house-water-filtration,Google autocomplete: surfaced by 1 seed query (best position 7); e.g. 'whole house water filter e',low,0.6,topic-general,1,7,
whole house water filter easy install,whole-house-water-filtration,Google autocomplete: surfaced by 1 seed query (best position 9); e.g. 'whole house water filter e',medium,0.6,transactional-local,1,9,
whole house water filter for sediment,contaminant-specific-filtration,Google autocomplete: surfaced by 1 seed query (best position 7); e.g. 'whole house water filter f',low,0.6,topic-general,1,7,
whole house water filter gxwh40l,whole-house-water-filtration,Google autocomplete: surfaced by 1 seed query (best position 7); e.g. 'whole house water filter g',low,0.6,topic-general,1,7,
whole house water filter hard to remove,whole-house-water-filtration,Google autocomplete: surfaced by 1 seed query (best position 7); e.g. 'whole house water filter h',low,0.6,topic-general,1,7,
where does a whole house water filter go,whole-house-water-filtration,Google autocomplete: surfaced by 2 seed queries (best position 6); e.g. 'whole house water filter i',low,0.6,informational,2,6,
whole house water filter keeps leaking,whole-house-water-filtration,Google autocomplete: surfaced by 1 seed query (best position 7); e.g. 'whole house water filter k',low,0.6,topic-general,1,7,
whole house water filter manganese,iron-sulfur-removal,Google autocomplete: surfaced by 1 seed query (best position 7); e.g. 'whole house water filter m',low,0.6,topic-general,1,7,
whole house water filter no maintenance,whole-house-water-filtration,Google autocomplete: surfaced by 1 seed query (best position 9); e.g. 'whole house water filter n',medium,0.6,transactional-local,1,9,
whole house water filter outdoor installation,whole-house-water-filtration,Google autocomplete: surfaced by 1 seed query (best position 9); e.g. 'whole house water filter o',medium,0.6,transactional-local,1,9,
quick change whole house water filter,whole-house-water-filtration,Google autocomplete: surfaced by 1 seed query (best position 7); e.g. 'whole house water filter q',low,0.6,topic-general,1,7,
whole house water filter to remove calcium and lime,hard-water-treatment,Google autocomplete: surfaced by 1 seed query (best position 7); e.g. 'whole house water filter t',low,0.6,topic-general,1,7,
whole house water filter vertical,whole-house-water-filtration,Google autocomplete: surfaced by 1 seed query (best position 7); e.g. 'whole house water filter v',low,0.6,topic-general,1,7,
eco x whole house water filter,whole-house-water-filtration,Google autocomplete: surfaced by 1 seed query (best position 7); e.g. 'whole house water filter x',low,0.6,topic-general,1,7,
5 year whole house water filter,whole-house-water-filtration,Google autocomplete: surfaced by 1 seed query (best position 7); e.g. 'whole house water filter y',low,0.6,topic-general,1,7,
water softener benefits,water-softener-systems,Google autocomplete: surfaced by 1 seed query (best position 5); e.g. 'water softener b',low,0.6,informational,1,5,
water softener beads,water-softener-systems,Google autocomplete: surfaced by 1 seed query (best position 7); e.g. 'water softener b',low,0.6,topic-general,1,7,
water softener error code,water-softener-repair-service,Google autocomplete: surfaced by 1 seed query (best position 7); e.g. 'water softener e',low,0.6,topic-general,1,7,
water softener full of water,water-softener-systems,Google autocomplete: surfaced by 1 seed query (best position 7); e.g. 'water softener f',low,0.6,topic-general,1,7,
water softener has water in it,water-softener-systems,Google autocomplete: surfaced by 1 seed query (best position 7); e.g. 'water softener h',low,0.6,topic-general,1,7,
water softener kitchen sink,water-softener-systems,Google autocomplete: surfaced by 1 seed query (best position 7); e.g. 'water softener k',low,0.6,topic-general,1,7,
water softener making hissing noise,water-softener-systems,Google autocomplete: surfaced by 1 seed query (best position 7); e.g. 'water softener m',low,0.6,topic-general,1,7,
water softener not regenerating,water-softener-repair-service,Google autocomplete: surfaced by 1 seed query (best position 7); e.g. 'water softener n',low,0.6,topic-general,1,7,
water softener operation,water-softener-systems,Google autocomplete: surfaced by 1 seed query (best position 7); e.g. 'water softener o',low,0.6,topic-general,1,7,
water softener potassium chloride,water-softener-systems,Google autocomplete: surfaced by 1 seed query (best position 7); e.g. 'water softener p',low,0.6,topic-general,1,7,
water softener that doesn't use salt,water-softener-systems,Google autocomplete: surfaced by 1 seed query (best position 7); e.g. 'water softener t',low,0.6,topic-general,1,7,
water softener vs reverse osmosis system,reverse-osmosis,Google autocomplete: surfaced by 1 seed query (best position 8); e.g. 'water softener v',low,0.6,commercial,1,8,
water softener km soft xb2,water-softener-systems,Google autocomplete: surfaced by 1 seed query (best position 7); e.g. 'water softener x',low,0.6,topic-general,1,7,
zehrs water softener,water-softener-systems,Google autocomplete: surfaced by 1 seed query (best position 7); e.g. 'water softener z',low,0.6,topic-general,1,7,
reverse osmosis dispenser,reverse-osmosis,Google autocomplete: surfaced by 1 seed query (best position 7); e.g. 'reverse osmosis d',low,0.6,topic-general,1,7,
reverse osmosis examples,reverse-osmosis,Google autocomplete: surfaced by 1 seed query (best position 7); e.g. 'reverse osmosis e',low,0.6,topic-general,1,7,
reverse osmosis filtration system,reverse-osmosis,Google autocomplete: surfaced by 1 seed query (best position 7); e.g. 'reverse osmosis f',low,0.6,topic-general,1,7,
reverse osmosis gpd,reverse-osmosis,Google autocomplete: surfaced by 1 seed query (best position 7); e.g. 'reverse osmosis g',low,0.6,topic-general,1,7,
reverse osmosis hot and cold water dispenser,reverse-osmosis,Google autocomplete: surfaced by 1 seed query (best position 7); e.g. 'reverse osmosis h',low,0.6,topic-general,1,7,
reverse osmosis jane kucera,reverse-osmosis,Google autocomplete: surfaced by 1 seed query (best position 7); e.g. 'reverse osmosis j',low,0.6,topic-general,1,7,
reverse osmosis kitchen sink system,reverse-osmosis,Google autocomplete: surfaced by 1 seed query (best position 7); e.g. 'reverse osmosis k',low,0.6,topic-general,1,7,
reverse osmosis leaking from air gap,reverse-osmosis,Google autocomplete: surfaced by 1 seed query (best position 7); e.g. 'reverse osmosis l',low,0.6,topic-general,1,7,
reverse osmosis microplastics,reverse-osmosis,Google autocomplete: surfaced by 1 seed query (best position 7); e.g. 'reverse osmosis m',low,0.6,topic-general,1,7,
reverse osmosis not filling tank,reverse-osmosis,Google autocomplete: surfaced by 1 seed query (best position 7); e.g. 'reverse osmosis n',low,0.6,topic-general,1,7,
reverse osmosis system for well water,well-water-treatment,Google autocomplete: surfaced by 1 seed query (best position 7); e.g. 'reverse osmosis s',low,0.6,topic-general,1,7,
reverse osmosis tap,reverse-osmosis,Google autocomplete: surfaced by 1 seed query (best position 7); e.g. 'reverse osmosis t',low,0.6,topic-general,1,7,
reverse osmosis under sink water system,reverse-osmosis,Google autocomplete: surfaced by 1 seed query (best position 7); e.g. 'reverse osmosis u',low,0.6,topic-general,1,7,
reverse osmosis vs spring water,reverse-osmosis,Google autocomplete: surfaced by 1 seed query (best position 8); e.g. 'reverse osmosis v',low,0.6,commercial,1,8,
reverse osmosis water systems,reverse-osmosis,Google autocomplete: surfaced by 1 seed query (best position 7); e.g. 'reverse osmosis w',low,0.6,topic-general,1,7,
reverse osmosis zero water filter,reverse-osmosis,Google autocomplete: surfaced by 1 seed query (best position 7); e.g. 'reverse osmosis z',low,0.6,topic-general,1,7,
well water filter for washing machine,well-water-treatment,Google autocomplete: surfaced by 1 seed query (best position 7); e.g. 'well water filtration f',low,0.6,topic-general,1,7,
well water filter is black,well-water-treatment,Google autocomplete: surfaced by 1 seed query (best position 5); e.g. 'well water filtration i',low,0.6,informational,1,5,
well water filter inline,well-water-treatment,Google autocomplete: surfaced by 1 seed query (best position 7); e.g. 'well water filtration i',low,0.6,topic-general,1,7,
well water filtration system layout,well-water-treatment,Google autocomplete: surfaced by 1 seed query (best position 7); e.g. 'well water filtration l',low,0.6,topic-general,1,7,
well water odor filtration system,well-water-treatment,Google autocomplete: surfaced by 1 seed query (best position 7); e.g. 'well water filtration o',low,0.6,topic-general,1,7,
well water filter replacement nearby,well-water-treatment,Google autocomplete: surfaced by 1 seed query (best position 7); e.g. 'well water filtration r',low,0.6,topic-general,1,7,
well water filter tractor supply,well-water-treatment,Google autocomplete: surfaced by 1 seed query (best position 7); e.g. 'well water filtration t',low,0.6,topic-general,1,7,
well water without filter,well-water-treatment,Google autocomplete: surfaced by 1 seed query (best position 7); e.g. 'well water filtration w',low,0.6,topic-general,1,7,
water testing equipment near me,water-testing,Google autocomplete: surfaced by 1 seed query (best position 9); e.g. 'water testing e',medium,0.6,transactional-local,1,9,
water testing kit near me,water-testing,Google autocomplete: surfaced by 1 seed query (best position 9); e.g. 'water testing k',medium,0.6,transactional-local,1,9,
water testing online,water-testing,Google autocomplete: surfaced by 1 seed query (best position 7); e.g. 'water testing o',low,0.6,topic-general,1,7,
water testing qualifications,water-testing,Google autocomplete: surfaced by 1 seed query (best position 7); e.g. 'water testing q',low,0.6,topic-general,1,7,
water testing thermometer,water-testing,Google autocomplete: surfaced by 1 seed query (best position 7); e.g. 'water testing t',low,0.6,topic-general,1,7,
water testing yarmouth ns,water-testing,Google autocomplete: surfaced by 1 seed query (best position 7); e.g. 'water testing y',low,0.6,topic-general,1,7,
water testing in zambia,water-testing,Google autocomplete: surfaced by 1 seed query (best position 7); e.g. 'water testing z',low,0.6,topic-general,1,7,
water treatment in home,water-treatment-purification,Google autocomplete: surfaced by 1 seed query (best position 7); e.g. 'water treatment i',low,0.6,topic-general,1,7,
water treatment test,water-testing,Google autocomplete: surfaced by 1 seed query (best position 7); e.g. 'water treatment t',low,0.6,topic-general,1,7,
water treatment update rust,iron-sulfur-removal,Google autocomplete: surfaced by 1 seed query (best position 7); e.g. 'water treatment u',low,0.6,topic-general,1,7,
water treatment vendors near me,water-treatment-purification,Google autocomplete: surfaced by 1 seed query (best position 9); e.g. 'water treatment v',medium,0.6,transactional-local,1,9,
water purification on large scale,hard-water-treatment,Google autocomplete: surfaced by 1 seed query (best position 7); e.g. 'water purification o',low,0.6,topic-general,1,7,
water purification with chlorine,contaminant-specific-filtration,Google autocomplete: surfaced by 1 seed query (best position 7); e.g. 'water purification w',low,0.6,topic-general,1,7,
hard water body wash,hard-water-treatment,Google autocomplete: surfaced by 1 seed query (best position 7); e.g. 'hard water b',low,0.6,topic-general,1,7,
hard water filter for sink,hard-water-treatment,Google autocomplete: surfaced by 1 seed query (best position 7); e.g. 'hard water f',low,0.6,topic-general,1,7,
hard water hose filter,hard-water-treatment,Google autocomplete: surfaced by 1 seed query (best position 7); e.g. 'hard water h',low,0.6,topic-general,1,7,
hard water jean sprackland,hard-water-treatment,Google autocomplete: surfaced by 1 seed query (best position 7); e.g. 'hard water j',low,0.6,topic-general,1,7,
hard water keratosis pilaris,hard-water-treatment,Google autocomplete: surfaced by 1 seed query (best position 7); e.g. 'hard water k',low,0.6,topic-general,1,7,
hard water laundry,hard-water-treatment,Google autocomplete: surfaced by 1 seed query (best position 7); e.g. 'hard water l',low,0.6,topic-general,1,7,
hard water mineral deposits,hard-water-treatment,Google autocomplete: surfaced by 1 seed query (best position 7); e.g. 'hard water m',low,0.6,topic-general,1,7,
hard water number scale,hard-water-treatment,Google autocomplete: surfaced by 1 seed query (best position 7); e.g. 'hard water n',low,0.6,topic-general,1,7,
hard water ppm,hard-water-treatment,Google autocomplete: surfaced by 1 seed query (best position 7); e.g. 'hard water p',low,0.6,topic-general,1,7,
hard water vinegar soak,hard-water-treatment,Google autocomplete: surfaced by 1 seed query (best position 7); e.g. 'hard water v',low,0.6,topic-general,1,7,
hard water wellness,hard-water-treatment,Google autocomplete: surfaced by 1 seed query (best position 7); e.g. 'hard water w',low,0.6,topic-general,1,7,
hard water zurich,hard-water-treatment,Google autocomplete: surfaced by 1 seed query (best position 7); e.g. 'hard water z',low,0.6,topic-general,1,7,
water filter system domestic,water-treatment-purification,Google autocomplete: surfaced by 1 seed query (best position 7); e.g. 'water filter installation d',low,0.6,topic-general,1,7,
water filter system for drinking,water-treatment-purification,Google autocomplete: surfaced by 1 seed query (best position 7); e.g. 'water filter installation f',low,0.6,topic-general,1,7,
water filter system how much,water-treatment-purification,Google autocomplete: surfaced by 1 seed query (best position 5); e.g. 'water filter installation h',low,0.6,informational,1,5,
water filtration system ro,reverse-osmosis,Google autocomplete: surfaced by 1 seed query (best position 7); e.g. 'water filter installation r',low,0.6,topic-general,1,7,
water purifier installation under sink,under-sink-drinking-water-filters,Google autocomplete: surfaced by 1 seed query (best position 9); e.g. 'water filter installation u',medium,0.6,transactional-local,1,9,
water filtration system vs reverse osmosis,reverse-osmosis,Google autocomplete: surfaced by 1 seed query (best position 8); e.g. 'water filter installation v',low,0.6,commercial,1,8,
water filtration system whole house,whole-house-water-filtration,Google autocomplete: surfaced by 1 seed query (best position 7); e.g. 'water filter installation w',low,0.6,topic-general,1,7,
aquasure water softener installation,water-softener-installation,Google autocomplete: surfaced by 1 seed query (best position 9); e.g. 'water softener installation a',medium,0.6,transactional-local,1,9,
water softener install without loop,water-softener-installation,Google autocomplete: surfaced by 1 seed query (best position 9); e.g. 'water softener installation l',medium,0.6,transactional-local,1,9,
is installing a water softener hard,water-softener-installation,Google autocomplete: surfaced by 1 seed query (best position 5); e.g. 'water softener installation r',low,0.6,informational,1,5,
iron filter air injection,iron-sulfur-removal,Google autocomplete: surfaced by 1 seed query (best position 7); e.g. 'iron filter a',low,0.6,topic-general,1,7,
iron filter backwash into septic,iron-sulfur-removal,Google autocomplete: surfaced by 1 seed query (best position 7); e.g. 'iron filter b',low,0.6,topic-general,1,7,
iron filter candle,iron-sulfur-removal,Google autocomplete: surfaced by 1 seed query (best position 7); e.g. 'iron filter c',low,0.6,topic-general,1,7,
iron removal equipment,iron-sulfur-removal,Google autocomplete: surfaced by 1 seed query (best position 7); e.g. 'iron filter e',low,0.6,topic-general,1,7,
iron guard filter for water tank,iron-sulfur-removal,Google autocomplete: surfaced by 1 seed query (best position 7); e.g. 'iron filter g',low,0.6,topic-general,1,7,
iron filter home hardware,iron-sulfur-removal,Google autocomplete: surfaced by 1 seed query (best position 7); e.g. 'iron filter h',low,0.6,topic-general,1,7,
iron filter in ro,iron-sulfur-removal,Google autocomplete: surfaced by 1 seed query (best position 7); e.g. 'iron filter i',low,0.6,topic-general,1,7,
iron filter katalox light,iron-sulfur-removal,Google autocomplete: surfaced by 1 seed query (best position 7); e.g. 'iron filter k',low,0.6,topic-general,1,7,
iron filter machine,iron-sulfur-removal,Google autocomplete: surfaced by 1 seed query (best position 7); e.g. 'iron filter m',low,0.6,topic-general,1,7,
iron filter online,iron-sulfur-removal,Google autocomplete: surfaced by 1 seed query (best position 7); e.g. 'iron filter o',low,0.6,topic-general,1,7,
iron filter regeneration,iron-sulfur-removal,Google autocomplete: surfaced by 1 seed query (best position 7); e.g. 'iron filter r',low,0.6,topic-general,1,7,
iron removal filter uses,iron-sulfur-removal,Google autocomplete: surfaced by 1 seed query (best position 7); e.g. 'iron filter u',low,0.6,topic-general,1,7,
iron filter venturi,iron-sulfur-removal,Google autocomplete: surfaced by 1 seed query (best position 7); e.g. 'iron filter v',low,0.6,topic-general,1,7,
iron filter vs reverse osmosis,iron-sulfur-removal,Google autocomplete: surfaced by 1 seed query (best position 8); e.g. 'iron filter v',low,0.6,commercial,1,8,
iron filter water,iron-sulfur-removal,Google autocomplete: surfaced by 1 seed query (best position 7); e.g. 'iron filter w',low,0.6,topic-general,1,7,
how long do iron filters last,iron-sulfur-removal,Google autocomplete: surfaced by 1 seed query (best position 5); e.g. 'iron filter x',low,0.6,informational,1,5,
culligan columbus ohio,competitor-brands-local,Google autocomplete: surfaced by 1 seed query (best position 3); e.g. 'culligan columbus',low,0.6,navigational-brand/retail,1,3,
kinetico columbus reviews,competitor-brands-local,Google autocomplete: surfaced by 1 seed query (best position 3); e.g. 'kinetico columbus',low,0.6,navigational-brand/retail,1,3,
does ohio have hard or soft water,hard-water-treatment,Google autocomplete: surfaced by 1 seed query (best position 7); e.g. 'columbus ohio water hardness',low,0.6,informational,1,7,
iron filter for well water reviews,iron-sulfur-removal,Google autocomplete: surfaced by 1 seed query (best position 8); e.g. 'iron filter for well water',low,0.6,commercial,1,8,
sulfur smell in water how to get rid of it,iron-sulfur-removal,Google autocomplete: surfaced by 1 seed query (best position 5); e.g. 'sulfur smell in water',low,0.6,informational,1,5,
rotten egg smell water tank,iron-sulfur-removal,Google autocomplete: surfaced by 1 seed query (best position 7); e.g. 'rotten egg smell water',low,0.6,topic-general,1,7,
arsenic water filter media,contaminant-specific-filtration,Google autocomplete: surfaced by 1 seed query (best position 7); e.g. 'arsenic water filter',low,0.6,topic-general,1,7,
water softener installation kit,water-softener-installation,Google autocomplete: surfaced by 4 seed queries (best position 1); e.g. 'water conditioning installation',low,0.57,diy/parts,4,1,
uv water purification system springwell,uv-water-purification,Google autocomplete: surfaced by 2 seed queries (best position 4); e.g. 'uv water purification',low,0.55,navigational-brand/retail,2,4,
culligan columbus,competitor-brands-local,Google autocomplete: surfaced by 1 seed query (best position 4); e.g. 'culligan columbus',low,0.52,navigational-brand/retail,1,4,
kinetico columbus photos,competitor-brands-local,Google autocomplete: surfaced by 1 seed query (best position 4); e.g. 'kinetico columbus',low,0.52,navigational-brand/retail,1,4,
how much is a water softener installed,water-softener-installation,Google autocomplete: surfaced by 1 seed query (best position 6); e.g. 'water softener installation columbus ohio',low,0.5,informational,1,6,
where can i take my water to be tested,water-testing,Google autocomplete: surfaced by 1 seed query (best position 6); e.g. 'water testing columbus ohio',low,0.5,informational,1,6,
where can i get water tested,water-testing,Google autocomplete: surfaced by 1 seed query (best position 6); e.g. 'water testing installation',low,0.5,informational,1,6,
how do salt free water softeners work,salt-free-water-conditioner,Google autocomplete: surfaced by 1 seed query (best position 6); e.g. 'salt free water softener repair',low,0.5,informational,1,6,
whole house water filter benefits,whole-house-water-filtration,Google autocomplete: surfaced by 1 seed query (best position 6); e.g. 'whole house water filter b',low,0.5,informational,1,6,
whole house water filter guide,whole-house-water-filtration,Google autocomplete: surfaced by 1 seed query (best position 6); e.g. 'whole house water filter g',low,0.5,informational,1,6,
whole house water filter pros and cons,whole-house-water-filtration,Google autocomplete: surfaced by 1 seed query (best position 6); e.g. 'whole house water filter p',low,0.5,informational,1,6,
hard water what is it,hard-water-treatment,Google autocomplete: surfaced by 1 seed query (best position 6); e.g. 'hard water w',low,0.5,informational,1,6,
how long does it take to get soft water after installing a water softener,water-softener-installation,Google autocomplete: surfaced by 1 seed query (best position 6); e.g. 'water softener installation e',low,0.5,informational,1,6,
harvey water softener installation guide,water-softener-installation,Google autocomplete: surfaced by 1 seed query (best position 6); e.g. 'water softener installation g',low,0.5,informational,1,6,
how much to get water softener installed,water-softener-installation,Google autocomplete: surfaced by 1 seed query (best position 6); e.g. 'water softener installation w',low,0.5,informational,1,6,
whole house water filter replacement cartridge,whole-house-water-filtration,Google autocomplete: surfaced by 2 seed queries (best position 3); e.g. 'whole house water filter r',low,0.48,diy/parts,2,3,
water softener installation manual,water-softener-installation,Google autocomplete: surfaced by 2 seed queries (best position 1); e.g. 'water softener installation g',low,0.48,diy/parts,2,1,
hard water systems for home,hard-water-treatment,Google autocomplete: surfaced by 1 seed query (best position 8); e.g. 'hard water installation',low,0.45,topic-general,1,8,
sulfur smell water filter,iron-sulfur-removal,Google autocomplete: surfaced by 1 seed query (best position 8); e.g. 'sulfur smell water',low,0.45,topic-general,1,8,
pfas water filter countertop,pfas-removal,Google autocomplete: surfaced by 1 seed query (best position 8); e.g. 'pfas water filter',low,0.45,topic-general,1,8,
uv water filter system for cottage,uv-water-purification,Google autocomplete: surfaced by 1 seed query (best position 8); e.g. 'uv water purification installation',low,0.45,topic-general,1,8,
under sink water filter system reverse osmosis,reverse-osmosis,Google autocomplete: surfaced by 1 seed query (best position 8); e.g. 'under sink water filter installation',low,0.45,topic-general,1,8,
water filtration for kitchen sink,under-sink-drinking-water-filters,Google autocomplete: surfaced by 1 seed query (best position 8); e.g. 'water filtration f',low,0.45,topic-general,1,8,
water filtration house,water-treatment-purification,Google autocomplete: surfaced by 1 seed query (best position 8); e.g. 'water filtration h',low,0.45,topic-general,1,8,
whole house water filter and softener for well water,well-water-treatment,Google autocomplete: surfaced by 1 seed query (best position 8); e.g. 'whole house water filter a',low,0.45,topic-general,1,8,
whole house water filter backwash,whole-house-water-filtration,Google autocomplete: surfaced by 1 seed query (best position 8); e.g. 'whole house water filter b',low,0.45,topic-general,1,8,
whole house water filter express,whole-house-water-filtration,Google autocomplete: surfaced by 1 seed query (best position 8); e.g. 'whole house water filter e',low,0.45,topic-general,1,8,
whole house water filter for well water with iron,iron-sulfur-removal,Google autocomplete: surfaced by 1 seed query (best position 8); e.g. 'whole house water filter f',low,0.45,topic-general,1,8,
whole house water filter kind,whole-house-water-filtration,Google autocomplete: surfaced by 1 seed query (best position 8); e.g. 'whole house water filter k',low,0.45,topic-general,1,8,
whole house water filter low pressure,whole-house-water-filtration,Google autocomplete: surfaced by 1 seed query (best position 8); e.g. 'whole house water filter l',low,0.45,topic-general,1,8,
whole house water filter no pressure loss,whole-house-water-filtration,Google autocomplete: surfaced by 1 seed query (best position 8); e.g. 'whole house water filter n',low,0.45,topic-general,1,8,
whole house water filter outside,whole-house-water-filtration,Google autocomplete: surfaced by 1 seed query (best position 8); e.g. 'whole house water filter o',low,0.45,topic-general,1,8,
high quality whole house water filter,whole-house-water-filtration,Google autocomplete: surfaced by 1 seed query (best position 8); e.g. 'whole house water filter q',low,0.45,topic-general,1,8,
whole house water filter to remove nitrates,contaminant-specific-filtration,Google autocomplete: surfaced by 1 seed query (best position 8); e.g. 'whole house water filter t',low,0.45,topic-general,1,8,
water softener backwash,water-softener-systems,Google autocomplete: surfaced by 1 seed query (best position 8); e.g. 'water softener b',low,0.45,topic-general,1,8,
water softener drain line outside,water-softener-installation,Google autocomplete: surfaced by 1 seed query (best position 8); e.g. 'water softener d',low,0.45,topic-general,1,8,
water softener e1 code,water-softener-systems,Google autocomplete: surfaced by 1 seed query (best position 8); e.g. 'water softener e',low,0.45,topic-general,1,8,
water softener hose attachment,water-softener-systems,Google autocomplete: surfaced by 1 seed query (best position 8); e.g. 'water softener h',low,0.45,topic-general,1,8,
water softener liquid,water-softener-systems,Google autocomplete: surfaced by 1 seed query (best position 8); e.g. 'water softener l',low,0.45,topic-general,1,8,
water softener media replacement,water-softener-repair-service,Google autocomplete: surfaced by 1 seed query (best position 8); e.g. 'water softener m',low,0.45,topic-general,1,8,
water softener not softening,water-softener-repair-service,Google autocomplete: surfaced by 1 seed query (best position 8); e.g. 'water softener n',low,0.45,topic-general,1,8,
water softener out of salt,water-softener-systems,Google autocomplete: surfaced by 1 seed query (best position 8); e.g. 'water softener o',low,0.45,topic-general,1,8,
water softener salt pellets,water-softener-systems,Google autocomplete: surfaced by 1 seed query (best position 8); e.g. 'water softener s',low,0.45,topic-general,1,8,
water softener types,water-softener-systems,Google autocomplete: surfaced by 1 seed query (best position 8); e.g. 'water softener t',low,0.45,topic-general,1,8,
water softener uv light,uv-water-purification,Google autocomplete: surfaced by 1 seed query (best position 8); e.g. 'water softener u',low,0.45,topic-general,1,8,
xylem water softener,water-softener-systems,Google autocomplete: surfaced by 1 seed query (best position 8); e.g. 'water softener x',low,0.45,topic-general,1,8,
water softener zanesville ohio,water-softener-installation,"[Ohio, outside service area] Google autocomplete: surfaced by 1 seed query (best position 6); e.g. 'water softener z'",low,0.45,transactional-local,1,6,
water softener zambia,water-softener-systems,Google autocomplete: surfaced by 1 seed query (best position 8); e.g. 'water softener z',low,0.45,topic-general,1,8,
reverse osmosis automatic shut off valve,reverse-osmosis,Google autocomplete: surfaced by 1 seed query (best position 8); e.g. 'reverse osmosis a',low,0.45,topic-general,1,8,
reverse osmosis bottleless water cooler,reverse-osmosis,Google autocomplete: surfaced by 1 seed query (best position 8); e.g. 'reverse osmosis b',low,0.45,topic-general,1,8,
reverse osmosis drinking system,reverse-osmosis,Google autocomplete: surfaced by 1 seed query (best position 8); e.g. 'reverse osmosis d',low,0.45,topic-general,1,8,
reverse osmosis en español,reverse-osmosis,Google autocomplete: surfaced by 1 seed query (best position 8); e.g. 'reverse osmosis e',low,0.45,topic-general,1,8,
reverse osmosis for whole house,reverse-osmosis,Google autocomplete: surfaced by 1 seed query (best position 8); e.g. 'reverse osmosis f',low,0.45,topic-general,1,8,
reverse osmosis good for drinking water,reverse-osmosis,Google autocomplete: surfaced by 1 seed query (best position 8); e.g. 'reverse osmosis g',low,0.45,topic-general,1,8,
reverse osmosis home water system,reverse-osmosis,Google autocomplete: surfaced by 1 seed query (best position 8); e.g. 'reverse osmosis h',low,0.45,topic-general,1,8,
reverse osmosis inline water filter,reverse-osmosis,Google autocomplete: surfaced by 1 seed query (best position 8); e.g. 'reverse osmosis i',low,0.45,topic-general,1,8,
reverse osmosis leak detector,reverse-osmosis,Google autocomplete: surfaced by 1 seed query (best position 8); e.g. 'reverse osmosis l',low,0.45,topic-general,1,8,
reverse osmosis no plastic,reverse-osmosis,Google autocomplete: surfaced by 1 seed query (best position 8); e.g. 'reverse osmosis n',low,0.45,topic-general,1,8,
reverse osmosis options,reverse-osmosis,Google autocomplete: surfaced by 1 seed query (best position 8); e.g. 'reverse osmosis o',low,0.45,topic-general,1,8,
reverse osmosis quick connect leaking,reverse-osmosis,Google autocomplete: surfaced by 1 seed query (best position 8); e.g. 'reverse osmosis q',low,0.45,topic-general,1,8,
reverse osmosis tank replacement,reverse-osmosis,Google autocomplete: surfaced by 1 seed query (best position 8); e.g. 'reverse osmosis t',low,0.45,topic-general,1,8,
reverse osmosis under kitchen sink,reverse-osmosis,Google autocomplete: surfaced by 1 seed query (best position 8); e.g. 'reverse osmosis u',low,0.45,topic-general,1,8,
reverse osmosis yes or no,reverse-osmosis,Google autocomplete: surfaced by 1 seed query (best position 8); e.g. 'reverse osmosis y',low,0.45,topic-general,1,8,
reverse osmosis zepter,reverse-osmosis,Google autocomplete: surfaced by 1 seed query (best position 8); e.g. 'reverse osmosis z',low,0.45,topic-general,1,8,
well water and filtration,well-water-treatment,Google autocomplete: surfaced by 1 seed query (best position 8); e.g. 'well water filtration a',low,0.45,topic-general,1,8,
well water purification systems bucks county,well-water-treatment,Google autocomplete: surfaced by 1 seed query (best position 8); e.g. 'well water filtration b',low,0.45,topic-general,1,8,
well water filter cleaning,well-water-treatment,Google autocomplete: surfaced by 1 seed query (best position 8); e.g. 'well water filtration c',low,0.45,topic-general,1,8,
well water filter for drinking,well-water-treatment,Google autocomplete: surfaced by 1 seed query (best position 8); e.g. 'well water filtration f',low,0.45,topic-general,1,8,
off grid well water filtration,well-water-treatment,Google autocomplete: surfaced by 1 seed query (best position 8); e.g. 'well water filtration g',low,0.45,topic-general,1,8,
well water iron filtration system,iron-sulfur-removal,Google autocomplete: surfaced by 1 seed query (best position 8); e.g. 'well water filtration i',low,0.45,topic-general,1,8,
well water odor filter,well-water-treatment,Google autocomplete: surfaced by 1 seed query (best position 8); e.g. 'well water filtration o',low,0.45,topic-general,1,8,
well water tap filter,well-water-treatment,Google autocomplete: surfaced by 1 seed query (best position 8); e.g. 'well water filtration t',low,0.45,topic-general,1,8,
well water uv purification systems,uv-water-purification,Google autocomplete: surfaced by 1 seed query (best position 8); e.g. 'well water filtration u',low,0.45,topic-general,1,8,
well water with filter,well-water-treatment,Google autocomplete: surfaced by 1 seed query (best position 8); e.g. 'well water filtration w',low,0.45,topic-general,1,8,
water testing at home,water-testing,Google autocomplete: surfaced by 1 seed query (best position 8); e.g. 'water testing a',low,0.45,topic-general,1,8,
water testing bottles,water-testing,Google autocomplete: surfaced by 1 seed query (best position 8); e.g. 'water testing b',low,0.45,topic-general,1,8,
water testing ec,water-testing,Google autocomplete: surfaced by 1 seed query (best position 8); e.g. 'water testing e',low,0.45,topic-general,1,8,
water testing now,water-testing,Google autocomplete: surfaced by 1 seed query (best position 8); e.g. 'water testing n',low,0.45,topic-general,1,8,
water testing oahu,water-testing,Google autocomplete: surfaced by 1 seed query (best position 8); e.g. 'water testing o',low,0.45,topic-general,1,8,
water testing victoria,water-testing,Google autocomplete: surfaced by 1 seed query (best position 8); e.g. 'water testing v',low,0.45,topic-general,1,8,
water testing york,water-testing,Google autocomplete: surfaced by 1 seed query (best position 8); e.g. 'water testing y',low,0.45,topic-general,1,8,
water deprivation test zero to finals,water-testing,Google autocomplete: surfaced by 1 seed query (best position 8); e.g. 'water testing z',low,0.45,topic-general,1,8,
water treatment lab,water-testing,Google autocomplete: surfaced by 1 seed query (best position 8); e.g. 'water treatment l',low,0.45,topic-general,1,8,
water purification and bottling machine,water-treatment-purification,Google autocomplete: surfaced by 1 seed query (best position 8); e.g. 'water purification a',low,0.45,topic-general,1,8,
water purifiers home,water-treatment-purification,Google autocomplete: surfaced by 1 seed query (best position 8); e.g. 'water purification h',low,0.45,topic-general,1,8,
water purification methods at home,water-treatment-purification,Google autocomplete: surfaced by 1 seed query (best position 8); e.g. 'water purification m',low,0.45,topic-general,1,8,
water purification on small scale,hard-water-treatment,Google autocomplete: surfaced by 1 seed query (best position 8); e.g. 'water purification o',low,0.45,topic-general,1,8,
water purification with uv light,uv-water-purification,Google autocomplete: surfaced by 1 seed query (best position 8); e.g. 'water purification w',low,0.45,topic-general,1,8,
hard water effects on body,hard-water-treatment,Google autocomplete: surfaced by 1 seed query (best position 8); e.g. 'hard water e',low,0.45,topic-general,1,8,
hard water hero,hard-water-treatment,Google autocomplete: surfaced by 1 seed query (best position 8); e.g. 'hard water h',low,0.45,topic-general,1,8,
hard water killifish,hard-water-treatment,Google autocomplete: surfaced by 1 seed query (best position 8); e.g. 'hard water k',low,0.45,topic-general,1,8,
hard water laundry additive,hard-water-treatment,Google autocomplete: surfaced by 1 seed query (best position 8); e.g. 'hard water l',low,0.45,topic-general,1,8,
hard water nuclear,hard-water-treatment,Google autocomplete: surfaced by 1 seed query (best position 8); e.g. 'hard water n',low,0.45,topic-general,1,8,
hard water problems,hard-water-treatment,Google autocomplete: surfaced by 1 seed query (best position 8); e.g. 'hard water p',low,0.45,topic-general,1,8,
hard water residue,hard-water-treatment,Google autocomplete: surfaced by 1 seed query (best position 8); e.g. 'hard water r',low,0.45,topic-general,1,8,
hard water uses,hard-water-treatment,Google autocomplete: surfaced by 1 seed query (best position 8); e.g. 'hard water u',low,0.45,topic-general,1,8,
hard water vodka,hard-water-treatment,Google autocomplete: surfaced by 1 seed query (best position 8); e.g. 'hard water v',low,0.45,topic-general,1,8,
hard water with water softener,water-softener-systems,Google autocomplete: surfaced by 1 seed query (best position 8); e.g. 'hard water w',low,0.45,topic-general,1,8,
hard water york,hard-water-treatment,Google autocomplete: surfaced by 1 seed query (best position 8); e.g. 'hard water y',low,0.45,topic-general,1,8,
hard water zep,hard-water-treatment,Google autocomplete: surfaced by 1 seed query (best position 8); e.g. 'hard water z',low,0.45,topic-general,1,8,
water filter system commercial,commercial-water-treatment,Google autocomplete: surfaced by 1 seed query (best position 8); e.g. 'water filter installation c',low,0.45,topic-general,1,8,
water filtration system entire home,water-treatment-purification,Google autocomplete: surfaced by 1 seed query (best position 8); e.g. 'water filter installation e',low,0.45,topic-general,1,8,
water filtration system home,water-treatment-purification,Google autocomplete: surfaced by 1 seed query (best position 8); e.g. 'water filter installation h',low,0.45,topic-general,1,8,
water filter system nearby,water-treatment-purification,Google autocomplete: surfaced by 1 seed query (best position 8); e.g. 'water filter installation n',low,0.45,topic-general,1,8,
water filtration system residential,water-treatment-purification,Google autocomplete: surfaced by 1 seed query (best position 8); e.g. 'water filter installation r',low,0.45,topic-general,1,8,
water filter system uv light,uv-water-purification,Google autocomplete: surfaced by 1 seed query (best position 8); e.g. 'water filter installation u',low,0.45,topic-general,1,8,
iron filter and softener combo,iron-sulfur-removal,Google autocomplete: surfaced by 1 seed query (best position 8); e.g. 'iron filter a',low,0.45,topic-general,1,8,
iron filter constantly draining,iron-sulfur-removal,Google autocomplete: surfaced by 1 seed query (best position 8); e.g. 'iron filter c',low,0.45,topic-general,1,8,
jumbo iron filter,iron-sulfur-removal,Google autocomplete: surfaced by 1 seed query (best position 8); e.g. 'iron filter j',low,0.45,topic-general,1,8,
iron filter kya hota hai,iron-sulfur-removal,Google autocomplete: surfaced by 1 seed query (best position 8); e.g. 'iron filter k',low,0.45,topic-general,1,8,
iron filter name,iron-sulfur-removal,Google autocomplete: surfaced by 1 seed query (best position 8); e.g. 'iron filter n',low,0.45,topic-general,1,8,
iron filter pipe,iron-sulfur-removal,Google autocomplete: surfaced by 1 seed query (best position 8); e.g. 'iron filter p',low,0.45,topic-general,1,8,
iron filter ro,iron-sulfur-removal,Google autocomplete: surfaced by 1 seed query (best position 8); e.g. 'iron filter r',low,0.45,topic-general,1,8,
iron filter washing machine,iron-sulfur-removal,Google autocomplete: surfaced by 1 seed query (best position 8); e.g. 'iron filter w',low,0.45,topic-general,1,8,
kinetico columbus phone number,competitor-brands-local,Google autocomplete: surfaced by 1 seed query (best position 5); e.g. 'kinetico columbus',low,0.45,navigational-brand/retail,1,5,
water well database ohio,well-water-treatment,Google autocomplete: surfaced by 1 seed query (best position 10); e.g. 'well water ohio',medium,0.45,transactional-local,1,10,
greene county ohio well water testing,well-water-treatment,"[Ohio, outside service area] Google autocomplete: surfaced by 1 seed query (best position 6); e.g. 'well water testing ohio'",low,0.45,transactional-local,1,6,
rotten egg smell water faucet,iron-sulfur-removal,Google autocomplete: surfaced by 1 seed query (best position 8); e.g. 'rotten egg smell water',low,0.45,topic-general,1,8,
nitrate water filter for home,contaminant-specific-filtration,Google autocomplete: surfaced by 1 seed query (best position 8); e.g. 'nitrate water filter',low,0.45,topic-general,1,8,
water testing kit for home,water-testing,Google autocomplete: surfaced by 2 seed queries (best position 2); e.g. 'water testing',low,0.42,diy/parts,2,2,
best water filtration system for home consumer reports,water-treatment-purification,Google autocomplete: surfaced by 1 seed query (best position 9); e.g. 'best water filtration',low,0.4,commercial,1,9,
best water softener system for home 2026,water-softener-systems,Google autocomplete: surfaced by 1 seed query (best position 9); e.g. 'best water softener',low,0.4,commercial,1,9,
what is the average cost of a water softener installation,water-softener-installation,Google autocomplete: surfaced by 1 seed query (best position 7); e.g. 'water softener installation near me',low,0.4,informational,1,7,
best reverse osmosis water filter under sink,reverse-osmosis,Google autocomplete: surfaced by 1 seed query (best position 9); e.g. 'best reverse osmosis',low,0.4,commercial,1,9,
ro system installation guide,reverse-osmosis,Google autocomplete: surfaced by 1 seed query (best position 7); e.g. 'ro system installation',low,0.4,informational,1,7,
culligan well water filter cost,well-water-treatment,Google autocomplete: surfaced by 1 seed query (best position 9); e.g. 'well water filtration cost',low,0.4,commercial,1,9,
where can i get my tap water tested,water-testing,Google autocomplete: surfaced by 1 seed query (best position 7); e.g. 'water testing columbus ohio',low,0.4,informational,1,7,
can i get my water tested,water-testing,Google autocomplete: surfaced by 2 seed queries (best position 9); e.g. 'water testing columbus ohio',low,0.4,informational,2,9,
best water testing strips,water-testing,Google autocomplete: surfaced by 1 seed query (best position 9); e.g. 'best water testing',low,0.4,commercial,1,9,
hard water filter cost,hard-water-treatment,Google autocomplete: surfaced by 1 seed query (best position 9); e.g. 'hard water cost',low,0.4,commercial,1,9,
iron water filter cost,iron-sulfur-removal,Google autocomplete: surfaced by 1 seed query (best position 9); e.g. 'iron filter cost',low,0.4,commercial,1,9,
best iron filter for home,iron-sulfur-removal,Google autocomplete: surfaced by 1 seed query (best position 9); e.g. 'best iron filter',low,0.4,commercial,1,9,
what causes sulfur smell in water,iron-sulfur-removal,Google autocomplete: surfaced by 1 seed query (best position 7); e.g. 'best sulfur smell water',low,0.4,informational,1,7,
best pfas removal water filter,pfas-removal,Google autocomplete: surfaced by 1 seed query (best position 9); e.g. 'best pfas water filter',low,0.4,commercial,1,9,
salt free water softeners reviews,salt-free-water-conditioner,Google autocomplete: surfaced by 1 seed query (best position 9); e.g. 'salt free water softener',low,0.4,commercial,1,9,
average cost of salt free water softener,salt-free-water-conditioner,Google autocomplete: surfaced by 1 seed query (best position 9); e.g. 'salt free water softener cost',low,0.4,commercial,1,9,
under sink water filter reviews,under-sink-drinking-water-filters,Google autocomplete: surfaced by 1 seed query (best position 9); e.g. 'under sink water filter near me',low,0.4,commercial,1,9,
best under sink water filter for drinking,under-sink-drinking-water-filters,Google autocomplete: surfaced by 1 seed query (best position 9); e.g. 'best under sink water filter',low,0.4,commercial,1,9,
whole house water filter ge,whole-house-water-filtration,Google autocomplete: surfaced by 1 seed query (best position 3); e.g. 'whole house water filter g',low,0.4,navigational-brand/retail,1,3,
crystal quest whole house water filter reviews,whole-house-water-filtration,Google autocomplete: surfaced by 1 seed query (best position 9); e.g. 'whole house water filter q',low,0.4,commercial,1,9,
culligan zero water whole house filter,whole-house-water-filtration,Google autocomplete: surfaced by 1 seed query (best position 3); e.g. 'whole house water filter z',low,0.4,navigational-brand/retail,1,3,
water softener kinetico,water-softener-systems,Google autocomplete: surfaced by 1 seed query (best position 3); e.g. 'water softener k',low,0.4,navigational-brand/retail,1,3,
water softener what does it do,water-softener-systems,Google autocomplete: surfaced by 1 seed query (best position 7); e.g. 'water softener w',low,0.4,informational,1,7,
reverse osmosis price,reverse-osmosis,Google autocomplete: surfaced by 1 seed query (best position 9); e.g. 'reverse osmosis p',low,0.4,commercial,1,9,
reverse osmosis tankless vs tank,reverse-osmosis,Google autocomplete: surfaced by 1 seed query (best position 9); e.g. 'reverse osmosis t',low,0.4,commercial,1,9,
reverse osmosis water filter price,reverse-osmosis,Google autocomplete: surfaced by 1 seed query (best position 9); e.g. 'reverse osmosis w',low,0.4,commercial,1,9,
reverse osmosis vs zero water,reverse-osmosis,Google autocomplete: surfaced by 1 seed query (best position 9); e.g. 'reverse osmosis z',low,0.4,commercial,1,9,
well water filter ge,well-water-treatment,Google autocomplete: surfaced by 1 seed query (best position 3); e.g. 'well water filtration g',low,0.4,navigational-brand/retail,1,3,
hard water explained,hard-water-treatment,Google autocomplete: surfaced by 1 seed query (best position 7); e.g. 'hard water e',low,0.4,informational,1,7,
hard water vs soft water for drinking,water-softener-systems,Google autocomplete: surfaced by 1 seed query (best position 9); e.g. 'hard water v',low,0.4,commercial,1,9,
how much does it cost to install a water softener in a house,water-softener-installation,Google autocomplete: surfaced by 1 seed query (best position 7); e.g. 'water softener installation h',low,0.4,informational,1,7,
water softener installation how much,water-softener-installation,Google autocomplete: surfaced by 1 seed query (best position 7); e.g. 'water softener installation m',low,0.4,informational,1,7,
iron removal vessel price,iron-sulfur-removal,Google autocomplete: surfaced by 1 seed query (best position 9); e.g. 'iron filter v',low,0.4,commercial,1,9,
what filter removes iron from water,iron-sulfur-removal,Google autocomplete: surfaced by 1 seed query (best position 7); e.g. 'iron filter z',low,0.4,informational,1,7,
arsenic water filter price,contaminant-specific-filtration,Google autocomplete: surfaced by 1 seed query (best position 9); e.g. 'arsenic water filter',low,0.4,commercial,1,9,
kinetico water columbus,competitor-brands-local,Google autocomplete: surfaced by 1 seed query (best position 6); e.g. 'kinetico columbus',low,0.38,navigational-brand/retail,1,6,
whole house water filter cartridge,whole-house-water-filtration,Google autocomplete: surfaced by 2 seed queries (best position 1); e.g. 'whole house water filter',low,0.36,diy/parts,2,1,
water filter installation kit,water-filter-installation,Google autocomplete: surfaced by 2 seed queries (best position 1); e.g. 'water filter installation',low,0.36,diy/parts,2,1,
summit county ohio well water testing,well-water-treatment,"[Ohio, outside service area] Google autocomplete: surfaced by 1 seed query (best position 7); e.g. 'well water testing ohio'",low,0.36,transactional-local,1,7,
springwell.pfas water filter system,pfas-removal,Google autocomplete: surfaced by 1 seed query (best position 4); e.g. 'pfas water filter installation',low,0.35,navigational-brand/retail,1,4,
whole house water filter kinetico,whole-house-water-filtration,Google autocomplete: surfaced by 1 seed query (best position 4); e.g. 'whole house water filter k',low,0.35,navigational-brand/retail,1,4,
water softener installation diy,water-softener-installation,Google autocomplete: surfaced by 2 seed queries (best position 2); e.g. 'water softener installation',low,0.33,diy/parts,2,2,
well water filtration setup,well-water-treatment,Google autocomplete: surfaced by 2 seed queries (best position 3); e.g. 'well water filtration installation',low,0.33,diy/parts,2,3,
aquasure water softener installation manual,water-softener-installation,Google autocomplete: surfaced by 2 seed queries (best position 3); e.g. 'water softener installation g',low,0.33,diy/parts,2,3,
water filter repair shop,water-treatment-purification,Google autocomplete: surfaced by 1 seed query (best position 10); e.g. 'water filtration repair',medium,0.3,transactional-local,1,10,
water softener costco,water-softener-systems,Google autocomplete: surfaced by 3 seed queries (best position 2); e.g. 'water conditioning cost',low,0.3,navigational-brand/retail,3,2,
best water softener company near me,water-softener-installation,Google autocomplete: surfaced by 1 seed query (best position 10); e.g. 'best water softener',medium,0.3,transactional-local,1,10,
what is the average price for water softener installation,water-softener-installation,Google autocomplete: surfaced by 1 seed query (best position 8); e.g. 'water softener installation near me',low,0.3,informational,1,8,
sears water softener repair service,water-softener-repair-service,Google autocomplete: surfaced by 1 seed query (best position 10); e.g. 'water softener repair repair',medium,0.3,transactional-local,1,10,
can water softeners be repaired,water-softener-repair-service,Google autocomplete: surfaced by 1 seed query (best position 8); e.g. 'best water softener repair',low,0.3,informational,1,8,
reverse osmosis installation guide,reverse-osmosis,Google autocomplete: surfaced by 1 seed query (best position 8); e.g. 'reverse osmosis installation',low,0.3,informational,1,8,
reverse osmosis maintenance checklist,reverse-osmosis,Google autocomplete: surfaced by 1 seed query (best position 10); e.g. 'reverse osmosis repair',medium,0.3,transactional-local,1,10,
reverse osmosis system installation price,reverse-osmosis,Google autocomplete: surfaced by 1 seed query (best position 10); e.g. 'ro system installation',medium,0.3,transactional-local,1,10,
under sink reverse osmosis system installation cost,reverse-osmosis,Google autocomplete: surfaced by 1 seed query (best position 10); e.g. 'ro system installation cost',medium,0.3,transactional-local,1,10,
water testing kit for well water,well-water-treatment,Google autocomplete: surfaced by 2 seed queries (best position 5); e.g. 'water testing',low,0.3,diy/parts,2,5,
where can i get my tap water tested for free,water-testing,Google autocomplete: surfaced by 1 seed query (best position 8); e.g. 'water testing columbus ohio',low,0.3,informational,1,8,
water analysis near me,water-testing,Google autocomplete: surfaced by 1 seed query (best position 10); e.g. 'water testing near me',medium,0.3,transactional-local,1,10,
hard water shop near me,hard-water-treatment,Google autocomplete: surfaced by 1 seed query (best position 10); e.g. 'hard water near me',medium,0.3,transactional-local,1,10,
hard water softener installation,water-softener-installation,Google autocomplete: surfaced by 1 seed query (best position 10); e.g. 'hard water installation',medium,0.3,transactional-local,1,10,
hard water fix shower,hard-water-treatment,Google autocomplete: surfaced by 1 seed query (best position 9); e.g. 'hard water repair',low,0.3,topic-general,1,9,
hard water service,hard-water-treatment,Google autocomplete: surfaced by 1 seed query (best position 10); e.g. 'hard water repair',medium,0.3,transactional-local,1,10,
iron filter media near me,iron-sulfur-removal,Google autocomplete: surfaced by 1 seed query (best position 10); e.g. 'iron filter near me',medium,0.3,transactional-local,1,10,
sulfur smell water well,iron-sulfur-removal,Google autocomplete: surfaced by 1 seed query (best position 9); e.g. 'sulfur smell water',low,0.3,topic-general,1,9,
water conditioning inc,salt-free-water-conditioner,Google autocomplete: surfaced by 1 seed query (best position 9); e.g. 'water conditioning',low,0.3,topic-general,1,9,
water conditioning companies,salt-free-water-conditioner,Google autocomplete: surfaced by 1 seed query (best position 10); e.g. 'water conditioning',medium,0.3,transactional-local,1,10,
ultraviolet light water purification,uv-water-purification,Google autocomplete: surfaced by 1 seed query (best position 9); e.g. 'uv water purification',low,0.3,topic-general,1,9,
under sink water filter for well water,well-water-treatment,Google autocomplete: surfaced by 1 seed query (best position 9); e.g. 'under sink water filter',low,0.3,topic-general,1,9,
under sink water filter change,under-sink-drinking-water-filters,Google autocomplete: surfaced by 1 seed query (best position 9); e.g. 'under sink water filter installation',low,0.3,topic-general,1,9,
water purifier repair shop,water-treatment-purification,Google autocomplete: surfaced by 1 seed query (best position 10); e.g. 'water purification repair',medium,0.3,transactional-local,1,10,
water filtration and water softener,water-softener-systems,Google autocomplete: surfaced by 1 seed query (best position 9); e.g. 'water filtration a',low,0.3,topic-general,1,9,
water filtration business near me,commercial-water-treatment,Google autocomplete: surfaced by 1 seed query (best position 10); e.g. 'water filtration b',medium,0.3,transactional-local,1,10,
water filtration for apartment,commercial-water-treatment,Google autocomplete: surfaced by 1 seed query (best position 9); e.g. 'water filtration f',low,0.3,topic-general,1,9,
water filtration osmosis system,reverse-osmosis,Google autocomplete: surfaced by 1 seed query (best position 9); e.g. 'water filtration o',low,0.3,topic-general,1,9,
water filtration tds,water-testing,Google autocomplete: surfaced by 1 seed query (best position 9); e.g. 'water filtration t',low,0.3,topic-general,1,9,
water filtration with softener,water-softener-systems,Google autocomplete: surfaced by 1 seed query (best position 9); e.g. 'water filtration w',low,0.3,topic-general,1,9,
whole house water filter bypass valve,whole-house-water-filtration,Google autocomplete: surfaced by 1 seed query (best position 9); e.g. 'whole house water filter b',low,0.3,topic-general,1,9,
whole house water filter diy,whole-house-water-filtration,Google autocomplete: surfaced by 1 seed query (best position 1); e.g. 'whole house water filter d',low,0.3,diy/parts,1,1,
whole house water filter design,whole-house-water-filtration,Google autocomplete: surfaced by 1 seed query (best position 9); e.g. 'whole house water filter d',low,0.3,topic-general,1,9,
whole house water filter for chlorine,contaminant-specific-filtration,Google autocomplete: surfaced by 1 seed query (best position 9); e.g. 'whole house water filter f',low,0.3,topic-general,1,9,
whole house water filter gasket,whole-house-water-filtration,Google autocomplete: surfaced by 1 seed query (best position 1); e.g. 'whole house water filter g',low,0.3,diy/parts,1,1,
whole house water filter how does it work,whole-house-water-filtration,Google autocomplete: surfaced by 1 seed query (best position 8); e.g. 'whole house water filter h',low,0.3,informational,1,8,
whole house water filter is stuck,whole-house-water-filtration,Google autocomplete: surfaced by 1 seed query (best position 8); e.g. 'whole house water filter i',low,0.3,informational,1,8,
whole house water filter kit,whole-house-water-filtration,Google autocomplete: surfaced by 1 seed query (best position 1); e.g. 'whole house water filter k',low,0.3,diy/parts,1,1,
whole house water filter key,whole-house-water-filtration,Google autocomplete: surfaced by 1 seed query (best position 9); e.g. 'whole house water filter k',low,0.3,topic-general,1,9,
whole house water filter leaking from red button,whole-house-water-filtration,Google autocomplete: surfaced by 1 seed query (best position 9); e.g. 'whole house water filter l',low,0.3,topic-general,1,9,
whole house water filter media replacement,whole-house-water-filtration,Google autocomplete: surfaced by 1 seed query (best position 9); e.g. 'whole house water filter m',low,0.3,topic-general,1,9,
whole house water filter pentair,whole-house-water-filtration,Google autocomplete: surfaced by 1 seed query (best position 5); e.g. 'whole house water filter p',low,0.3,navigational-brand/retail,1,5,
whole house water filter pressure relief valve leaking,whole-house-water-filtration,Google autocomplete: surfaced by 1 seed query (best position 9); e.g. 'whole house water filter p',low,0.3,topic-general,1,9,
whole house water filter removal,whole-house-water-filtration,Google autocomplete: surfaced by 1 seed query (best position 9); e.g. 'whole house water filter r',low,0.3,topic-general,1,9,
whole house water filter stuck,whole-house-water-filtration,Google autocomplete: surfaced by 1 seed query (best position 9); e.g. 'whole house water filter s',low,0.3,topic-general,1,9,
whole house water filter that removes microplastics,contaminant-specific-filtration,Google autocomplete: surfaced by 1 seed query (best position 9); e.g. 'whole house water filter t',low,0.3,topic-general,1,9,
whole house water filter valve,whole-house-water-filtration,Google autocomplete: surfaced by 1 seed query (best position 9); e.g. 'whole house water filter v',low,0.3,topic-general,1,9,
whole house water filter with reverse osmosis,reverse-osmosis,Google autocomplete: surfaced by 1 seed query (best position 9); e.g. 'whole house water filter w',low,0.3,topic-general,1,9,
whole house water filter 10 x 4.5,whole-house-water-filtration,Google autocomplete: surfaced by 1 seed query (best position 1); e.g. 'whole house water filter x',low,0.3,diy/parts,1,1,
do you need whole house water filter,whole-house-water-filtration,Google autocomplete: surfaced by 1 seed query (best position 8); e.g. 'whole house water filter y',low,0.3,informational,1,8,
water softener backwash cycle,water-softener-systems,Google autocomplete: surfaced by 1 seed query (best position 9); e.g. 'water softener b',low,0.3,topic-general,1,9,
water softener drain,water-softener-systems,Google autocomplete: surfaced by 1 seed query (best position 9); e.g. 'water softener d',low,0.3,topic-general,1,9,
water softener exploded,water-softener-systems,Google autocomplete: surfaced by 1 seed query (best position 9); e.g. 'water softener e',low,0.3,topic-general,1,9,
water softener for sale,water-softener-installation,Google autocomplete: surfaced by 1 seed query (best position 9); e.g. 'water softener f',low,0.3,topic-general,1,9,
water softener ge,water-softener-systems,Google autocomplete: surfaced by 1 seed query (best position 5); e.g. 'water softener g',low,0.3,navigational-brand/retail,1,5,
water softener gravel near me,water-softener-installation,Google autocomplete: surfaced by 1 seed query (best position 10); e.g. 'water softener g',medium,0.3,transactional-local,1,10,
water softener keeps regenerating and draining,water-softener-repair-service,Google autocomplete: surfaced by 1 seed query (best position 9); e.g. 'water softener k',low,0.3,topic-general,1,9,
water softener low water pressure,water-softener-systems,Google autocomplete: surfaced by 1 seed query (best position 9); e.g. 'water softener l',low,0.3,topic-general,1,9,
water softener machine,water-softener-systems,Google autocomplete: surfaced by 1 seed query (best position 9); e.g. 'water softener m',low,0.3,topic-general,1,9,
water softener not draining,water-softener-repair-service,Google autocomplete: surfaced by 1 seed query (best position 9); e.g. 'water softener n',low,0.3,topic-general,1,9,
water softener or whole house filter,water-softener-systems,Google autocomplete: surfaced by 1 seed query (best position 9); e.g. 'water softener o',low,0.3,topic-general,1,9,
water softener quotation format,water-softener-systems,Google autocomplete: surfaced by 1 seed query (best position 9); e.g. 'water softener q',low,0.3,topic-general,1,9,
water softener regeneration cycle,water-softener-repair-service,Google autocomplete: surfaced by 1 seed query (best position 9); e.g. 'water softener r',low,0.3,topic-general,1,9,
water softener troubleshooting,water-softener-repair-service,Google autocomplete: surfaced by 1 seed query (best position 9); e.g. 'water softener t',low,0.3,topic-general,1,9,
water softener valve replacement,water-softener-repair-service,Google autocomplete: surfaced by 1 seed query (best position 9); e.g. 'water softener v',low,0.3,topic-general,1,9,
water softener whole house system,water-softener-systems,Google autocomplete: surfaced by 1 seed query (best position 9); e.g. 'water softener w',low,0.3,topic-general,1,9,
water softener yoke,water-softener-systems,Google autocomplete: surfaced by 1 seed query (best position 9); e.g. 'water softener y',low,0.3,topic-general,1,9,
water softener zone,water-softener-systems,Google autocomplete: surfaced by 1 seed query (best position 9); e.g. 'water softener z',low,0.3,topic-general,1,9,
reverse osmosis for kitchen sink,reverse-osmosis,Google autocomplete: surfaced by 1 seed query (best position 9); e.g. 'reverse osmosis f',low,0.3,topic-general,1,9,
reverse osmosis holding tank,reverse-osmosis,Google autocomplete: surfaced by 1 seed query (best position 9); e.g. 'reverse osmosis h',low,0.3,topic-general,1,9,
reverse osmosis kitchen system,reverse-osmosis,Google autocomplete: surfaced by 1 seed query (best position 9); e.g. 'reverse osmosis k',low,0.3,topic-general,1,9,
reverse osmosis lead,reverse-osmosis,Google autocomplete: surfaced by 1 seed query (best position 9); e.g. 'reverse osmosis l',low,0.3,topic-general,1,9,
reverse osmosis maple syrup,reverse-osmosis,Google autocomplete: surfaced by 1 seed query (best position 9); e.g. 'reverse osmosis m',low,0.3,topic-general,1,9,
reverse osmosis no water pressure,reverse-osmosis,Google autocomplete: surfaced by 1 seed query (best position 9); e.g. 'reverse osmosis n',low,0.3,topic-general,1,9,
reverse osmosis quality,reverse-osmosis,Google autocomplete: surfaced by 1 seed query (best position 9); e.g. 'reverse osmosis q',low,0.3,topic-general,1,9,
reverse osmosis remove fluoride,reverse-osmosis,Google autocomplete: surfaced by 1 seed query (best position 9); e.g. 'reverse osmosis r',low,0.3,topic-general,1,9,
reverse osmosis sink filter,reverse-osmosis,Google autocomplete: surfaced by 1 seed query (best position 9); e.g. 'reverse osmosis s',low,0.3,topic-general,1,9,
reverse osmosis under counter water filter,reverse-osmosis,Google autocomplete: surfaced by 1 seed query (best position 9); e.g. 'reverse osmosis u',low,0.3,topic-general,1,9,
reverse osmosis under sink installation,reverse-osmosis,Google autocomplete: surfaced by 1 seed query (best position 10); e.g. 'reverse osmosis u',medium,0.3,transactional-local,1,10,
waterdrop reverse osmosis x12,reverse-osmosis,Google autocomplete: surfaced by 1 seed query (best position 5); e.g. 'reverse osmosis x',low,0.3,navigational-brand/retail,1,5,
reverse osmosis for your home,reverse-osmosis,Google autocomplete: surfaced by 1 seed query (best position 9); e.g. 'reverse osmosis y',low,0.3,topic-general,1,9,
well water arsenic filter,well-water-treatment,Google autocomplete: surfaced by 1 seed query (best position 9); e.g. 'well water filtration a',low,0.3,topic-general,1,9,
well water bacteria filtration system,well-water-treatment,Google autocomplete: surfaced by 1 seed query (best position 9); e.g. 'well water filtration b',low,0.3,topic-general,1,9,
well water filter canister,well-water-treatment,Google autocomplete: surfaced by 1 seed query (best position 9); e.g. 'well water filtration c',low,0.3,topic-general,1,9,
well water filter company,well-water-treatment,Google autocomplete: surfaced by 1 seed query (best position 10); e.g. 'well water filtration c',medium,0.3,transactional-local,1,10,
well water drinking filter,well-water-treatment,Google autocomplete: surfaced by 1 seed query (best position 9); e.g. 'well water filtration d',low,0.3,topic-general,1,9,
off grid well water filtration system,well-water-treatment,Google autocomplete: surfaced by 1 seed query (best position 9); e.g. 'well water filtration g',low,0.3,topic-general,1,9,
well water filter housing,well-water-treatment,Google autocomplete: surfaced by 1 seed query (best position 1); e.g. 'well water filtration h',low,0.3,diy/parts,1,1,
well water filter home,well-water-treatment,Google autocomplete: surfaced by 1 seed query (best position 9); e.g. 'well water filtration h',low,0.3,topic-general,1,9,
well water irrigation filtration system,well-water-treatment,Google autocomplete: surfaced by 1 seed query (best position 9); e.g. 'well water filtration i',low,0.3,topic-general,1,9,
well water filtration kit,well-water-treatment,Google autocomplete: surfaced by 1 seed query (best position 1); e.g. 'well water filtration k',low,0.3,diy/parts,1,1,
well water outside filter,well-water-treatment,Google autocomplete: surfaced by 1 seed query (best position 9); e.g. 'well water filtration o',low,0.3,topic-general,1,9,
well water filtration system under sink,well-water-treatment,Google autocomplete: surfaced by 1 seed query (best position 9); e.g. 'well water filtration u',low,0.3,topic-general,1,9,
well water filtration system whole house,well-water-treatment,Google autocomplete: surfaced by 1 seed query (best position 9); e.g. 'well water filtration w',low,0.3,topic-general,1,9,
water testing for home,water-testing,Google autocomplete: surfaced by 1 seed query (best position 9); e.g. 'water testing f',low,0.3,topic-general,1,9,
water testing home,water-testing,Google autocomplete: surfaced by 1 seed query (best position 9); e.g. 'water testing h',low,0.3,topic-general,1,9,
water testing ppm,water-testing,Google autocomplete: surfaced by 1 seed query (best position 9); e.g. 'water testing p',low,0.3,topic-general,1,9,
water testing tds,water-testing,Google autocomplete: surfaced by 1 seed query (best position 9); e.g. 'water testing t',low,0.3,topic-general,1,9,
what do water testing kits test for,water-testing,Google autocomplete: surfaced by 1 seed query (best position 8); e.g. 'water testing x',low,0.3,informational,1,8,
ewg water test zip code,water-testing,Google autocomplete: surfaced by 1 seed query (best position 9); e.g. 'water testing z',low,0.3,topic-general,1,9,
water treatment guide rust,iron-sulfur-removal,Google autocomplete: surfaced by 1 seed query (best position 8); e.g. 'water treatment g',low,0.3,informational,1,8,
water purification countertop,under-sink-drinking-water-filters,Google autocomplete: surfaced by 1 seed query (best position 9); e.g. 'water purification c',low,0.3,topic-general,1,9,
water purification faucet,under-sink-drinking-water-filters,Google autocomplete: surfaced by 1 seed query (best position 9); e.g. 'water purification f',low,0.3,topic-general,1,9,
hard water dermatitis,hard-water-treatment,Google autocomplete: surfaced by 1 seed query (best position 9); e.g. 'hard water d',low,0.3,topic-general,1,9,
hard water etching,hard-water-treatment,Google autocomplete: surfaced by 1 seed query (best position 9); e.g. 'hard water e',low,0.3,topic-general,1,9,
hard water in shower,hard-water-treatment,Google autocomplete: surfaced by 1 seed query (best position 9); e.g. 'hard water i',low,0.3,topic-general,1,9,
hard water kya hota hai,hard-water-treatment,Google autocomplete: surfaced by 1 seed query (best position 9); e.g. 'hard water k',low,0.3,topic-general,1,9,
hard water new york,hard-water-treatment,Google autocomplete: surfaced by 1 seed query (best position 9); e.g. 'hard water n',low,0.3,topic-general,1,9,
hard water purifier,hard-water-treatment,Google autocomplete: surfaced by 1 seed query (best position 9); e.g. 'hard water p',low,0.3,topic-general,1,9,
hard water test kit,hard-water-treatment,Google autocomplete: surfaced by 1 seed query (best position 1); e.g. 'hard water t',low,0.3,diy/parts,1,1,
hard water tester,hard-water-treatment,Google autocomplete: surfaced by 1 seed query (best position 9); e.g. 'hard water t',low,0.3,topic-general,1,9,
hard water unit,hard-water-treatment,Google autocomplete: surfaced by 1 seed query (best position 9); e.g. 'hard water u',low,0.3,topic-general,1,9,
hard water make you itchy,hard-water-treatment,Google autocomplete: surfaced by 1 seed query (best position 9); e.g. 'hard water y',low,0.3,topic-general,1,9,
water filter system blue,water-treatment-purification,Google autocomplete: surfaced by 1 seed query (best position 9); e.g. 'water filter installation b',low,0.3,topic-general,1,9,
water filter system for espresso,water-treatment-purification,Google autocomplete: surfaced by 1 seed query (best position 9); e.g. 'water filter installation e',low,0.3,topic-general,1,9,
water filter system for kitchen,under-sink-drinking-water-filters,Google autocomplete: surfaced by 1 seed query (best position 9); e.g. 'water filter installation f',low,0.3,topic-general,1,9,
water filter system off grid,water-treatment-purification,Google autocomplete: surfaced by 1 seed query (best position 9); e.g. 'water filter installation g',low,0.3,topic-general,1,9,
water purification system home,water-treatment-purification,Google autocomplete: surfaced by 1 seed query (best position 9); e.g. 'water filter installation h',low,0.3,topic-general,1,9,
water purification system lab,water-testing,Google autocomplete: surfaced by 1 seed query (best position 9); e.g. 'water filter installation l',low,0.3,topic-general,1,9,
water filter system natural,water-treatment-purification,Google autocomplete: surfaced by 1 seed query (best position 9); e.g. 'water filter installation n',low,0.3,topic-general,1,9,
water purifier ro installation,reverse-osmosis,Google autocomplete: surfaced by 1 seed query (best position 10); e.g. 'water filter installation r',medium,0.3,transactional-local,1,10,
water filter installation video,water-filter-installation,Google autocomplete: surfaced by 1 seed query (best position 1); e.g. 'water filter installation v',low,0.3,diy/parts,1,1,
water filtration system with reverse osmosis,reverse-osmosis,Google autocomplete: surfaced by 1 seed query (best position 9); e.g. 'water filter installation w',low,0.3,topic-general,1,9,
kinetico water softener installation,water-softener-installation,Google autocomplete: surfaced by 1 seed query (best position 10); e.g. 'water softener installation k',medium,0.3,transactional-local,1,10,
water softener drain line installation,water-softener-installation,Google autocomplete: surfaced by 1 seed query (best position 10); e.g. 'water softener installation l',medium,0.3,transactional-local,1,10,
water softener installation video,water-softener-installation,Google autocomplete: surfaced by 1 seed query (best position 1); e.g. 'water softener installation v',low,0.3,diy/parts,1,1,
water softener bypass valve installation,water-softener-repair-service,Google autocomplete: surfaced by 1 seed query (best position 10); e.g. 'water softener installation v',medium,0.3,transactional-local,1,10,
iron filter aio,iron-sulfur-removal,Google autocomplete: surfaced by 1 seed query (best position 9); e.g. 'iron filter a',low,0.3,topic-general,1,9,
iron filter bd,iron-sulfur-removal,Google autocomplete: surfaced by 1 seed query (best position 9); e.g. 'iron filter b',low,0.3,topic-general,1,9,
iron filter chemical,iron-sulfur-removal,Google autocomplete: surfaced by 1 seed query (best position 9); e.g. 'iron filter c',low,0.3,topic-general,1,9,
iron removal drinking water,iron-sulfur-removal,Google autocomplete: surfaced by 1 seed query (best position 9); e.g. 'iron filter d',low,0.3,topic-general,1,9,
iron filter for washing machine,iron-sulfur-removal,Google autocomplete: surfaced by 1 seed query (best position 9); e.g. 'iron filter f',low,0.3,topic-general,1,9,
iron filter inline,iron-sulfur-removal,Google autocomplete: surfaced by 1 seed query (best position 9); e.g. 'iron filter i',low,0.3,topic-general,1,9,
iron filter settings,iron-sulfur-removal,Google autocomplete: surfaced by 1 seed query (best position 9); e.g. 'iron filter s',low,0.3,topic-general,1,9,
iron removal tank,iron-sulfur-removal,Google autocomplete: surfaced by 1 seed query (best position 9); e.g. 'iron filter t',low,0.3,topic-general,1,9,
do iron filters use salt,iron-sulfur-removal,Google autocomplete: surfaced by 1 seed query (best position 8); e.g. 'iron filter u',low,0.3,informational,1,8,
iron filter for home use,iron-sulfur-removal,Google autocomplete: surfaced by 1 seed query (best position 9); e.g. 'iron filter u',low,0.3,topic-general,1,9,
iron filter water softener combo,iron-sulfur-removal,Google autocomplete: surfaced by 1 seed query (best position 9); e.g. 'iron filter w',low,0.3,topic-general,1,9,
kinetico water systems columbus reviews,competitor-brands-local,Google autocomplete: surfaced by 1 seed query (best position 7); e.g. 'kinetico columbus',low,0.3,navigational-brand/retail,1,7,
is ohio water hard or soft,hard-water-treatment,Google autocomplete: surfaced by 1 seed query (best position 9); e.g. 'columbus ohio water hardness',low,0.3,informational,1,9,
commercial water filtration companies near me,commercial-water-treatment,Google autocomplete: surfaced by 1 seed query (best position 10); e.g. 'commercial water filtration',medium,0.3,transactional-local,1,10,
iron filter for well water irrigation,iron-sulfur-removal,Google autocomplete: surfaced by 1 seed query (best position 9); e.g. 'iron filter for well water',low,0.3,topic-general,1,9,
sulfur smell in water in camper,iron-sulfur-removal,Google autocomplete: surfaced by 1 seed query (best position 9); e.g. 'sulfur smell in water',low,0.3,topic-general,1,9,
rotten egg smell water pipes,iron-sulfur-removal,Google autocomplete: surfaced by 1 seed query (best position 9); e.g. 'rotten egg smell water',low,0.3,topic-general,1,9,
water filter costco,water-treatment-purification,Google autocomplete: surfaced by 3 seed queries (best position 4); e.g. 'water filtration cost',low,0.27,navigational-brand/retail,3,4,
whole house water filter housing,whole-house-water-filtration,Google autocomplete: surfaced by 1 seed query (best position 2); e.g. 'whole house water filter h',low,0.27,diy/parts,1,2,
whole house water filter wrench,whole-house-water-filtration,Google autocomplete: surfaced by 1 seed query (best position 2); e.g. 'whole house water filter w',low,0.27,diy/parts,1,2,
whole house water filter 20 x 4.5,whole-house-water-filtration,Google autocomplete: surfaced by 1 seed query (best position 2); e.g. 'whole house water filter x',low,0.27,diy/parts,1,2,
water softener enclosure,water-softener-systems,Google autocomplete: surfaced by 1 seed query (best position 2); e.g. 'water softener e',low,0.27,diy/parts,1,2,
water softener kit,water-softener-systems,Google autocomplete: surfaced by 1 seed query (best position 2); e.g. 'water softener k',low,0.27,diy/parts,1,2,
water softener test kit,water-softener-systems,Google autocomplete: surfaced by 1 seed query (best position 2); e.g. 'water softener t',low,0.27,diy/parts,1,2,
reverse osmosis element,reverse-osmosis,Google autocomplete: surfaced by 1 seed query (best position 2); e.g. 'reverse osmosis e',low,0.27,diy/parts,1,2,
reverse osmosis kit,reverse-osmosis,Google autocomplete: surfaced by 1 seed query (best position 2); e.g. 'reverse osmosis k',low,0.27,diy/parts,1,2,
reverse osmosis replacement filters,reverse-osmosis,Google autocomplete: surfaced by 1 seed query (best position 2); e.g. 'reverse osmosis r',low,0.27,diy/parts,1,2,
well water filter diy,well-water-treatment,Google autocomplete: surfaced by 1 seed query (best position 2); e.g. 'well water filtration d',low,0.27,diy/parts,1,2,
well water filter element,well-water-treatment,Google autocomplete: surfaced by 1 seed query (best position 2); e.g. 'well water filtration e',low,0.27,diy/parts,1,2,
well water filter gasket,well-water-treatment,Google autocomplete: surfaced by 1 seed query (best position 2); e.g. 'well water filtration g',low,0.27,diy/parts,1,2,
well water filter wrench,well-water-treatment,Google autocomplete: surfaced by 1 seed query (best position 2); e.g. 'well water filtration w',low,0.27,diy/parts,1,2,
do it yourself well water filtration system,well-water-treatment,Google autocomplete: surfaced by 1 seed query (best position 2); e.g. 'well water filtration y',low,0.27,diy/parts,1,2,
water testing dover ohio,water-testing,"[Ohio, outside service area] Google autocomplete: surfaced by 1 seed query (best position 8); e.g. 'water testing d'",low,0.27,transactional-local,1,8,
water testing tool,water-testing,Google autocomplete: surfaced by 1 seed query (best position 2); e.g. 'water testing t',low,0.27,diy/parts,1,2,
hard water kit,hard-water-treatment,Google autocomplete: surfaced by 1 seed query (best position 2); e.g. 'hard water k',low,0.27,diy/parts,1,2,
water purifier installation video,water-treatment-purification,Google autocomplete: surfaced by 1 seed query (best position 2); e.g. 'water filter installation v',low,0.27,diy/parts,1,2,
water softener installation adapter kit,water-softener-installation,Google autocomplete: surfaced by 1 seed query (best position 2); e.g. 'water softener installation a',low,0.27,diy/parts,1,2,
rheem water softener installation manual,water-softener-installation,Google autocomplete: surfaced by 2 seed queries (best position 4); e.g. 'water softener installation g',low,0.27,diy/parts,2,4,
water softener installation cost lowes,water-softener-installation,Google autocomplete: surfaced by 1 seed query (best position 8); e.g. 'water softener installation l',low,0.27,transactional-local,1,8,
rheem water softener installation video,water-softener-installation,Google autocomplete: surfaced by 1 seed query (best position 2); e.g. 'water softener installation v',low,0.27,diy/parts,1,2,
water softener install yourself,water-softener-installation,Google autocomplete: surfaced by 1 seed query (best position 2); e.g. 'water softener installation y',low,0.27,diy/parts,1,2,
iron filter cartridge,iron-sulfur-removal,Google autocomplete: surfaced by 1 seed query (best position 2); e.g. 'iron filter c',low,0.27,diy/parts,1,2,
iron filter head unit,iron-sulfur-removal,Google autocomplete: surfaced by 2 seed queries (best position 5); e.g. 'iron filter h',low,0.27,diy/parts,2,5,
iron filter kit,iron-sulfur-removal,Google autocomplete: surfaced by 1 seed query (best position 2); e.g. 'iron filter k',low,0.27,diy/parts,1,2,
iron filter parts,iron-sulfur-removal,Google autocomplete: surfaced by 1 seed query (best position 2); e.g. 'iron filter p',low,0.27,diy/parts,1,2,
iron filter 4.5 x 20,iron-sulfur-removal,Google autocomplete: surfaced by 1 seed query (best position 2); e.g. 'iron filter x',low,0.27,diy/parts,1,2,
whole house water filter culligan,whole-house-water-filtration,Google autocomplete: surfaced by 1 seed query (best position 6); e.g. 'whole house water filter c',low,0.25,navigational-brand/retail,1,6,
crystal quest whole house water filter,whole-house-water-filtration,Google autocomplete: surfaced by 1 seed query (best position 6); e.g. 'whole house water filter q',low,0.25,navigational-brand/retail,1,6,
waterdrop reverse osmosis x8,reverse-osmosis,Google autocomplete: surfaced by 1 seed query (best position 6); e.g. 'reverse osmosis x',low,0.25,navigational-brand/retail,1,6,
water filter system ge,water-treatment-purification,Google autocomplete: surfaced by 1 seed query (best position 6); e.g. 'water filter installation g',low,0.25,navigational-brand/retail,1,6,
iron filter culligan,iron-sulfur-removal,Google autocomplete: surfaced by 1 seed query (best position 6); e.g. 'iron filter c',low,0.25,navigational-brand/retail,1,6,
iron filter kinetico,iron-sulfur-removal,Google autocomplete: surfaced by 1 seed query (best position 6); e.g. 'iron filter k',low,0.25,navigational-brand/retail,1,6,
water filtration costco,water-treatment-purification,Google autocomplete: surfaced by 4 seed queries (best position 1); e.g. 'water filtration c',low,0.24,navigational-brand/retail,4,1,
water softener cost menards,water-softener-installation,Google autocomplete: surfaced by 1 seed query (best position 7); e.g. 'water softener cost',low,0.24,commercial,1,7,
well water filtration system diy,well-water-treatment,Google autocomplete: surfaced by 3 seed queries (best position 8); e.g. 'well water filtration',low,0.24,diy/parts,3,8,
best water testing kit for home,water-testing,Google autocomplete: surfaced by 1 seed query (best position 3); e.g. 'best water testing',low,0.24,diy/parts,1,3,
iron filter replacement parts,iron-sulfur-removal,Google autocomplete: surfaced by 2 seed queries (best position 5); e.g. 'iron filter r',low,0.24,diy/parts,2,5,
aquasana salt free water conditioner installation instructions,salt-free-water-conditioner,Google autocomplete: surfaced by 1 seed query (best position 3); e.g. 'salt free water softener installation',low,0.24,diy/parts,1,3,
whole house water filter cartridge replacement,whole-house-water-filtration,Google autocomplete: surfaced by 1 seed query (best position 3); e.g. 'whole house water filter c',low,0.24,diy/parts,1,3,
whole house water filter dimensions,whole-house-water-filtration,Google autocomplete: surfaced by 1 seed query (best position 3); e.g. 'whole house water filter d',low,0.24,diy/parts,1,3,
whole house water filter housing replacement,whole-house-water-filtration,Google autocomplete: surfaced by 1 seed query (best position 3); e.g. 'whole house water filter h',low,0.24,diy/parts,1,3,
whole house water filter 10 x 2.5,whole-house-water-filtration,Google autocomplete: surfaced by 1 seed query (best position 3); e.g. 'whole house water filter x',low,0.24,diy/parts,1,3,
well water filter micron size,well-water-treatment,Google autocomplete: surfaced by 1 seed query (best position 3); e.g. 'well water filtration m',low,0.24,diy/parts,1,3,
well water filter replacement cartridges,well-water-treatment,Google autocomplete: surfaced by 1 seed query (best position 3); e.g. 'well water filtration r',low,0.24,diy/parts,1,3,
water filter system diy,water-treatment-purification,Google autocomplete: surfaced by 1 seed query (best position 3); e.g. 'water filter installation d',low,0.24,diy/parts,1,3,
water softener installation kit 22mm,water-softener-installation,Google autocomplete: surfaced by 1 seed query (best position 3); e.g. 'water softener installation k',low,0.24,diy/parts,1,3,
aquasure water softener installation video,water-softener-installation,Google autocomplete: surfaced by 1 seed query (best position 3); e.g. 'water softener installation v',low,0.24,diy/parts,1,3,
iron filter element,iron-sulfur-removal,Google autocomplete: surfaced by 1 seed query (best position 3); e.g. 'iron filter e',low,0.24,diy/parts,1,3,
ziron iron filter manual,iron-sulfur-removal,Google autocomplete: surfaced by 1 seed query (best position 3); e.g. 'iron filter z',low,0.24,diy/parts,1,3,
reverse osmosis costco,reverse-osmosis,Google autocomplete: surfaced by 2 seed queries (best position 2); e.g. 'reverse osmosis c',low,0.22,navigational-brand/retail,2,2,
columbus culligan water,competitor-brands-local,Google autocomplete: surfaced by 1 seed query (best position 8); e.g. 'culligan columbus',low,0.22,navigational-brand/retail,1,8,
kinetico water systems columbus,competitor-brands-local,Google autocomplete: surfaced by 1 seed query (best position 8); e.g. 'kinetico columbus',low,0.22,navigational-brand/retail,1,8,
best water softener setup,water-softener-systems,Google autocomplete: surfaced by 1 seed query (best position 4); e.g. 'best water softener installation',low,0.21,diy/parts,1,4,
does cleveland ohio have hard water,hard-water-treatment,"[Ohio, outside service area] Google autocomplete: surfaced by 1 seed query (best position 4); e.g. 'hard water columbus ohio'",low,0.21,informational,1,4,
best iron filter cartridge for well water,iron-sulfur-removal,Google autocomplete: surfaced by 1 seed query (best position 4); e.g. 'best iron filter',low,0.21,diy/parts,1,4,
under sink water filter replacement cartridge,under-sink-drinking-water-filters,Google autocomplete: surfaced by 1 seed query (best position 4); e.g. 'under sink water filter repair',low,0.21,diy/parts,1,4,
whole house water filter parts,whole-house-water-filtration,Google autocomplete: surfaced by 1 seed query (best position 4); e.g. 'whole house water filter p',low,0.21,diy/parts,1,4,
whole house water filter 20 x 2.5,whole-house-water-filtration,Google autocomplete: surfaced by 1 seed query (best position 4); e.g. 'whole house water filter x',low,0.21,diy/parts,1,4,
water softener outdoor enclosure,water-softener-systems,Google autocomplete: surfaced by 1 seed query (best position 4); e.g. 'water softener o',low,0.21,diy/parts,1,4,
water softener parts,water-softener-repair-service,Google autocomplete: surfaced by 1 seed query (best position 4); e.g. 'water softener p',low,0.21,diy/parts,1,4,
well water filter cartridge,well-water-treatment,Google autocomplete: surfaced by 1 seed query (best position 4); e.g. 'well water filtration c',low,0.21,diy/parts,1,4,
well water filter housing replacement,well-water-treatment,Google autocomplete: surfaced by 1 seed query (best position 4); e.g. 'well water filtration h',low,0.21,diy/parts,1,4,
well water filter parts,well-water-treatment,Google autocomplete: surfaced by 1 seed query (best position 4); e.g. 'well water filtration p',low,0.21,diy/parts,1,4,
what is in a water testing kit,water-testing,Google autocomplete: surfaced by 1 seed query (best position 4); e.g. 'water testing x',low,0.21,diy/parts,1,4,
water softener installation kit 15mm,water-softener-installation,Google autocomplete: surfaced by 1 seed query (best position 4); e.g. 'water softener installation k',low,0.21,diy/parts,1,4,
water softener installation schematic,water-softener-installation,Google autocomplete: surfaced by 1 seed query (best position 4); e.g. 'water softener installation s',low,0.21,diy/parts,1,4,
iron filter cartridge for well water,iron-sulfur-removal,Google autocomplete: surfaced by 1 seed query (best position 4); e.g. 'iron filter c',low,0.21,diy/parts,1,4,
iron filter head,iron-sulfur-removal,Google autocomplete: surfaced by 1 seed query (best position 4); e.g. 'iron filter h',low,0.21,diy/parts,1,4,
best water filtration system for whole house,whole-house-water-filtration,Google autocomplete: surfaced by 1 seed query (best position 10); e.g. 'best water filtration',low,0.2,commercial,1,10,
whole house water filtration cost of reverse osmosis system,reverse-osmosis,Google autocomplete: surfaced by 1 seed query (best position 10); e.g. 'whole house water filter cost',low,0.2,commercial,1,10,
best whole house water filter for hard water,hard-water-treatment,Google autocomplete: surfaced by 1 seed query (best position 10); e.g. 'best whole house water filter',low,0.2,commercial,1,10,
best reverse osmosis,reverse-osmosis,Google autocomplete: surfaced by 1 seed query (best position 10); e.g. 'best reverse osmosis',low,0.2,commercial,1,10,
best well water filtration system to remove iron,iron-sulfur-removal,Google autocomplete: surfaced by 1 seed query (best position 10); e.g. 'best well water filtration',low,0.2,commercial,1,10,
iron filter replacement cost,iron-sulfur-removal,Google autocomplete: surfaced by 1 seed query (best position 10); e.g. 'iron filter repair',low,0.2,commercial,1,10,
best countertop pfas water filter,pfas-removal,Google autocomplete: surfaced by 1 seed query (best position 10); e.g. 'best pfas water filter',low,0.2,commercial,1,10,
water filter system cost for home,water-treatment-purification,Google autocomplete: surfaced by 1 seed query (best position 10); e.g. 'water filter installation cost',low,0.2,commercial,1,10,
best water conditioner for axolotls,salt-free-water-conditioner,Google autocomplete: surfaced by 1 seed query (best position 10); e.g. 'best water conditioning',low,0.2,commercial,1,10,
are salt free water softeners better,salt-free-water-conditioner,Google autocomplete: surfaced by 1 seed query (best position 9); e.g. 'salt free water softener near me',low,0.2,informational,1,9,
monthly cost of salt free water softener,salt-free-water-conditioner,Google autocomplete: surfaced by 1 seed query (best position 10); e.g. 'salt free water softener cost',low,0.2,commercial,1,10,
uv well water filter cost,uv-water-purification,Google autocomplete: surfaced by 1 seed query (best position 10); e.g. 'uv water purification cost',low,0.2,commercial,1,10,
best uv water purifier for travel,uv-water-purification,Google autocomplete: surfaced by 1 seed query (best position 10); e.g. 'best uv water purification',low,0.2,commercial,1,10,
under sink water filter system cost,under-sink-drinking-water-filters,Google autocomplete: surfaced by 1 seed query (best position 10); e.g. 'under sink water filter cost',low,0.2,commercial,1,10,
under sink water filter system best,under-sink-drinking-water-filters,Google autocomplete: surfaced by 1 seed query (best position 10); e.g. 'under sink water filter installation',low,0.2,commercial,1,10,
best under sink water filters for home,under-sink-drinking-water-filters,Google autocomplete: surfaced by 1 seed query (best position 10); e.g. 'best under sink water filter',low,0.2,commercial,1,10,
best water treatment for hard water,hard-water-treatment,Google autocomplete: surfaced by 1 seed query (best position 10); e.g. 'best water treatment',low,0.2,commercial,1,10,
water filtration system for home cost,water-treatment-purification,Google autocomplete: surfaced by 1 seed query (best position 10); e.g. 'water filtration s',low,0.2,commercial,1,10,
whole house water filter best rated,whole-house-water-filtration,Google autocomplete: surfaced by 1 seed query (best position 10); e.g. 'whole house water filter b',low,0.2,commercial,1,10,
whole house water filter how to install,whole-house-water-filtration,Google autocomplete: surfaced by 1 seed query (best position 9); e.g. 'whole house water filter h',low,0.2,informational,1,9,
whole house water filter ispring,whole-house-water-filtration,Google autocomplete: surfaced by 1 seed query (best position 7); e.g. 'whole house water filter i',low,0.2,navigational-brand/retail,1,7,
how long does a whole house water filter last,whole-house-water-filtration,Google autocomplete: surfaced by 1 seed query (best position 9); e.g. 'whole house water filter j',low,0.2,informational,1,9,
whole house water filter pelican,whole-house-water-filtration,Google autocomplete: surfaced by 1 seed query (best position 7); e.g. 'whole house water filter p',low,0.2,navigational-brand/retail,1,7,
whole house water filter reviews consumer reports,whole-house-water-filtration,Google autocomplete: surfaced by 1 seed query (best position 10); e.g. 'whole house water filter r',low,0.2,commercial,1,10,
whole house water filtration vs reverse osmosis,reverse-osmosis,Google autocomplete: surfaced by 1 seed query (best position 10); e.g. 'whole house water filter v',low,0.2,commercial,1,10,
can you install whole house water filter outdoor,whole-house-water-filtration,Google autocomplete: surfaced by 1 seed query (best position 9); e.g. 'whole house water filter y',low,0.2,informational,1,9,
water softener is full of water,water-softener-systems,Google autocomplete: surfaced by 1 seed query (best position 9); e.g. 'water softener i',low,0.2,informational,1,9,
water softener vs filtration system,water-softener-systems,Google autocomplete: surfaced by 1 seed query (best position 10); e.g. 'water softener v',low,0.2,commercial,1,10,
reverse osmosis bad for you,reverse-osmosis,Google autocomplete: surfaced by 1 seed query (best position 9); e.g. 'reverse osmosis b',low,0.2,informational,1,9,
waterdrop reverse osmosis x16,reverse-osmosis,Google autocomplete: surfaced by 1 seed query (best position 7); e.g. 'reverse osmosis x',low,0.2,navigational-brand/retail,1,7,
reverse osmosis vs zero water filter,reverse-osmosis,Google autocomplete: surfaced by 1 seed query (best position 10); e.g. 'reverse osmosis z',low,0.2,commercial,1,10,
water filter system big blue,water-treatment-purification,Google autocomplete: surfaced by 1 seed query (best position 7); e.g. 'water filter installation b',low,0.2,navigational-brand/retail,1,7,
water filtration system pentair,water-treatment-purification,Google autocomplete: surfaced by 1 seed query (best position 7); e.g. 'water filter installation p',low,0.2,navigational-brand/retail,1,7,
water filtration system vs softener,water-softener-systems,Google autocomplete: surfaced by 1 seed query (best position 10); e.g. 'water filter installation v',low,0.2,commercial,1,10,
whole house water filter menards,whole-house-water-filtration,Google autocomplete: surfaced by 2 seed queries (best position 1); e.g. 'whole house water filter m',low,0.18,navigational-brand/retail,2,1,
water softener cost home depot,water-softener-installation,Google autocomplete: surfaced by 1 seed query (best position 8); e.g. 'water softener cost',low,0.18,commercial,1,8,
best water softener for diy installation,water-softener-installation,Google autocomplete: surfaced by 1 seed query (best position 5); e.g. 'best water softener installation',low,0.18,diy/parts,1,5,
reverse osmosis installation kit,reverse-osmosis,Google autocomplete: surfaced by 1 seed query (best position 5); e.g. 'reverse osmosis installation',low,0.18,diy/parts,1,5,
ro system installation manual,reverse-osmosis,Google autocomplete: surfaced by 1 seed query (best position 5); e.g. 'ro system installation',low,0.18,diy/parts,1,5,
under sink water filter replacement parts,under-sink-drinking-water-filters,Google autocomplete: surfaced by 1 seed query (best position 5); e.g. 'under sink water filter repair',low,0.18,diy/parts,1,5,
whole house water filter enclosure,whole-house-water-filtration,Google autocomplete: surfaced by 1 seed query (best position 5); e.g. 'whole house water filter e',low,0.18,diy/parts,1,5,
whole house water filter housing stuck,whole-house-water-filtration,Google autocomplete: surfaced by 1 seed query (best position 5); e.g. 'whole house water filter h',low,0.18,diy/parts,1,5,
water softener head,water-softener-systems,Google autocomplete: surfaced by 1 seed query (best position 5); e.g. 'water softener h',low,0.18,diy/parts,1,5,
well water filter housing stuck,well-water-treatment,Google autocomplete: surfaced by 1 seed query (best position 5); e.g. 'well water filtration h',low,0.18,diy/parts,1,5,
water testing dayton ohio,water-testing,"[Ohio, outside service area] Google autocomplete: surfaced by 1 seed query (best position 9); e.g. 'water testing d'",low,0.18,transactional-local,1,9,
water testing video,water-testing,Google autocomplete: surfaced by 1 seed query (best position 5); e.g. 'water testing v',low,0.18,diy/parts,1,5,
whirlpool water softener installation video,water-softener-installation,Google autocomplete: surfaced by 1 seed query (best position 5); e.g. 'water softener installation v',low,0.18,diy/parts,1,5,
iron filter bag,iron-sulfur-removal,Google autocomplete: surfaced by 1 seed query (best position 5); e.g. 'iron filter b',low,0.18,diy/parts,1,5,
arsenic water filter cartridge,contaminant-specific-filtration,Google autocomplete: surfaced by 1 seed query (best position 5); e.g. 'arsenic water filter',low,0.18,diy/parts,1,5,
whole house water filter costco,whole-house-water-filtration,Google autocomplete: surfaced by 2 seed queries (best position 2); e.g. 'whole house water filter c',low,0.17,navigational-brand/retail,2,2,
water filter system costco,water-treatment-purification,Google autocomplete: surfaced by 2 seed queries (best position 4); e.g. 'water filter installation c',low,0.17,navigational-brand/retail,2,4,
installing house water filtration system,water-treatment-purification,Google autocomplete: surfaced by 1 seed query (best position 10); e.g. 'water filtration installation',low,0.15,topic-general,1,10,
water softener process description,water-softener-systems,Google autocomplete: surfaced by 1 seed query (best position 10); e.g. 'water softener columbus',low,0.15,topic-general,1,10,
sulfur smell water treatment,iron-sulfur-removal,Google autocomplete: surfaced by 1 seed query (best position 10); e.g. 'sulfur smell water',low,0.15,topic-general,1,10,
salt free water softener and filter system,salt-free-water-conditioner,Google autocomplete: surfaced by 1 seed query (best position 10); e.g. 'salt free water softener',low,0.15,topic-general,1,10,
uv water purifiers,uv-water-purification,Google autocomplete: surfaced by 1 seed query (best position 10); e.g. 'uv water purification',low,0.15,topic-general,1,10,
uv water filter system for home,uv-water-purification,Google autocomplete: surfaced by 1 seed query (best position 10); e.g. 'uv water purification installation',low,0.15,topic-general,1,10,
under sink water filter costco,under-sink-drinking-water-filters,Google autocomplete: surfaced by 1 seed query (best position 1); e.g. 'under sink water filter cost',low,0.15,navigational-brand/retail,1,1,
under sink water filter troubleshooting,under-sink-drinking-water-filters,Google autocomplete: surfaced by 1 seed query (best position 10); e.g. 'under sink water filter repair',low,0.15,topic-general,1,10,
water purification costco,water-treatment-purification,Google autocomplete: surfaced by 1 seed query (best position 1); e.g. 'water purification cost',low,0.15,navigational-brand/retail,1,1,
water filtration dispenser for home,water-treatment-purification,Google autocomplete: surfaced by 1 seed query (best position 10); e.g. 'water filtration d',low,0.15,topic-general,1,10,
water filtration home made,water-treatment-purification,Google autocomplete: surfaced by 1 seed query (best position 10); e.g. 'water filtration h',low,0.15,topic-general,1,10,
water filtration or softener,water-softener-systems,Google autocomplete: surfaced by 1 seed query (best position 10); e.g. 'water filtration o',low,0.15,topic-general,1,10,
water filter quality test,water-testing,Google autocomplete: surfaced by 1 seed query (best position 10); e.g. 'water filtration q',low,0.15,topic-general,1,10,
water filtration test kit,water-testing,Google autocomplete: surfaced by 1 seed query (best position 6); e.g. 'water filtration t',low,0.15,diy/parts,1,6,
water filtration with reverse osmosis,reverse-osmosis,Google autocomplete: surfaced by 1 seed query (best position 10); e.g. 'water filtration w',low,0.15,topic-general,1,10,
whole house water filter change,whole-house-water-filtration,Google autocomplete: surfaced by 1 seed query (best position 10); e.g. 'whole house water filter c',low,0.15,topic-general,1,10,
whole house water filter e coli,well-water-treatment,Google autocomplete: surfaced by 1 seed query (best position 10); e.g. 'whole house water filter e',low,0.15,topic-general,1,10,
whole house water filter for nitrates,contaminant-specific-filtration,Google autocomplete: surfaced by 1 seed query (best position 10); e.g. 'whole house water filter f',low,0.15,topic-general,1,10,
whole house water filter grainger,whole-house-water-filtration,Google autocomplete: surfaced by 1 seed query (best position 10); e.g. 'whole house water filter g',low,0.15,topic-general,1,10,
whole house water filter home depot,whole-house-water-filtration,Google autocomplete: surfaced by 1 seed query (best position 1); e.g. 'whole house water filter h',low,0.15,navigational-brand/retail,1,1,
whole house water filter high flow,whole-house-water-filtration,Google autocomplete: surfaced by 1 seed query (best position 10); e.g. 'whole house water filter h',low,0.15,topic-general,1,10,
whole house water filter lowes,whole-house-water-filtration,Google autocomplete: surfaced by 1 seed query (best position 1); e.g. 'whole house water filter l',low,0.15,navigational-brand/retail,1,1,
whole house water filter layout,whole-house-water-filtration,Google autocomplete: surfaced by 1 seed query (best position 10); e.g. 'whole house water filter l',low,0.15,topic-general,1,10,
whole house water filter nsf certified,whole-house-water-filtration,Google autocomplete: surfaced by 1 seed query (best position 10); e.g. 'whole house water filter n',low,0.15,topic-general,1,10,
whole house water filter plumbing,whole-house-water-filtration,Google autocomplete: surfaced by 1 seed query (best position 10); e.g. 'whole house water filter p',low,0.15,topic-general,1,10,
whole house water filter softener,water-softener-systems,Google autocomplete: surfaced by 1 seed query (best position 10); e.g. 'whole house water filter s',low,0.15,topic-general,1,10,
whole house water filter to remove chlorine and fluoride,contaminant-specific-filtration,Google autocomplete: surfaced by 1 seed query (best position 10); e.g. 'whole house water filter t',low,0.15,topic-general,1,10,
whole house water filter uv system,uv-water-purification,Google autocomplete: surfaced by 1 seed query (best position 10); e.g. 'whole house water filter u',low,0.15,topic-general,1,10,
whole house water filter video,whole-house-water-filtration,Google autocomplete: surfaced by 1 seed query (best position 6); e.g. 'whole house water filter v',low,0.15,diy/parts,1,6,
whole house water filter whirlpool,whole-house-water-filtration,Google autocomplete: surfaced by 1 seed query (best position 8); e.g. 'whole house water filter w',low,0.15,navigational-brand/retail,1,8,
4.5 x20 whole house water filter,whole-house-water-filtration,Google autocomplete: surfaced by 1 seed query (best position 6); e.g. 'whole house water filter x',low,0.15,diy/parts,1,6,
whole house water filter sediment filter 4.5 in x 10 in,contaminant-specific-filtration,Google autocomplete: surfaced by 1 seed query (best position 10); e.g. 'whole house water filter x',low,0.15,topic-general,1,10,
water softener aquasure,water-softener-systems,Google autocomplete: surfaced by 1 seed query (best position 10); e.g. 'water softener a',low,0.15,topic-general,1,10,
water softener brine well,well-water-treatment,Google autocomplete: surfaced by 1 seed query (best position 10); e.g. 'water softener b',low,0.15,topic-general,1,10,
water softener filter replacement,water-softener-repair-service,Google autocomplete: surfaced by 1 seed query (best position 10); e.g. 'water softener f',low,0.15,topic-general,1,10,
water softener grain calculator,water-softener-systems,Google autocomplete: surfaced by 1 seed query (best position 6); e.g. 'water softener g',low,0.15,diy/parts,1,6,
water softener home depot,water-softener-systems,Google autocomplete: surfaced by 1 seed query (best position 1); e.g. 'water softener h',low,0.15,navigational-brand/retail,1,1,
water softener hardness level 50,water-softener-systems,Google autocomplete: surfaced by 1 seed query (best position 10); e.g. 'water softener h',low,0.15,topic-general,1,10,
water softener keeps regenerating,water-softener-repair-service,Google autocomplete: surfaced by 1 seed query (best position 10); e.g. 'water softener k',low,0.15,topic-general,1,10,
water softener lowes,water-softener-systems,Google autocomplete: surfaced by 1 seed query (best position 1); e.g. 'water softener l',low,0.15,navigational-brand/retail,1,1,
water softener menards,water-softener-systems,Google autocomplete: surfaced by 1 seed query (best position 1); e.g. 'water softener m',low,0.15,navigational-brand/retail,1,1,
water softener nerds,water-softener-systems,Google autocomplete: surfaced by 1 seed query (best position 10); e.g. 'water softener n',low,0.15,topic-general,1,10,
water softener overflow pipe,water-softener-repair-service,Google autocomplete: surfaced by 1 seed query (best position 10); e.g. 'water softener o',low,0.15,topic-general,1,10,
water softener resin replacement,water-softener-repair-service,Google autocomplete: surfaced by 1 seed query (best position 10); e.g. 'water softener r',low,0.15,topic-general,1,10,
water softener system for house,water-softener-systems,Google autocomplete: surfaced by 1 seed query (best position 10); e.g. 'water softener s',low,0.15,topic-general,1,10,
water softener technician,water-softener-systems,Google autocomplete: surfaced by 1 seed query (best position 10); e.g. 'water softener t',low,0.15,topic-general,1,10,
water softener upkeep,water-softener-repair-service,Google autocomplete: surfaced by 1 seed query (best position 10); e.g. 'water softener u',low,0.15,topic-general,1,10,
water softener whirlpool,water-softener-systems,Google autocomplete: surfaced by 1 seed query (best position 8); e.g. 'water softener w',low,0.15,navigational-brand/retail,1,8,
water softener design calculation xls,water-softener-systems,Google autocomplete: surfaced by 1 seed query (best position 6); e.g. 'water softener x',low,0.15,diy/parts,1,6,
reverse osmosis amazon,reverse-osmosis,Google autocomplete: surfaced by 1 seed query (best position 1); e.g. 'reverse osmosis a',low,0.15,navigational-brand/retail,1,1,
reverse osmosis air gap faucet,reverse-osmosis,Google autocomplete: surfaced by 1 seed query (best position 10); e.g. 'reverse osmosis a',low,0.15,topic-general,1,10,
reverse osmosis check valve,reverse-osmosis,Google autocomplete: surfaced by 1 seed query (best position 10); e.g. 'reverse osmosis c',low,0.15,topic-general,1,10,
reverse osmosis drain saddle,reverse-osmosis,Google autocomplete: surfaced by 1 seed query (best position 10); e.g. 'reverse osmosis d',low,0.15,topic-general,1,10,
reverse osmosis for home,reverse-osmosis,Google autocomplete: surfaced by 1 seed query (best position 10); e.g. 'reverse osmosis f',low,0.15,topic-general,1,10,
reverse osmosis home,reverse-osmosis,Google autocomplete: surfaced by 1 seed query (best position 10); e.g. 'reverse osmosis h',low,0.15,topic-general,1,10,
reverse osmosis industrial system,commercial-water-treatment,Google autocomplete: surfaced by 1 seed query (best position 10); e.g. 'reverse osmosis i',low,0.15,topic-general,1,10,
reverse osmosis jb hi fi,reverse-osmosis,Google autocomplete: surfaced by 1 seed query (best position 10); e.g. 'reverse osmosis j',low,0.15,topic-general,1,10,
reverse osmosis kinetico,reverse-osmosis,Google autocomplete: surfaced by 1 seed query (best position 8); e.g. 'reverse osmosis k',low,0.15,navigational-brand/retail,1,8,
reverse osmosis keeps draining,reverse-osmosis,Google autocomplete: surfaced by 1 seed query (best position 10); e.g. 'reverse osmosis k',low,0.15,topic-general,1,10,
reverse osmosis lowes,reverse-osmosis,Google autocomplete: surfaced by 1 seed query (best position 1); e.g. 'reverse osmosis l',low,0.15,navigational-brand/retail,1,1,
reverse osmosis leak stop valve,reverse-osmosis,Google autocomplete: surfaced by 1 seed query (best position 10); e.g. 'reverse osmosis l',low,0.15,topic-general,1,10,
reverse osmosis no pressure,reverse-osmosis,Google autocomplete: surfaced by 1 seed query (best position 10); e.g. 'reverse osmosis n',low,0.15,topic-general,1,10,
reverse osmosis or spring water,reverse-osmosis,Google autocomplete: surfaced by 1 seed query (best position 10); e.g. 'reverse osmosis o',low,0.15,topic-general,1,10,
reverse osmosis questions,reverse-osmosis,Google autocomplete: surfaced by 1 seed query (best position 10); e.g. 'reverse osmosis q',low,0.15,topic-general,1,10,
reverse osmosis replacement tank,reverse-osmosis,Google autocomplete: surfaced by 1 seed query (best position 10); e.g. 'reverse osmosis r',low,0.15,topic-general,1,10,
reverse osmosis tubing,reverse-osmosis,Google autocomplete: surfaced by 1 seed query (best position 10); e.g. 'reverse osmosis t',low,0.15,topic-general,1,10,
reverse osmosis water filter for sink,reverse-osmosis,Google autocomplete: surfaced by 1 seed query (best position 10); e.g. 'reverse osmosis w',low,0.15,topic-general,1,10,
well water filtration for drinking,well-water-treatment,Google autocomplete: surfaced by 1 seed query (best position 10); e.g. 'well water filtration d',low,0.15,topic-general,1,10,
well water filter for sulfur smell,iron-sulfur-removal,Google autocomplete: surfaced by 1 seed query (best position 10); e.g. 'well water filtration f',low,0.15,topic-general,1,10,
well water home filtration system,well-water-treatment,Google autocomplete: surfaced by 1 seed query (best position 10); e.g. 'well water filtration h',low,0.15,topic-general,1,10,
well water filter for kitchen sink,well-water-treatment,Google autocomplete: surfaced by 1 seed query (best position 10); e.g. 'well water filtration k',low,0.15,topic-general,1,10,
well water filter micron,well-water-treatment,Google autocomplete: surfaced by 1 seed query (best position 6); e.g. 'well water filtration m',low,0.15,diy/parts,1,6,
well water mineral filter,well-water-treatment,Google autocomplete: surfaced by 1 seed query (best position 10); e.g. 'well water filtration m',low,0.15,topic-general,1,10,
well water oxidizing filter,well-water-treatment,Google autocomplete: surfaced by 1 seed query (best position 10); e.g. 'well water filtration o',low,0.15,topic-general,1,10,
well water filter removal,well-water-treatment,Google autocomplete: surfaced by 1 seed query (best position 10); e.g. 'well water filtration r',low,0.15,topic-general,1,10,
well water filter tool,well-water-treatment,Google autocomplete: surfaced by 1 seed query (best position 6); e.g. 'well water filtration t',low,0.15,diy/parts,1,6,
well water turbidity filter,well-water-treatment,Google autocomplete: surfaced by 1 seed query (best position 10); e.g. 'well water filtration t',low,0.15,topic-general,1,10,
water testing home depot,water-testing,Google autocomplete: surfaced by 1 seed query (best position 1); e.g. 'water testing h',low,0.15,navigational-brand/retail,1,1,
water testing jersey,water-testing,Google autocomplete: surfaced by 1 seed query (best position 10); e.g. 'water testing j',low,0.15,topic-general,1,10,
water testing log sheet,water-testing,Google autocomplete: surfaced by 1 seed query (best position 10); e.g. 'water testing l',low,0.15,topic-general,1,10,
water testing madison,water-testing,Google autocomplete: surfaced by 1 seed query (best position 10); e.g. 'water testing m',low,0.15,topic-general,1,10,
water testing organization,water-testing,Google autocomplete: surfaced by 1 seed query (best position 10); e.g. 'water testing o',low,0.15,topic-general,1,10,
water testing quotes,water-testing,Google autocomplete: surfaced by 1 seed query (best position 10); e.g. 'water testing q',low,0.15,topic-general,1,10,
water testing results interpretation,water-testing,Google autocomplete: surfaced by 1 seed query (best position 10); e.g. 'water testing r',low,0.15,topic-general,1,10,
water quality test zip code,water-testing,Google autocomplete: surfaced by 1 seed query (best position 10); e.g. 'water testing z',low,0.15,topic-general,1,10,
water treatment refinery rust,iron-sulfur-removal,Google autocomplete: surfaced by 1 seed query (best position 10); e.g. 'water treatment r',low,0.15,topic-general,1,10,
water treatment uv system,uv-water-purification,Google autocomplete: surfaced by 1 seed query (best position 10); e.g. 'water treatment u',low,0.15,topic-general,1,10,
water treatment without salt,salt-free-water-conditioner,Google autocomplete: surfaced by 1 seed query (best position 10); e.g. 'water treatment w',low,0.15,topic-general,1,10,
water purification lab,water-testing,Google autocomplete: surfaced by 1 seed query (best position 10); e.g. 'water purification l',low,0.15,topic-general,1,10,
hard water areas map,hard-water-treatment,Google autocomplete: surfaced by 1 seed query (best position 10); e.g. 'hard water a',low,0.15,topic-general,1,10,
hard water effects on scalp,hard-water-treatment,Google autocomplete: surfaced by 1 seed query (best position 10); e.g. 'hard water e',low,0.15,topic-general,1,10,
hard water faucet filter,hard-water-treatment,Google autocomplete: surfaced by 1 seed query (best position 10); e.g. 'hard water f',low,0.15,topic-general,1,10,
hard water ko soft kaise kare,hard-water-treatment,Google autocomplete: surfaced by 1 seed query (best position 10); e.g. 'hard water k',low,0.15,topic-general,1,10,
hard water laundry booster,hard-water-treatment,Google autocomplete: surfaced by 1 seed query (best position 10); e.g. 'hard water l',low,0.15,topic-general,1,10,
hard water pipes,hard-water-treatment,Google autocomplete: surfaced by 1 seed query (best position 10); e.g. 'hard water p',low,0.15,topic-general,1,10,
hard water quartz,hard-water-treatment,Google autocomplete: surfaced by 1 seed query (best position 10); e.g. 'hard water q',low,0.15,topic-general,1,10,
hard water vinegar,hard-water-treatment,Google autocomplete: surfaced by 1 seed query (best position 10); e.g. 'hard water v',low,0.15,topic-general,1,10,
hard water water filter,hard-water-treatment,Google autocomplete: surfaced by 1 seed query (best position 10); e.g. 'hard water w',low,0.15,topic-general,1,10,
hard water new zealand,hard-water-treatment,Google autocomplete: surfaced by 1 seed query (best position 10); e.g. 'hard water z',low,0.15,topic-general,1,10,
water filter system by sink,water-treatment-purification,Google autocomplete: surfaced by 1 seed query (best position 10); e.g. 'water filter installation b',low,0.15,topic-general,1,10,
water filter system for under sink,under-sink-drinking-water-filters,Google autocomplete: surfaced by 1 seed query (best position 10); e.g. 'water filter installation f',low,0.15,topic-general,1,10,
water filtration system large,water-treatment-purification,Google autocomplete: surfaced by 1 seed query (best position 10); e.g. 'water filter installation l',low,0.15,topic-general,1,10,
water filter system on sink,water-treatment-purification,Google autocomplete: surfaced by 1 seed query (best position 10); e.g. 'water filter installation o',low,0.15,topic-general,1,10,
water filter system uv,uv-water-purification,Google autocomplete: surfaced by 1 seed query (best position 10); e.g. 'water filter installation u',low,0.15,topic-general,1,10,
ro water filter installation video,reverse-osmosis,Google autocomplete: surfaced by 1 seed query (best position 6); e.g. 'water filter installation v',low,0.15,diy/parts,1,6,
water filtration system whole home,whole-house-water-filtration,Google autocomplete: surfaced by 1 seed query (best position 10); e.g. 'water filter installation w',low,0.15,topic-general,1,10,
water softener fitting kit,water-softener-systems,Google autocomplete: surfaced by 1 seed query (best position 6); e.g. 'water softener installation k',low,0.15,diy/parts,1,6,
calmag water softener installation video,water-softener-installation,Google autocomplete: surfaced by 1 seed query (best position 6); e.g. 'water softener installation v',low,0.15,diy/parts,1,6,
iron filter big blue,iron-sulfur-removal,Google autocomplete: surfaced by 1 seed query (best position 8); e.g. 'iron filter b',low,0.15,navigational-brand/retail,1,8,
iron filter birm,iron-sulfur-removal,Google autocomplete: surfaced by 1 seed query (best position 10); e.g. 'iron filter b',low,0.15,topic-general,1,10,
iron filter diy,iron-sulfur-removal,Google autocomplete: surfaced by 1 seed query (best position 6); e.g. 'iron filter d',low,0.15,diy/parts,1,6,
iron removal drinking water treatment,iron-sulfur-removal,Google autocomplete: surfaced by 1 seed query (best position 10); e.g. 'iron filter d',low,0.15,topic-general,1,10,
iron filter home depot,iron-sulfur-removal,Google autocomplete: surfaced by 1 seed query (best position 1); e.g. 'iron filter h',low,0.15,navigational-brand/retail,1,1,
iron filter hs code,iron-sulfur-removal,Google autocomplete: surfaced by 1 seed query (best position 10); e.g. 'iron filter h',low,0.15,topic-general,1,10,
iron filter ispring,iron-sulfur-removal,Google autocomplete: surfaced by 1 seed query (best position 8); e.g. 'iron filter i',low,0.15,navigational-brand/retail,1,8,
iron filter in water,iron-sulfur-removal,Google autocomplete: surfaced by 1 seed query (best position 10); e.g. 'iron filter i',low,0.15,topic-general,1,10,
iron filter medium,iron-sulfur-removal,Google autocomplete: surfaced by 1 seed query (best position 10); e.g. 'iron filter m',low,0.15,topic-general,1,10,
iron out filter for well water,iron-sulfur-removal,Google autocomplete: surfaced by 1 seed query (best position 10); e.g. 'iron filter o',low,0.15,topic-general,1,10,
iron filter photo,iron-sulfur-removal,Google autocomplete: surfaced by 1 seed query (best position 10); e.g. 'iron filter p',low,0.15,topic-general,1,10,
iron filter sand,iron-sulfur-removal,Google autocomplete: surfaced by 1 seed query (best position 10); e.g. 'iron filter s',low,0.15,topic-general,1,10,
iron removal treatment,iron-sulfur-removal,Google autocomplete: surfaced by 1 seed query (best position 10); e.g. 'iron filter t',low,0.15,topic-general,1,10,
iron filter set up,iron-sulfur-removal,Google autocomplete: surfaced by 1 seed query (best position 6); e.g. 'iron filter u',low,0.15,diy/parts,1,6,
iron removal vessel,iron-sulfur-removal,Google autocomplete: surfaced by 1 seed query (best position 10); e.g. 'iron filter v',low,0.15,topic-general,1,10,
iron filter with ozone,iron-sulfur-removal,Google autocomplete: surfaced by 1 seed query (best position 10); e.g. 'iron filter w',low,0.15,topic-general,1,10,
culligan water columbus ohio,competitor-brands-local,Google autocomplete: surfaced by 1 seed query (best position 9); e.g. 'culligan columbus',low,0.15,navigational-brand/retail,1,9,
kinetico water systems columbus ohio,competitor-brands-local,Google autocomplete: surfaced by 1 seed query (best position 9); e.g. 'kinetico columbus',low,0.15,navigational-brand/retail,1,9,
sulfur smell in water new apartment,commercial-water-treatment,Google autocomplete: surfaced by 1 seed query (best position 10); e.g. 'sulfur smell in water',low,0.15,topic-general,1,10,
rotten egg smell water in house,iron-sulfur-removal,Google autocomplete: surfaced by 1 seed query (best position 10); e.g. 'rotten egg smell water',low,0.15,topic-general,1,10,
lead water filter,contaminant-specific-filtration,Google autocomplete: surfaced by 1 seed query (best position 10); e.g. 'arsenic water filter',low,0.15,topic-general,1,10,
water conditioner costco,salt-free-water-conditioner,Google autocomplete: surfaced by 1 seed query (best position 2); e.g. 'water conditioning cost',low,0.14,navigational-brand/retail,1,2,
salt free water softener costco,salt-free-water-conditioner,Google autocomplete: surfaced by 1 seed query (best position 2); e.g. 'salt free water softener cost',low,0.14,navigational-brand/retail,1,2,
water treatment costco,water-treatment-purification,Google autocomplete: surfaced by 1 seed query (best position 2); e.g. 'water treatment cost',low,0.14,navigational-brand/retail,1,2,
water filtration home depot,water-treatment-purification,Google autocomplete: surfaced by 1 seed query (best position 2); e.g. 'water filtration h',low,0.14,navigational-brand/retail,1,2,
reverse osmosis home depot,reverse-osmosis,Google autocomplete: surfaced by 1 seed query (best position 2); e.g. 'reverse osmosis h',low,0.14,navigational-brand/retail,1,2,
well water filter home depot,well-water-treatment,Google autocomplete: surfaced by 1 seed query (best position 2); e.g. 'well water filtration h',low,0.14,navigational-brand/retail,1,2,
well water filter lowes,well-water-treatment,Google autocomplete: surfaced by 1 seed query (best position 2); e.g. 'well water filtration l',low,0.14,navigational-brand/retail,1,2,
water treatment home depot,water-treatment-purification,Google autocomplete: surfaced by 1 seed query (best position 2); e.g. 'water treatment h',low,0.14,navigational-brand/retail,1,2,
water filter system lowes,water-treatment-purification,Google autocomplete: surfaced by 1 seed query (best position 2); e.g. 'water filter installation l',low,0.14,navigational-brand/retail,1,2,
iron filter lowes,iron-sulfur-removal,Google autocomplete: surfaced by 1 seed query (best position 2); e.g. 'iron filter l',low,0.14,navigational-brand/retail,1,2,
water softener costco price,water-softener-installation,Google autocomplete: surfaced by 1 seed query (best position 9); e.g. 'water softener cost',low,0.12,commercial,1,9,
best water softener to install yourself,water-softener-installation,Google autocomplete: surfaced by 1 seed query (best position 7); e.g. 'best water softener installation',low,0.12,diy/parts,1,7,
reverse osmosis installation video,reverse-osmosis,Google autocomplete: surfaced by 1 seed query (best position 7); e.g. 'reverse osmosis installation',low,0.12,diy/parts,1,7,
whole house water filter amazon,whole-house-water-filtration,Google autocomplete: surfaced by 1 seed query (best position 3); e.g. 'whole house water filter a',low,0.12,navigational-brand/retail,1,3,
whole house water filter outdoor cover,whole-house-water-filtration,Google autocomplete: surfaced by 1 seed query (best position 7); e.g. 'whole house water filter o',low,0.12,diy/parts,1,7,
whole house water filter sizes,whole-house-water-filtration,Google autocomplete: surfaced by 1 seed query (best position 7); e.g. 'whole house water filter s',low,0.12,diy/parts,1,7,
water softener yellow bag,water-softener-systems,Google autocomplete: surfaced by 1 seed query (best position 7); e.g. 'water softener y',low,0.12,diy/parts,1,7,
well water filter head,well-water-treatment,Google autocomplete: surfaced by 1 seed query (best position 7); e.g. 'well water filtration h',low,0.12,diy/parts,1,7,
rheem water softener installation kit,water-softener-installation,Google autocomplete: surfaced by 1 seed query (best position 7); e.g. 'water softener installation k',low,0.12,diy/parts,1,7,
springwell water softener installation video,water-softener-installation,Google autocomplete: surfaced by 1 seed query (best position 7); e.g. 'water softener installation v',low,0.12,diy/parts,1,7,
iron filter for well water lowe's,iron-sulfur-removal,Google autocomplete: surfaced by 1 seed query (best position 3); e.g. 'iron filter for well water',low,0.12,navigational-brand/retail,1,3,
nitrate water filter cartridge,contaminant-specific-filtration,Google autocomplete: surfaced by 1 seed query (best position 7); e.g. 'nitrate water filter',low,0.12,diy/parts,1,7,
water softener costco salt,water-softener-systems,Google autocomplete: surfaced by 2 seed queries (best position 5); e.g. 'water conditioning cost',low,0.1,navigational-brand/retail,2,5,
soft water costco,water-softener-systems,Google autocomplete: surfaced by 1 seed query (best position 4); e.g. 'hard water cost',low,0.1,navigational-brand/retail,1,4,
under sink water filter menards,under-sink-drinking-water-filters,Google autocomplete: surfaced by 1 seed query (best position 4); e.g. 'under sink water filter near me',low,0.1,navigational-brand/retail,1,4,
what's the best under sink water filter,under-sink-drinking-water-filters,Google autocomplete: surfaced by 1 seed query (best position 10); e.g. 'under sink water filter near me',low,0.1,informational,1,10,
under sink water purifier costco,under-sink-drinking-water-filters,Google autocomplete: surfaced by 1 seed query (best position 4); e.g. 'under sink water filter cost',low,0.1,navigational-brand/retail,1,4,
water purifiers costco,water-treatment-purification,Google autocomplete: surfaced by 1 seed query (best position 4); e.g. 'water purification cost',low,0.1,navigational-brand/retail,1,4,
whole house water filter aquasana,whole-house-water-filtration,Google autocomplete: surfaced by 1 seed query (best position 9); e.g. 'whole house water filter a',low,0.1,navigational-brand/retail,1,9,
water softener pros and cons,water-softener-systems,Google autocomplete: surfaced by 1 seed query (best position 10); e.g. 'water softener p',low,0.1,informational,1,10,
water softener walmart,water-softener-systems,Google autocomplete: surfaced by 1 seed query (best position 4); e.g. 'water softener w',low,0.1,navigational-brand/retail,1,4,
water softener water is brown,water-softener-systems,Google autocomplete: surfaced by 1 seed query (best position 10); e.g. 'water softener w',low,0.1,informational,1,10,
water softener you can drink,water-softener-systems,Google autocomplete: surfaced by 1 seed query (best position 10); e.g. 'water softener y',low,0.1,informational,1,10,
reverse osmosis culligan,reverse-osmosis,Google autocomplete: surfaced by 1 seed query (best position 9); e.g. 'reverse osmosis c',low,0.1,navigational-brand/retail,1,9,
reverse osmosis explained simply,reverse-osmosis,Google autocomplete: surfaced by 1 seed query (best position 10); e.g. 'reverse osmosis e',low,0.1,informational,1,10,
well water filter menards,well-water-treatment,Google autocomplete: surfaced by 1 seed query (best position 4); e.g. 'well water filtration m',low,0.1,navigational-brand/retail,1,4,
water filter system culligan,water-treatment-purification,Google autocomplete: surfaced by 1 seed query (best position 9); e.g. 'water filter installation c',low,0.1,navigational-brand/retail,1,9,
water filtration system rainsoft,water-treatment-purification,Google autocomplete: surfaced by 1 seed query (best position 9); e.g. 'water filter installation r',low,0.1,navigational-brand/retail,1,9,
what is an iron filter,iron-sulfur-removal,Google autocomplete: surfaced by 1 seed query (best position 10); e.g. 'iron filter j',low,0.1,informational,1,10,
iron filter menards,iron-sulfur-removal,Google autocomplete: surfaced by 1 seed query (best position 4); e.g. 'iron filter m',low,0.1,navigational-brand/retail,1,4,
can i get my well water tested for free,well-water-treatment,Google autocomplete: surfaced by 1 seed query (best position 10); e.g. 'well water testing ohio',low,0.1,informational,1,10,
whole house water filter replacement parts,whole-house-water-filtration,Google autocomplete: surfaced by 1 seed query (best position 8); e.g. 'whole house water filter repair',low,0.09,diy/parts,1,8,
best water softener self install,water-softener-installation,Google autocomplete: surfaced by 1 seed query (best position 8); e.g. 'best water softener installation',low,0.09,diy/parts,1,8,
salt free water softener menards,salt-free-water-conditioner,Google autocomplete: surfaced by 1 seed query (best position 5); e.g. 'salt free water softener near me',low,0.09,navigational-brand/retail,1,5,
whole house water filter cartridge sizes,whole-house-water-filtration,Google autocomplete: surfaced by 1 seed query (best position 8); e.g. 'whole house water filter c',low,0.09,diy/parts,1,8,
whole house water filter gasket replacement,whole-house-water-filtration,Google autocomplete: surfaced by 1 seed query (best position 8); e.g. 'whole house water filter g',low,0.09,diy/parts,1,8,
whole house water filter micron rating,whole-house-water-filtration,Google autocomplete: surfaced by 1 seed query (best position 8); e.g. 'whole house water filter m',low,0.09,diy/parts,1,8,
4.5 x10 whole house water filter,whole-house-water-filtration,Google autocomplete: surfaced by 1 seed query (best position 8); e.g. 'whole house water filter x',low,0.09,diy/parts,1,8,
reverse osmosis parts,reverse-osmosis,Google autocomplete: surfaced by 1 seed query (best position 8); e.g. 'reverse osmosis p',low,0.09,diy/parts,1,8,
reverse osmosis element xle 4040,reverse-osmosis,Google autocomplete: surfaced by 1 seed query (best position 8); e.g. 'reverse osmosis x',low,0.09,diy/parts,1,8,
well water filter holder,well-water-treatment,Google autocomplete: surfaced by 1 seed query (best position 8); e.g. 'well water filtration h',low,0.09,diy/parts,1,8,
water filtration system diy,water-treatment-purification,Google autocomplete: surfaced by 1 seed query (best position 8); e.g. 'water filter installation d',low,0.09,diy/parts,1,8,
harvey water softener installation kit,water-softener-installation,Google autocomplete: surfaced by 1 seed query (best position 8); e.g. 'water softener installation k',low,0.09,diy/parts,1,8,
pentair water softener installation video,water-softener-installation,Google autocomplete: surfaced by 1 seed query (best position 8); e.g. 'water softener installation v',low,0.09,diy/parts,1,8,
iron removal tool,iron-sulfur-removal,Google autocomplete: surfaced by 1 seed query (best position 8); e.g. 'iron filter t',low,0.09,diy/parts,1,8,
does cleveland have hard water,hard-water-treatment,"[Ohio, outside service area] Google autocomplete: surfaced by 1 seed query (best position 8); e.g. 'is columbus water hard'",low,0.09,informational,1,8,
kinetico water systems columbus northwest,competitor-brands-local,Google autocomplete: surfaced by 1 seed query (best position 10); e.g. 'kinetico columbus',low,0.08,navigational-brand/retail,1,10,
water testing costco,water-testing,Google autocomplete: surfaced by 1 seed query (best position 6); e.g. 'water testing cost',low,0.07,navigational-brand/retail,1,6,
whole house water filter ebay,whole-house-water-filtration,Google autocomplete: surfaced by 1 seed query (best position 6); e.g. 'whole house water filter e',low,0.07,navigational-brand/retail,1,6,
water softener system costco,water-softener-systems,Google autocomplete: surfaced by 1 seed query (best position 6); e.g. 'water softener s',low,0.07,navigational-brand/retail,1,6,
well water filter amazon,well-water-treatment,Google autocomplete: surfaced by 1 seed query (best position 6); e.g. 'well water filtration a',low,0.07,navigational-brand/retail,1,6,
well water filtration system lowes,well-water-treatment,Google autocomplete: surfaced by 1 seed query (best position 6); e.g. 'well water filtration l',low,0.07,navigational-brand/retail,1,6,
iron filter for well water home depot,iron-sulfur-removal,Google autocomplete: surfaced by 1 seed query (best position 6); e.g. 'iron filter for well water',low,0.07,navigational-brand/retail,1,6,
best whole house water filter cartridge,whole-house-water-filtration,Google autocomplete: surfaced by 1 seed query (best position 9); e.g. 'best whole house water filter',low,0.06,diy/parts,1,9,
whole house water filter at home depot,whole-house-water-filtration,Google autocomplete: surfaced by 1 seed query (best position 7); e.g. 'whole house water filter a',low,0.06,navigational-brand/retail,1,7,
water softener amazon,water-softener-systems,Google autocomplete: surfaced by 1 seed query (best position 7); e.g. 'water softener a',low,0.06,navigational-brand/retail,1,7,
water softener cover,water-softener-systems,Google autocomplete: surfaced by 1 seed query (best position 9); e.g. 'water softener c',low,0.06,diy/parts,1,9,
water softener gasket,water-softener-systems,Google autocomplete: surfaced by 1 seed query (best position 9); e.g. 'water softener g',low,0.06,diy/parts,1,9,
water softener head unit,water-softener-systems,Google autocomplete: surfaced by 1 seed query (best position 9); e.g. 'water softener h',low,0.06,diy/parts,1,9,
reverse osmosis air gap bypass kit,reverse-osmosis,Google autocomplete: surfaced by 1 seed query (best position 9); e.g. 'reverse osmosis a',low,0.06,diy/parts,1,9,
well water filtration system kit,well-water-treatment,Google autocomplete: surfaced by 1 seed query (best position 9); e.g. 'well water filtration k',low,0.06,diy/parts,1,9,
well water filter removal tool,well-water-treatment,Google autocomplete: surfaced by 1 seed query (best position 9); e.g. 'well water filtration r',low,0.06,diy/parts,1,9,
water filtration system home depot,water-treatment-purification,Google autocomplete: surfaced by 1 seed query (best position 7); e.g. 'water filter installation h',low,0.06,navigational-brand/retail,1,7,
ispring water filter installation video,water-filter-installation,Google autocomplete: surfaced by 1 seed query (best position 9); e.g. 'water filter installation v',low,0.06,diy/parts,1,9,
whirlpool water softener installation kit,water-softener-installation,Google autocomplete: surfaced by 1 seed query (best position 9); e.g. 'water softener installation k',low,0.06,diy/parts,1,9,
iron removal kit,iron-sulfur-removal,Google autocomplete: surfaced by 1 seed query (best position 9); e.g. 'iron filter k',low,0.06,diy/parts,1,9,
iron filter manual,iron-sulfur-removal,Google autocomplete: surfaced by 1 seed query (best position 9); e.g. 'iron filter m',low,0.06,diy/parts,1,9,
iron filter paper,iron-sulfur-removal,Google autocomplete: surfaced by 1 seed query (best position 9); e.g. 'iron filter p',low,0.06,diy/parts,1,9,
iron filter for well water menards,iron-sulfur-removal,Google autocomplete: surfaced by 1 seed query (best position 7); e.g. 'iron filter for well water',low,0.06,navigational-brand/retail,1,7,
crystal quest smart whole house water filter,whole-house-water-filtration,Google autocomplete: surfaced by 1 seed query (best position 10); e.g. 'whole house water filter q',low,0.05,navigational-brand/retail,1,10,
water softener ecowater,water-softener-systems,Google autocomplete: surfaced by 1 seed query (best position 10); e.g. 'water softener e',low,0.05,navigational-brand/retail,1,10,
kinetico water softener s250 xp,water-softener-systems,Google autocomplete: surfaced by 1 seed query (best position 10); e.g. 'water softener x',low,0.05,navigational-brand/retail,1,10,
culligan reverse osmosis yellow light,reverse-osmosis,Google autocomplete: surfaced by 1 seed query (best position 10); e.g. 'reverse osmosis y',low,0.05,navigational-brand/retail,1,10,
whole house water filtration costco,whole-house-water-filtration,Google autocomplete: surfaced by 1 seed query (best position 8); e.g. 'whole house water filter cost',low,0.04,navigational-brand/retail,1,8,
well water filtration system costco,well-water-treatment,Google autocomplete: surfaced by 1 seed query (best position 8); e.g. 'well water filtration cost',low,0.04,navigational-brand/retail,1,8,
under sink water filter home depot,under-sink-drinking-water-filters,Google autocomplete: surfaced by 1 seed query (best position 8); e.g. 'under sink water filter',low,0.04,navigational-brand/retail,1,8,
under sink water filter system costco,under-sink-drinking-water-filters,Google autocomplete: surfaced by 1 seed query (best position 8); e.g. 'under sink water filter cost',low,0.04,navigational-brand/retail,1,8,
whole house water filter system home depot,whole-house-water-filtration,Google autocomplete: surfaced by 1 seed query (best position 8); e.g. 'whole house water filter s',low,0.04,navigational-brand/retail,1,8,
water softener at home depot,water-softener-systems,Google autocomplete: surfaced by 1 seed query (best position 8); e.g. 'water softener a',low,0.04,navigational-brand/retail,1,8,
water softener pellets costco,water-softener-systems,Google autocomplete: surfaced by 1 seed query (best position 8); e.g. 'water softener p',low,0.04,navigational-brand/retail,1,8,
well water sediment filter lowes,well-water-treatment,Google autocomplete: surfaced by 1 seed query (best position 8); e.g. 'well water filtration l',low,0.04,navigational-brand/retail,1,8,
well water filter replacement home depot,well-water-treatment,Google autocomplete: surfaced by 1 seed query (best position 8); e.g. 'well water filtration r',low,0.04,navigational-brand/retail,1,8,
arsenic water filter home depot,contaminant-specific-filtration,Google autocomplete: surfaced by 1 seed query (best position 8); e.g. 'arsenic water filter',low,0.04,navigational-brand/retail,1,8,
under sink water filter replacement home depot,under-sink-drinking-water-filters,Google autocomplete: surfaced by 1 seed query (best position 9); e.g. 'under sink water filter repair',low,0.03,navigational-brand/retail,1,9,
whole house water filter diy install,whole-house-water-filtration,Google autocomplete: surfaced by 1 seed query (best position 10); e.g. 'whole house water filter d',low,0.03,diy/parts,1,10,
whole house water filter micron size,whole-house-water-filtration,Google autocomplete: surfaced by 1 seed query (best position 10); e.g. 'whole house water filter m',low,0.03,diy/parts,1,10,
whole house water filter o-ring lubricant,whole-house-water-filtration,Google autocomplete: surfaced by 1 seed query (best position 10); e.g. 'whole house water filter o',low,0.03,diy/parts,1,10,
whole house water filter wrench metal,whole-house-water-filtration,Google autocomplete: surfaced by 1 seed query (best position 10); e.g. 'whole house water filter w',low,0.03,diy/parts,1,10,
do it yourself whole house water filter,whole-house-water-filtration,Google autocomplete: surfaced by 1 seed query (best position 10); e.g. 'whole house water filter y',low,0.03,diy/parts,1,10,
water softener calculator,water-softener-systems,Google autocomplete: surfaced by 1 seed query (best position 10); e.g. 'water softener c',low,0.03,diy/parts,1,10,
reverse osmosis booster pump kit,reverse-osmosis,Google autocomplete: surfaced by 1 seed query (best position 10); e.g. 'reverse osmosis b',low,0.03,diy/parts,1,10,
reverse osmosis design calculation xls,reverse-osmosis,Google autocomplete: surfaced by 1 seed query (best position 10); e.g. 'reverse osmosis x',low,0.03,diy/parts,1,10,
well water filter replacement lowes,well-water-treatment,Google autocomplete: surfaced by 1 seed query (best position 9); e.g. 'well water filtration l',low,0.03,navigational-brand/retail,1,9,
well water filtration set up,well-water-treatment,Google autocomplete: surfaced by 1 seed query (best position 10); e.g. 'well water filtration u',low,0.03,diy/parts,1,10,
water testing home kit,water-testing,Google autocomplete: surfaced by 1 seed query (best position 10); e.g. 'water testing h',low,0.03,diy/parts,1,10,
water testing kit home depot,water-testing,Google autocomplete: surfaced by 1 seed query (best position 8); e.g. 'water testing k',low,0.03,diy/parts,1,8,
water filter setup at home,water-treatment-purification,Google autocomplete: surfaced by 1 seed query (best position 10); e.g. 'water filter installation a',low,0.03,diy/parts,1,10,
whole house water filter replacement lowes,whole-house-water-filtration,Google autocomplete: surfaced by 1 seed query (best position 10); e.g. 'whole house water filter repair',low,0.01,navigational-brand/retail,1,10,
water filtration at costco,water-treatment-purification,Google autocomplete: surfaced by 1 seed query (best position 10); e.g. 'water filtration a',low,0.01,navigational-brand/retail,1,10,
whole house water filter at menards,whole-house-water-filtration,Google autocomplete: surfaced by 1 seed query (best position 10); e.g. 'whole house water filter a',low,0.01,navigational-brand/retail,1,10,
reverse osmosis menards,reverse-osmosis,Google autocomplete: surfaced by 1 seed query (best position 10); e.g. 'reverse osmosis m',low,0.01,navigational-brand/retail,1,10,
well water filtration system amazon,well-water-treatment,Google autocomplete: surfaced by 1 seed query (best position 10); e.g. 'well water filtration a',low,0.01,navigational-brand/retail,1,10,
iron filter at menards,iron-sulfur-removal,Google autocomplete: surfaced by 1 seed query (best position 10); e.g. 'iron filter a',low,0.01,navigational-brand/retail,1,10,
iron filter for well water amazon,iron-sulfur-removal,Google autocomplete: surfaced by 1 seed query (best position 10); e.g. 'iron filter for well water',low,0.01,navigational-brand/retail,1,10,
