name,type,parent_or_county,population,population_source,water_utility,water_source_note,hardness_value,hardness_source_url,utility_source_url,zips,zips_source,slug,lat,lon,miles_from_downtown,neighborhood_source
Columbus,city,Franklin County; Delaware County; Fairfield County,905748,2020 U.S. Census via Wikipedia infobox: https://en.wikipedia.org/wiki/Columbus%2C_Ohio,City of Columbus water (Columbus Water & Power),"Columbus Water & Power (Div. of Water). 3 plants: Dublin Road WP (Scioto R. via Griggs & O'Shaughnessy reservoirs; serves NW & SW), Hap Cremean WP (Hoover Reservoir/Big Walnut Creek; serves OSU & north), Parsons Ave WP (wells; serves SE). Utility softens to ~120 ppm (~7 gpg).",5.7-7.3 gpg (98-125 mg/L) 2025 annual avg by plant; system avg 115 mg/L,https://www.columbus.gov/files/sharedassets/city/v/8/services/public-utilities/water-reports/consumer-confidence-water-quality-report/consumer-confidence-report.pdf,https://www.columbus.gov/files/sharedassets/city/v/8/services/public-utilities/water-reports/consumer-confidence-water-quality-report/consumer-confidence-report.pdf,43085 43201 43202 43203 43204 43205 43206 43207 43209 43210 43211 43212 43213 43214 43215 43216 43217 43218 43219 43220 43221 43222 43223 43224 43226 43227 43228 43229 43230 43231 43232 43234 43235 43236 43240 43251 43260 43266 43268 43270 43271 43272 43279 43287 43291,GeoNames postal codes with USPS place name 'Columbus' (Franklin/Delaware/Fairfield/Licking/etc. subset),columbus-oh,39.96222222,-83.00055556,0.1,
Newark,city,Licking County,49934,2020 U.S. Census via Wikipedia infobox: https://en.wikipedia.org/wiki/Newark%2C_Ohio,City of Newark Division of Water & Wastewater (own plant),Source: North Fork of the Licking River (surface water); lime softening (2025 CCR),~7 gpg (119 mg/L),http://www.newarkohio.gov/wp-content/uploads/2025-CCR.pdf,http://www.newarkohio.gov/wp-content/uploads/2025-CCR.pdf,43055 43056 43058 43093,Wikipedia infobox,newark-oh,40.07916667,-82.39722222,32.9,
Dublin,city,Franklin County; Delaware County; Union County; Madison County,49328,2020 U.S. Census via Wikipedia infobox: https://en.wikipedia.org/wiki/Dublin%2C_Ohio,City of Columbus water (Columbus Water & Power) - listed contract community,"Columbus Water & Power (Div. of Water). 3 plants: Dublin Road WP (Scioto R. via Griggs & O'Shaughnessy reservoirs; serves NW & SW), Hap Cremean WP (Hoover Reservoir/Big Walnut Creek; serves OSU & north), Parsons Ave WP (wells; serves SE). Utility softens to ~120 ppm (~7 gpg).",5.7-7.3 gpg (98-125 mg/L) 2025 annual avg by plant; system avg 115 mg/L,https://www.columbus.gov/files/sharedassets/city/v/8/services/public-utilities/water-reports/consumer-confidence-water-quality-report/consumer-confidence-report.pdf,https://www.columbus.gov/Services/Columbus-Water-Power/About-Columbus-Water-Power/The-Division-of-Water-Reclamation/Wastewater-Treatment/Water-Sewer-Contract-Communities,43016 43017,Wikipedia infobox,dublin-oh,40.10916667,-83.14027778,12.7,
Delaware,city,Delaware County,41302,2020 U.S. Census via Wikipedia infobox: https://en.wikipedia.org/wiki/Delaware%2C_Ohio,City of Delaware Public Utilities (own plant),"Primary source Olentangy River, can blend with groundwater from wells >200 ft deep (city site)",,https://www.delawareohio.net/government/departments/public-utilities/our-utilities,https://www.delawareohio.net/government/departments/public-utilities/our-utilities,43015,Wikipedia infobox,delaware-oh,40.285,-83.07416667,22.7,
Grove City,city,Franklin County,41252,2020 U.S. Census via Wikipedia infobox: https://en.wikipedia.org/wiki/Grove_City%2C_Ohio,City of Columbus water (Columbus Water & Power) - listed contract community,"Columbus Water & Power (Div. of Water). 3 plants: Dublin Road WP (Scioto R. via Griggs & O'Shaughnessy reservoirs; serves NW & SW), Hap Cremean WP (Hoover Reservoir/Big Walnut Creek; serves OSU & north), Parsons Ave WP (wells; serves SE). Utility softens to ~120 ppm (~7 gpg).",5.7-7.3 gpg (98-125 mg/L) 2025 annual avg by plant; system avg 115 mg/L,https://www.columbus.gov/files/sharedassets/city/v/8/services/public-utilities/water-reports/consumer-confidence-water-quality-report/consumer-confidence-report.pdf,https://www.columbus.gov/Services/Columbus-Water-Power/About-Columbus-Water-Power/The-Division-of-Water-Reclamation/Wastewater-Treatment/Water-Sewer-Contract-Communities,43123,Wikipedia infobox,grove-city-oh,39.87777778,-83.07222222,7.0,
Reynoldsburg,city,Franklin County; Licking County; Fairfield County,41076,2020 U.S. Census via Wikipedia infobox: https://en.wikipedia.org/wiki/Reynoldsburg%2C_Ohio,City of Columbus water (Columbus Water & Power) - listed contract community,"Columbus Water & Power (Div. of Water). 3 plants: Dublin Road WP (Scioto R. via Griggs & O'Shaughnessy reservoirs; serves NW & SW), Hap Cremean WP (Hoover Reservoir/Big Walnut Creek; serves OSU & north), Parsons Ave WP (wells; serves SE). Utility softens to ~120 ppm (~7 gpg).",5.7-7.3 gpg (98-125 mg/L) 2025 annual avg by plant; system avg 115 mg/L,https://www.columbus.gov/files/sharedassets/city/v/8/services/public-utilities/water-reports/consumer-confidence-water-quality-report/consumer-confidence-report.pdf,https://www.columbus.gov/Services/Columbus-Water-Power/About-Columbus-Water-Power/The-Division-of-Water-Reclamation/Wastewater-Treatment/Water-Sewer-Contract-Communities,43068 43069,Wikipedia infobox,reynoldsburg-oh,39.96,-82.78472222,11.3,
Lancaster,city,Fairfield County,40552,2020 U.S. Census via Wikipedia infobox: https://en.wikipedia.org/wiki/Lancaster%2C_Ohio,City of Lancaster (own North/Miller Park & South plants),"Source: Hocking River Valley Aquifer, 12 wells (Miller Park) + 4 wells (South) (2025 CCR). CCR text reviewed did not state hardness.",,https://www.lancasterohio.gov/Archive/ViewFile/Item/6353,https://www.lancasterohio.gov/Archive/ViewFile/Item/6353,43130,Wikipedia infobox,lancaster-oh,39.74305556,-82.60694444,25.7,
Westerville,city,Franklin County; Delaware County,39190,2020 U.S. Census via Wikipedia infobox: https://en.wikipedia.org/wiki/Westerville%2C_Ohio,City of Westerville Water Division (own 7.5 MGD plant); Columbus serves 'various parts' of Westerville per Columbus contract list,Plant softens with lime & caustic soda; city states water softened to ~125 mg/L (~7 gpg),~7 gpg (~125 mg/L),https://www.westerville.org/services/water,https://www.westerville.org/services/water,43081 43082 43086,Wikipedia infobox,westerville-oh,40.13055556,-82.92277778,12.4,
Hilliard,city,Franklin County,37114,2020 U.S. Census via Wikipedia infobox: https://en.wikipedia.org/wiki/Hilliard%2C_Ohio,City of Columbus water (Columbus Water & Power) - listed contract community,"Columbus Water & Power (Div. of Water). 3 plants: Dublin Road WP (Scioto R. via Griggs & O'Shaughnessy reservoirs; serves NW & SW), Hap Cremean WP (Hoover Reservoir/Big Walnut Creek; serves OSU & north), Parsons Ave WP (wells; serves SE). Utility softens to ~120 ppm (~7 gpg).",5.7-7.3 gpg (98-125 mg/L) 2025 annual avg by plant; system avg 115 mg/L,https://www.columbus.gov/files/sharedassets/city/v/8/services/public-utilities/water-reports/consumer-confidence-water-quality-report/consumer-confidence-report.pdf,https://www.columbus.gov/Services/Columbus-Water-Power/About-Columbus-Water-Power/The-Division-of-Water-Reclamation/Wastewater-Treatment/Water-Sewer-Contract-Communities,43026,Wikipedia infobox,hilliard-oh,40.03666667,-83.14444444,9.3,
Upper Arlington,city,Franklin County,36800,2020 U.S. Census via Wikipedia infobox: https://en.wikipedia.org/wiki/Upper_Arlington%2C_Ohio,City of Columbus water (Columbus Water & Power) - listed contract community,"Columbus Water & Power (Div. of Water). 3 plants: Dublin Road WP (Scioto R. via Griggs & O'Shaughnessy reservoirs; serves NW & SW), Hap Cremean WP (Hoover Reservoir/Big Walnut Creek; serves OSU & north), Parsons Ave WP (wells; serves SE). Utility softens to ~120 ppm (~7 gpg).",5.7-7.3 gpg (98-125 mg/L) 2025 annual avg by plant; system avg 115 mg/L,https://www.columbus.gov/files/sharedassets/city/v/8/services/public-utilities/water-reports/consumer-confidence-water-quality-report/consumer-confidence-report.pdf,https://www.columbus.gov/Services/Columbus-Water-Power/About-Columbus-Water-Power/The-Division-of-Water-Reclamation/Wastewater-Treatment/Water-Sewer-Contract-Communities,43212 43220 43221,Wikipedia infobox,upper-arlington-oh,40.02055556,-83.06638889,5.4,
Gahanna,city,Franklin County,35726,2020 U.S. Census via Wikipedia infobox: https://en.wikipedia.org/wiki/Gahanna%2C_Ohio,City of Columbus water (Columbus Water & Power) - listed contract community,"Columbus Water & Power (Div. of Water). 3 plants: Dublin Road WP (Scioto R. via Griggs & O'Shaughnessy reservoirs; serves NW & SW), Hap Cremean WP (Hoover Reservoir/Big Walnut Creek; serves OSU & north), Parsons Ave WP (wells; serves SE). Utility softens to ~120 ppm (~7 gpg).",5.7-7.3 gpg (98-125 mg/L) 2025 annual avg by plant; system avg 115 mg/L,https://www.columbus.gov/files/sharedassets/city/v/8/services/public-utilities/water-reports/consumer-confidence-water-quality-report/consumer-confidence-report.pdf,https://www.columbus.gov/Services/Columbus-Water-Power/About-Columbus-Water-Power/The-Division-of-Water-Reclamation/Wastewater-Treatment/Water-Sewer-Contract-Communities,43230,Wikipedia infobox,gahanna-oh,40.01055556,-82.85888889,8.2,
Marysville,city,Union County,25571,2020 U.S. Census via Wikipedia infobox: https://en.wikipedia.org/wiki/Marysville%2C_Ohio,City of Marysville Division of Water (own plant),Source: Mill Creek (surface) + groundwater wells; emergency interconnect with Del-Co (2025 CCR). CCR does not list hardness.,,https://marysvilleohio.org/Archive.aspx?ADID=6729,https://marysvilleohio.org/Archive.aspx?ADID=6729,43040 43041,Wikipedia infobox,marysville-oh,40.24222222,-83.37361111,27.7,
Pickerington,city,Franklin County; Fairfield County,23094,2020 U.S. Census via Wikipedia infobox: https://en.wikipedia.org/wiki/Pickerington%2C_Ohio,City of Pickerington (own plant); explicitly NOT served by Columbus,Five wells west of Diley Rd (aquifer named in CCR); emergency interconnects with Fairfield County Utilities (2025 CCR). Hardness not listed.,,https://www.ci.pickerington.oh.us/cdn/CCR-Report-2025-1.pdf,https://www.columbus.gov/Services/Columbus-Water-Power/About-Columbus-Water-Power/The-Division-of-Water-Reclamation/Wastewater-Treatment/Water-Sewer-Contract-Communities,43147,Wikipedia infobox,pickerington-oh,39.88055556,-82.76388889,13.6,
Whitehall,city,Franklin County,20127,2020 U.S. Census via Wikipedia infobox: https://en.wikipedia.org/wiki/Whitehall%2C_Ohio,City of Columbus water (Columbus Water & Power) - listed contract community,"Columbus Water & Power (Div. of Water). 3 plants: Dublin Road WP (Scioto R. via Griggs & O'Shaughnessy reservoirs; serves NW & SW), Hap Cremean WP (Hoover Reservoir/Big Walnut Creek; serves OSU & north), Parsons Ave WP (wells; serves SE). Utility softens to ~120 ppm (~7 gpg).",5.7-7.3 gpg (98-125 mg/L) 2025 annual avg by plant; system avg 115 mg/L,https://www.columbus.gov/files/sharedassets/city/v/8/services/public-utilities/water-reports/consumer-confidence-water-quality-report/consumer-confidence-report.pdf,https://www.columbus.gov/Services/Columbus-Water-Power/About-Columbus-Water-Power/The-Division-of-Water-Reclamation/Wastewater-Treatment/Water-Sewer-Contract-Communities,43213,Wikipedia infobox,whitehall-oh,39.96722222,-82.87694444,6.5,
Pataskala,city,Licking County,17886,2020 U.S. Census via Wikipedia infobox: https://en.wikipedia.org/wiki/Pataskala%2C_Ohio,,,,,,43062,Wikipedia infobox,pataskala-oh,39.99777778,-82.71555556,15.2,
Worthington,city,Franklin County,14786,2020 U.S. Census via Wikipedia infobox: https://en.wikipedia.org/wiki/Worthington%2C_Ohio,City of Columbus water (Columbus Water & Power) - listed contract community,"Columbus Water & Power (Div. of Water). 3 plants: Dublin Road WP (Scioto R. via Griggs & O'Shaughnessy reservoirs; serves NW & SW), Hap Cremean WP (Hoover Reservoir/Big Walnut Creek; serves OSU & north), Parsons Ave WP (wells; serves SE). Utility softens to ~120 ppm (~7 gpg).",5.7-7.3 gpg (98-125 mg/L) 2025 annual avg by plant; system avg 115 mg/L,https://www.columbus.gov/files/sharedassets/city/v/8/services/public-utilities/water-reports/consumer-confidence-water-quality-report/consumer-confidence-report.pdf,https://www.columbus.gov/Services/Columbus-Water-Power/About-Columbus-Water-Power/The-Division-of-Water-Reclamation/Wastewater-Treatment/Water-Sewer-Contract-Communities,43085,Wikipedia infobox,worthington-oh,40.09805556,-83.01805556,9.5,
Powell,city,Delaware County,14163,2020 U.S. Census via Wikipedia infobox: https://en.wikipedia.org/wiki/Powell%2C_Ohio,"Del-Co Water Company, Inc. (per City of Powell utilities page)","Del-Co sources: Olentangy River, O'Shaughnessy Reservoir (Scioto), Alum Creek Reservoir + Knox County well field (2025 Del-Co CCR)",7-8 gpg (120-140 mg/L) per Del-Co,https://delcowater.org/water-hardness/,https://www.cityofpowell.us/Residents/Public-Service-Requests/Utilities,43065,Wikipedia infobox,powell-oh,40.16916667,-83.08277778,15.0,
Bexley,city,Franklin County,13928,2020 U.S. Census via Wikipedia infobox: https://en.wikipedia.org/wiki/Bexley%2C_Ohio,City of Columbus water (Columbus Water & Power) - listed contract community,"Columbus Water & Power (Div. of Water). 3 plants: Dublin Road WP (Scioto R. via Griggs & O'Shaughnessy reservoirs; serves NW & SW), Hap Cremean WP (Hoover Reservoir/Big Walnut Creek; serves OSU & north), Parsons Ave WP (wells; serves SE). Utility softens to ~120 ppm (~7 gpg).",5.7-7.3 gpg (98-125 mg/L) 2025 annual avg by plant; system avg 115 mg/L,https://www.columbus.gov/files/sharedassets/city/v/8/services/public-utilities/water-reports/consumer-confidence-water-quality-report/consumer-confidence-report.pdf,https://www.columbus.gov/Services/Columbus-Water-Power/About-Columbus-Water-Power/The-Division-of-Water-Reclamation/Wastewater-Treatment/Water-Sewer-Contract-Communities,43209,Wikipedia infobox,bexley-oh,39.9689,-82.9377,4.0,
Circleville,city,Pickaway County,13927,2020 U.S. Census via Wikipedia infobox: https://en.wikipedia.org/wiki/Circleville%2C_Ohio,City of Circleville Water Treatment Plant (own),4 wells (~130 ft) in the Teays aquifer; iron & manganese filters; city states water is hard (25 gpg). Ohio EPA grant for design of a 2.0 MGD reverse osmosis plant.,25 gpg (city WTP page),https://circlevilleoh.gov/public_utilities/wtp/,https://circlevilleoh.gov/public_utilities/wtp/,43113,Wikipedia infobox,circleville-oh,39.61388889,-82.93388889,24.2,
New Albany,city,Franklin County; Licking County,10825,2020 U.S. Census via Wikipedia infobox: https://en.wikipedia.org/wiki/New_Albany%2C_Ohio,City of Columbus water (Columbus Water & Power) - listed contract community,"Columbus Water & Power (Div. of Water). 3 plants: Dublin Road WP (Scioto R. via Griggs & O'Shaughnessy reservoirs; serves NW & SW), Hap Cremean WP (Hoover Reservoir/Big Walnut Creek; serves OSU & north), Parsons Ave WP (wells; serves SE). Utility softens to ~120 ppm (~7 gpg).",5.7-7.3 gpg (98-125 mg/L) 2025 annual avg by plant; system avg 115 mg/L,https://www.columbus.gov/files/sharedassets/city/v/8/services/public-utilities/water-reports/consumer-confidence-water-quality-report/consumer-confidence-report.pdf,https://www.columbus.gov/Services/Columbus-Water-Power/About-Columbus-Water-Power/The-Division-of-Water-Reclamation/Wastewater-Treatment/Water-Sewer-Contract-Communities,43054,Wikipedia infobox,new-albany-oh,40.08277778,-82.80888889,13.1,
Heath,city,Licking County,10412,2020 U.S. Census via Wikipedia infobox: https://en.wikipedia.org/wiki/Heath%2C_Ohio,"City of Heath Water Department (own plant, Dorsey Mill Rd)","Groundwater: four well fields (Hoback Park/Dorsey Mill Rd, Irving Wick Dr) in a buried-valley sand & gravel aquifer 150-200 ft deep paralleling the South Fork Licking River; aeration, lime/alum softening, recarbonation, sand filtration. CCR: 'softened to 145 mg/l making home water softeners unnecessary.'",145 mg/L (~8.5 gpg) after city softening (2025 CCR),https://www.heathohio.gov/s/2025CCR-z3kr.pdf,https://www.heathohio.gov/utilities,43056,Wikipedia infobox,heath-oh,40.02305556,-82.44166667,29.8,
London,city,Madison County,10279,2020 U.S. Census via Wikipedia infobox: https://en.wikipedia.org/wiki/London%2C_Ohio,Mid-Ohio Regional Water & Sewer District (London system),Groundwater from a sand & gravel aquifer; lime softening (2025 CCR),,https://midohiowsd.gov/DocumentCenter/View/300/London-City-CCR-2025pdf,https://midohiowsd.gov/DocumentCenter/View/300/London-City-CCR-2025pdf,43140,Wikipedia infobox,london-oh,39.8875,-83.44222222,24.0,
Canal Winchester,city,Franklin County; Fairfield County,9107,2020 U.S. Census via Wikipedia infobox: https://en.wikipedia.org/wiki/Canal_Winchester%2C_Ohio,City of Canal Winchester (own 2 MGD ion-exchange plant); explicitly NOT served by Columbus,City operates its own ion-exchange water treatment facility (city site),,http://www.canalwinchesterohio.gov/170/Water,https://www.columbus.gov/Services/Columbus-Water-Power/About-Columbus-Water-Power/The-Division-of-Water-Reclamation/Wastewater-Treatment/Water-Sewer-Contract-Communities,43110,Wikipedia infobox,canal-winchester-oh,39.84388889,-82.81194444,12.8,
Grandview Heights,city,Franklin County,8085,2020 U.S. Census via Wikipedia infobox: https://en.wikipedia.org/wiki/Grandview_Heights%2C_Ohio,City of Columbus water (Columbus Water & Power) - listed contract community,"Columbus Water & Power (Div. of Water). 3 plants: Dublin Road WP (Scioto R. via Griggs & O'Shaughnessy reservoirs; serves NW & SW), Hap Cremean WP (Hoover Reservoir/Big Walnut Creek; serves OSU & north), Parsons Ave WP (wells; serves SE). Utility softens to ~120 ppm (~7 gpg).",5.7-7.3 gpg (98-125 mg/L) 2025 annual avg by plant; system avg 115 mg/L,https://www.columbus.gov/files/sharedassets/city/v/8/services/public-utilities/water-reports/consumer-confidence-water-quality-report/consumer-confidence-report.pdf,https://www.columbus.gov/Services/Columbus-Water-Power/About-Columbus-Water-Power/The-Division-of-Water-Reclamation/Wastewater-Treatment/Water-Sewer-Contract-Communities,43212,Wikipedia infobox,grandview-heights-oh,39.97944444,-83.04055556,2.5,
Sunbury,city,Delaware County,6614,2020 U.S. Census via Wikipedia infobox: https://en.wikipedia.org/wiki/Sunbury%2C_Ohio,"Del-Co Water Company, Inc. (per City of Sunbury Utilities page; city bills sewer only)","Del-Co sources: Olentangy River, O'Shaughnessy Reservoir (Scioto), Alum Creek Reservoir + Knox County well field (Del-Co 2025 CCR). Del-Co says hardness is approximately 7-8 gpg (120-140 mg/L).",~7-8 gpg (120-140 mg/L) Del-Co system figure,https://delcowater.org/water-hardness/,https://sunburyohio.org/192/Utilities,43074,Wikipedia infobox,sunbury-oh,40.24833333,-82.88055556,20.8,
Groveport,city,Franklin County,6009,2020 U.S. Census via Wikipedia infobox: https://en.wikipedia.org/wiki/Groveport%2C_Ohio,City of Columbus water (Columbus Water & Power) - listed contract community,"Columbus Water & Power (Div. of Water). 3 plants: Dublin Road WP (Scioto R. via Griggs & O'Shaughnessy reservoirs; serves NW & SW), Hap Cremean WP (Hoover Reservoir/Big Walnut Creek; serves OSU & north), Parsons Ave WP (wells; serves SE). Utility softens to ~120 ppm (~7 gpg).",5.7-7.3 gpg (98-125 mg/L) 2025 annual avg by plant; system avg 115 mg/L,https://www.columbus.gov/files/sharedassets/city/v/8/services/public-utilities/water-reports/consumer-confidence-water-quality-report/consumer-confidence-report.pdf,https://www.columbus.gov/Services/Columbus-Water-Power/About-Columbus-Water-Power/The-Division-of-Water-Reclamation/Wastewater-Treatment/Water-Sewer-Contract-Communities,43125 43195 43196 43198 43199,Wikipedia infobox,groveport-oh,39.86666667,-82.89166667,8.7,
Obetz,city,Franklin County,5489,2020 U.S. Census via Wikipedia infobox: https://en.wikipedia.org/wiki/Obetz%2C_Ohio,City of Columbus water (Columbus Water & Power) - listed contract community,"Columbus Water & Power (Div. of Water). 3 plants: Dublin Road WP (Scioto R. via Griggs & O'Shaughnessy reservoirs; serves NW & SW), Hap Cremean WP (Hoover Reservoir/Big Walnut Creek; serves OSU & north), Parsons Ave WP (wells; serves SE). Utility softens to ~120 ppm (~7 gpg).",5.7-7.3 gpg (98-125 mg/L) 2025 annual avg by plant; system avg 115 mg/L,https://www.columbus.gov/files/sharedassets/city/v/8/services/public-utilities/water-reports/consumer-confidence-water-quality-report/consumer-confidence-report.pdf,https://www.columbus.gov/Services/Columbus-Water-Power/About-Columbus-Water-Power/The-Division-of-Water-Reclamation/Wastewater-Treatment/Water-Sewer-Contract-Communities,43207,Wikipedia infobox,obetz-oh,39.87666667,-82.94444444,6.5,
Johnstown,city,Licking County,5182,2020 U.S. Census via Wikipedia infobox: https://en.wikipedia.org/wiki/Johnstown%2C_Ohio,"City of Johnstown Service Dept. (own water treatment plant, 395 W. Jersey St.)","Groundwater: three wells at Belt Park on Jersey Street next to the plant; aquifer >130 ft deep under ~130 ft of clay, low susceptibility (Ohio EPA source water assessment). No hardness figure in 2025 CCR.",,,https://static.showit.com/file/DRFJUoIH2zbpLrxaJjPG4g/273542/johnstown_2025_ccr_updated.pdf,43031,Wikipedia infobox,johnstown-oh,40.15,-82.68805556,21.0,
Granville,village,Licking County,5946,2020 U.S. Census via Wikipedia infobox: https://en.wikipedia.org/wiki/Granville%2C_Ohio,Village of Granville Utilities (own water treatment plant),Groundwater: three wells in a village-owned well field near Raccoon Creek next to the treatment plant; Ohio EPA rates the aquifer highly susceptible to contamination (Ohio EPA Superfund site nearby monitored 28+ yrs). No hardness figure in 2025 CCR.,,,https://www.granville.oh.us/s/CCR-2025.pdf,43023,Wikipedia infobox,granville-oh,40.06388889,-82.51222222,26.7,
Ashville,village,Pickaway County,4529,2020 U.S. Census via Wikipedia infobox: https://en.wikipedia.org/wiki/Ashville%2C_Ohio,,,,,,43103,Wikipedia infobox,ashville-oh,39.71833333,-82.94833333,17.0,
West Jefferson,village,Madison County,4137,2020 U.S. Census via Wikipedia infobox: https://en.wikipedia.org/wiki/West_Jefferson%2C_Ohio,,,,,,43119 43140 43162,Wikipedia infobox,west-jefferson-oh,39.94666667,-83.30638889,16.3,
Plain City,village,Union County; Madison County,4065,2020 U.S. Census via Wikipedia infobox: https://en.wikipedia.org/wiki/Plain_City%2C_Ohio,Mid-Ohio Regional Water & Sewer District (Plain City system),"Two groundwater wells >400 ft deep (Newburg Zone); air oxidation, filtration, ion-exchange softening (2025 CCR)",,https://midohiowsd.gov/DocumentCenter/View/301/Plain-City-CCR-2025pdf,https://midohiowsd.gov/DocumentCenter/View/301/Plain-City-CCR-2025pdf,43064,Wikipedia infobox,plain-city-oh,40.10777778,-83.26388889,17.3,
Commercial Point,village,Pickaway County,3078,2020 U.S. Census via Wikipedia infobox: https://en.wikipedia.org/wiki/Commercial_Point%2C_Ohio,,,,,,43116,Wikipedia infobox,commercial-point-oh,39.78666667,-83.02555556,12.1,
Baltimore,village,Fairfield County,2981,2020 U.S. Census via Wikipedia infobox: https://en.wikipedia.org/wiki/Baltimore%2C_Ohio,,,,,,43105,Wikipedia infobox,baltimore-oh,39.84083333,-82.61305556,22.1,
Buckeye Lake,village,Licking County; Fairfield County,2520,2020 U.S. Census via Wikipedia infobox: https://en.wikipedia.org/wiki/Buckeye_Lake%2C_Ohio,,,,,,43008,Wikipedia infobox,buckeye-lake-oh,39.93111111,-82.49222222,26.9,
Hebron,village,Licking County,2326,2020 U.S. Census via Wikipedia infobox: https://en.wikipedia.org/wiki/Hebron%2C_Ohio,,,,,,43025 43098,Wikipedia infobox,hebron-oh,39.96333333,-82.49583333,26.6,
South Bloomfield,village,Pickaway County,2143,2020 U.S. Census via Wikipedia infobox: https://en.wikipedia.org/wiki/South_Bloomfield%2C_Ohio,,,,,,43103,Wikipedia infobox,south-bloomfield-oh,39.71583333,-83,17.0,
Lithopolis,village,Franklin County; Fairfield County,2134,2020 U.S. Census via Wikipedia infobox: https://en.wikipedia.org/wiki/Lithopolis%2C_Ohio,,,,,,43136,Wikipedia infobox,lithopolis-oh,39.81111111,-82.81527778,14.2,
Minerva Park,village,Franklin County,2009,2020 U.S. Census via Wikipedia infobox: https://en.wikipedia.org/wiki/Minerva_Park%2C_Ohio,City of Columbus water (Columbus Water & Power) - listed contract community,"Columbus Water & Power (Div. of Water). 3 plants: Dublin Road WP (Scioto R. via Griggs & O'Shaughnessy reservoirs; serves NW & SW), Hap Cremean WP (Hoover Reservoir/Big Walnut Creek; serves OSU & north), Parsons Ave WP (wells; serves SE). Utility softens to ~120 ppm (~7 gpg).",5.7-7.3 gpg (98-125 mg/L) 2025 annual avg by plant; system avg 115 mg/L,https://www.columbus.gov/files/sharedassets/city/v/8/services/public-utilities/water-reports/consumer-confidence-water-quality-report/consumer-confidence-report.pdf,https://www.columbus.gov/Services/Columbus-Water-Power/About-Columbus-Water-Power/The-Division-of-Water-Reclamation/Wastewater-Treatment/Water-Sewer-Contract-Communities,43231,approx: nearest GeoNames ZIP centroid,minerva-park-oh,40.07694444,-82.94055556,8.6,
Mount Sterling,village,Madison County,1945,2020 U.S. Census via Wikipedia infobox: https://en.wikipedia.org/wiki/Mount_Sterling%2C_Ohio,,,,,,43143,Wikipedia infobox,mount-sterling-oh,39.71333333,-83.27361111,22.5,
Ashley,village,Delaware County,1198,2020 U.S. Census via Wikipedia infobox: https://en.wikipedia.org/wiki/Ashley%2C_Ohio,,,,,,43003,Wikipedia infobox,ashley-oh,40.40972222,-82.95166667,31.1,
Ostrander,village,Delaware County,1094,2020 U.S. Census via Wikipedia infobox: https://en.wikipedia.org/wiki/Ostrander%2C_Ohio,,,,,,43061,Wikipedia infobox,ostrander-oh,40.26916667,-83.2075,24.0,
Urbancrest,village,Franklin County,1031,2020 U.S. Census via Wikipedia infobox: https://en.wikipedia.org/wiki/Urbancrest%2C_Ohio,City of Columbus water (Columbus Water & Power) - listed contract community,"Columbus Water & Power (Div. of Water). 3 plants: Dublin Road WP (Scioto R. via Griggs & O'Shaughnessy reservoirs; serves NW & SW), Hap Cremean WP (Hoover Reservoir/Big Walnut Creek; serves OSU & north), Parsons Ave WP (wells; serves SE). Utility softens to ~120 ppm (~7 gpg).",5.7-7.3 gpg (98-125 mg/L) 2025 annual avg by plant; system avg 115 mg/L,https://www.columbus.gov/files/sharedassets/city/v/8/services/public-utilities/water-reports/consumer-confidence-water-quality-report/consumer-confidence-report.pdf,https://www.columbus.gov/Services/Columbus-Water-Power/About-Columbus-Water-Power/The-Division-of-Water-Reclamation/Wastewater-Treatment/Water-Sewer-Contract-Communities,43123,Wikipedia infobox,urbancrest-oh,39.90166667,-83.08611111,6.2,
Millersport,village,Fairfield County,978,2020 U.S. Census via Wikipedia infobox: https://en.wikipedia.org/wiki/Millersport%2C_Ohio,,,,,,43046,Wikipedia infobox,millersport-oh,39.89805556,-82.53861111,24.8,
Williamsport,village,Pickaway County,970,2020 U.S. Census via Wikipedia infobox: https://en.wikipedia.org/wiki/Williamsport%2C_Ohio,,,,,,43164,Wikipedia infobox,williamsport-oh,39.58194444,-83.12444444,27.0,
Pleasantville,village,Fairfield County,934,2020 U.S. Census via Wikipedia infobox: https://en.wikipedia.org/wiki/Pleasantville%2C_Ohio,,,,,,43148,Wikipedia infobox,pleasantville-oh,39.80972222,-82.5225,27.3,
Galena,village,Delaware County,924,2020 U.S. Census via Wikipedia infobox: https://en.wikipedia.org/wiki/Galena%2C_Ohio,,,,,,43021,Wikipedia infobox,galena-oh,40.22055556,-82.87611111,19.1,
Shawnee Hills,village,Delaware County,835,2020 U.S. Census via Wikipedia infobox: https://en.wikipedia.org/wiki/Shawnee_Hills%2C_Delaware_County%2C_Ohio,City of Columbus water (Columbus Water & Power) - listed contract community,"Columbus Water & Power (Div. of Water). 3 plants: Dublin Road WP (Scioto R. via Griggs & O'Shaughnessy reservoirs; serves NW & SW), Hap Cremean WP (Hoover Reservoir/Big Walnut Creek; serves OSU & north), Parsons Ave WP (wells; serves SE). Utility softens to ~120 ppm (~7 gpg).",5.7-7.3 gpg (98-125 mg/L) 2025 annual avg by plant; system avg 115 mg/L,https://www.columbus.gov/files/sharedassets/city/v/8/services/public-utilities/water-reports/consumer-confidence-water-quality-report/consumer-confidence-report.pdf,https://www.columbus.gov/Services/Columbus-Water-Power/About-Columbus-Water-Power/The-Division-of-Water-Reclamation/Wastewater-Treatment/Water-Sewer-Contract-Communities,43065,Wikipedia infobox,shawnee-hills-oh,40.16,-83.13555556,15.5,
Milford Center,village,Union County,807,2020 U.S. Census via Wikipedia infobox: https://en.wikipedia.org/wiki/Milford_Center%2C_Ohio,,,,,,43045,Wikipedia infobox,milford-center-oh,40.17861111,-83.43583333,27.6,
New Holland,village,Pickaway County,804,2020 U.S. Census via Wikipedia infobox: https://en.wikipedia.org/wiki/New_Holland%2C_Ohio,,,,,,43145,Wikipedia infobox,new-holland-oh,39.55361111,-83.25555556,31.3,
Amanda,village,Fairfield County,673,2020 U.S. Census via Wikipedia infobox: https://en.wikipedia.org/wiki/Amanda%2C_Ohio,,,,,,43102,Wikipedia infobox,amanda-oh,39.65055556,-82.74611111,25.3,
Valleyview,village,Franklin County,669,2020 U.S. Census via Wikipedia infobox: https://en.wikipedia.org/wiki/Valleyview%2C_Ohio,City of Columbus water (Columbus Water & Power) - listed contract community,"Columbus Water & Power (Div. of Water). 3 plants: Dublin Road WP (Scioto R. via Griggs & O'Shaughnessy reservoirs; serves NW & SW), Hap Cremean WP (Hoover Reservoir/Big Walnut Creek; serves OSU & north), Parsons Ave WP (wells; serves SE). Utility softens to ~120 ppm (~7 gpg).",5.7-7.3 gpg (98-125 mg/L) 2025 annual avg by plant; system avg 115 mg/L,https://www.columbus.gov/files/sharedassets/city/v/8/services/public-utilities/water-reports/consumer-confidence-water-quality-report/consumer-confidence-report.pdf,https://www.columbus.gov/Services/Columbus-Water-Power/About-Columbus-Water-Power/The-Division-of-Water-Reclamation/Wastewater-Treatment/Water-Sewer-Contract-Communities,43204,Wikipedia infobox,valleyview-oh,39.96444444,-83.07305556,3.9,
Marble Cliff,village,Franklin County,634,2020 U.S. Census via Wikipedia infobox: https://en.wikipedia.org/wiki/Marble_Cliff%2C_Ohio,City of Columbus water (Columbus Water & Power) - listed contract community,"Columbus Water & Power (Div. of Water). 3 plants: Dublin Road WP (Scioto R. via Griggs & O'Shaughnessy reservoirs; serves NW & SW), Hap Cremean WP (Hoover Reservoir/Big Walnut Creek; serves OSU & north), Parsons Ave WP (wells; serves SE). Utility softens to ~120 ppm (~7 gpg).",5.7-7.3 gpg (98-125 mg/L) 2025 annual avg by plant; system avg 115 mg/L,https://www.columbus.gov/files/sharedassets/city/v/8/services/public-utilities/water-reports/consumer-confidence-water-quality-report/consumer-confidence-report.pdf,https://www.columbus.gov/Services/Columbus-Water-Power/About-Columbus-Water-Power/The-Division-of-Water-Reclamation/Wastewater-Treatment/Water-Sewer-Contract-Communities,43212,Wikipedia infobox,marble-cliff-oh,39.98555556,-83.06138889,3.7,
Thurston,village,Fairfield County,603,2020 U.S. Census via Wikipedia infobox: https://en.wikipedia.org/wiki/Thurston%2C_Ohio,,,,,,43157,Wikipedia infobox,thurston-oh,39.84111111,-82.54833333,25.3,
Riverlea,village,Franklin County,599,2020 U.S. Census via Wikipedia infobox: https://en.wikipedia.org/wiki/Riverlea%2C_Ohio,City of Columbus water (Columbus Water & Power) - listed contract community,"Columbus Water & Power (Div. of Water). 3 plants: Dublin Road WP (Scioto R. via Griggs & O'Shaughnessy reservoirs; serves NW & SW), Hap Cremean WP (Hoover Reservoir/Big Walnut Creek; serves OSU & north), Parsons Ave WP (wells; serves SE). Utility softens to ~120 ppm (~7 gpg).",5.7-7.3 gpg (98-125 mg/L) 2025 annual avg by plant; system avg 115 mg/L,https://www.columbus.gov/files/sharedassets/city/v/8/services/public-utilities/water-reports/consumer-confidence-water-quality-report/consumer-confidence-report.pdf,https://www.columbus.gov/Services/Columbus-Water-Power/About-Columbus-Water-Power/The-Division-of-Water-Reclamation/Wastewater-Treatment/Water-Sewer-Contract-Communities,43085,Wikipedia infobox,riverlea-oh,40.08027778,-83.025,8.3,
Stoutsville,village,Fairfield County,579,2020 U.S. Census via Wikipedia infobox: https://en.wikipedia.org/wiki/Stoutsville%2C_Ohio,,,,,,43154,Wikipedia infobox,stoutsville-oh,39.605,-82.82333333,26.3,
Carroll,village,Fairfield County,501,2020 U.S. Census via Wikipedia infobox: https://en.wikipedia.org/wiki/Carroll%2C_Ohio,,,,,,43112,Wikipedia infobox,carroll-oh,39.8025,-82.70611111,19.0,
Alexandria,village,Licking County,483,2020 U.S. Census via Wikipedia infobox: https://en.wikipedia.org/wiki/Alexandria%2C_Ohio,,,,,,43001,Wikipedia infobox,alexandria-oh,40.09,-82.61194444,22.3,
Kirkersville,village,Licking County,471,2020 U.S. Census via Wikipedia infobox: https://en.wikipedia.org/wiki/Kirkersville%2C_Ohio,,,,,,43033,Wikipedia infobox,kirkersville-oh,39.95,-82.59861111,21.2,
Hartford,village,Licking County,404,2020 U.S. Census via Wikipedia infobox: https://en.wikipedia.org/wiki/Hartford%2C_Ohio,,,,,,43013,Wikipedia infobox,hartford-oh,40.23944444,-82.68833333,25.3,
Harrisburg,village,Franklin County; Pickaway County,315,2020 U.S. Census via Wikipedia infobox: https://en.wikipedia.org/wiki/Harrisburg%2C_Ohio,,,,,,43126,Wikipedia infobox,harrisburg-oh,39.81083333,-83.16833333,13.7,
Magnetic Springs,village,Union County,267,2020 U.S. Census via Wikipedia infobox: https://en.wikipedia.org/wiki/Magnetic_Springs%2C_Ohio,,,,,,43036,Wikipedia infobox,magnetic-springs-oh,40.35361111,-83.2625,30.5,
Midway,village,Madison County,266,2020 U.S. Census via Wikipedia infobox: https://en.wikipedia.org/wiki/Midway%2C_Ohio,,,,,,43151,Wikipedia infobox,midway-oh,39.73305556,-83.47666667,29.9,
Tarlton,village,Fairfield County; Pickaway County,254,2020 U.S. Census via Wikipedia infobox: https://en.wikipedia.org/wiki/Tarlton%2C_Ohio,,,,,,43156,Wikipedia infobox,tarlton-oh,39.55416667,-82.77805556,30.5,
Orient,village,Pickaway County,246,2020 U.S. Census via Wikipedia infobox: https://en.wikipedia.org/wiki/Orient%2C_Ohio,,,,,,43146,Wikipedia infobox,orient-oh,39.80555556,-83.15277778,13.5,
Unionville Center,village,Union County,241,2020 U.S. Census via Wikipedia infobox: https://en.wikipedia.org/wiki/Unionville_Center%2C_Ohio,,,,,,43077,Wikipedia infobox,unionville-center-oh,40.13666667,-83.34166667,21.8,
Lockbourne,village,Franklin County; Pickaway County,236,2020 U.S. Census via Wikipedia infobox: https://en.wikipedia.org/wiki/Lockbourne%2C_Ohio,City of Columbus water (Columbus Water & Power) - listed contract community,"Columbus Water & Power (Div. of Water). 3 plants: Dublin Road WP (Scioto R. via Griggs & O'Shaughnessy reservoirs; serves NW & SW), Hap Cremean WP (Hoover Reservoir/Big Walnut Creek; serves OSU & north), Parsons Ave WP (wells; serves SE). Utility softens to ~120 ppm (~7 gpg).",5.7-7.3 gpg (98-125 mg/L) 2025 annual avg by plant; system avg 115 mg/L,https://www.columbus.gov/files/sharedassets/city/v/8/services/public-utilities/water-reports/consumer-confidence-water-quality-report/consumer-confidence-report.pdf,https://www.columbus.gov/Services/Columbus-Water-Power/About-Columbus-Water-Power/The-Division-of-Water-Reclamation/Wastewater-Treatment/Water-Sewer-Contract-Communities,43137,Wikipedia infobox,lockbourne-oh,39.80777778,-82.98361111,10.6,
Darbyville,village,Pickaway County,186,2020 U.S. Census via Wikipedia infobox: https://en.wikipedia.org/wiki/Darbyville%2C_Ohio,,,,,,43164,approx: nearest GeoNames ZIP centroid,darbyville-oh,39.69583333,-83.11388889,19.3,
West Rushville,village,Fairfield County,166,2020 U.S. Census via Wikipedia infobox: https://en.wikipedia.org/wiki/West_Rushville%2C_Ohio,,,,,,43150,Wikipedia infobox,west-rushville-oh,39.76388889,-82.44833333,32.2,
Brice,village,Franklin County,93,2020 U.S. Census via Wikipedia infobox: https://en.wikipedia.org/wiki/Brice%2C_Ohio,City of Columbus water (Columbus Water & Power) - listed contract community,"Columbus Water & Power (Div. of Water). 3 plants: Dublin Road WP (Scioto R. via Griggs & O'Shaughnessy reservoirs; serves NW & SW), Hap Cremean WP (Hoover Reservoir/Big Walnut Creek; serves OSU & north), Parsons Ave WP (wells; serves SE). Utility softens to ~120 ppm (~7 gpg).",5.7-7.3 gpg (98-125 mg/L) 2025 annual avg by plant; system avg 115 mg/L,https://www.columbus.gov/files/sharedassets/city/v/8/services/public-utilities/water-reports/consumer-confidence-water-quality-report/consumer-confidence-report.pdf,https://www.columbus.gov/Services/Columbus-Water-Power/About-Columbus-Water-Power/The-Division-of-Water-Reclamation/Wastewater-Treatment/Water-Sewer-Contract-Communities,43109,Wikipedia infobox,brice-oh,39.9175,-82.83194444,9.3,
Lincoln Village,cdp,Franklin County,9702,2020 U.S. Census via Wikipedia infobox: https://en.wikipedia.org/wiki/Lincoln_Village%2C_Ohio,,,,,,43228,approx: nearest GeoNames ZIP centroid,lincoln-village-oh,39.95305556,-83.12777778,6.9,
Blacklick Estates,cdp,Franklin County,8990,2020 U.S. Census via Wikipedia infobox: https://en.wikipedia.org/wiki/Blacklick_Estates%2C_Ohio,,,,,,43232,approx: nearest GeoNames ZIP centroid,blacklick-estates-oh,39.90472222,-82.87222222,7.8,
Huber Ridge,cdp,Franklin County,4940,2020 U.S. Census via Wikipedia infobox: https://en.wikipedia.org/wiki/Huber_Ridge%2C_Ohio,,,,,,43231,approx: nearest GeoNames ZIP centroid,huber-ridge-oh,40.09111111,-82.91722222,10.0,
Lake Darby,cdp,Franklin County,4731,2020 U.S. Census via Wikipedia infobox: https://en.wikipedia.org/wiki/Lake_Darby%2C_Ohio,,,,,,43162,approx: nearest GeoNames ZIP centroid,lake-darby-oh,39.96527778,-83.24027778,12.8,
Beechwood Trails,cdp,Licking County,3276,2020 U.S. Census via Wikipedia infobox: https://en.wikipedia.org/wiki/Beechwood_Trails%2C_Ohio,,,,,,43062,Wikipedia infobox,beechwood-trails-oh,40.02611111,-82.63416667,19.8,
Choctaw Lake,cdp,Madison County,2047,2020 U.S. Census via Wikipedia infobox: https://en.wikipedia.org/wiki/Choctaw_Lake%2C_Ohio,,,,,,43140,Wikipedia infobox,choctaw-lake-oh,39.96083333,-83.4875,25.9,
Harbor Hills,cdp,Licking County,1565,2020 U.S. Census via Wikipedia infobox: https://en.wikipedia.org/wiki/Harbor_Hills%2C_Ohio,,,,,,43030,approx: nearest GeoNames ZIP centroid,harbor-hills-oh,39.9367314,-82.4351542,29.9,
Granville South,cdp,Licking County,1420,2020 U.S. Census via Wikipedia infobox: https://en.wikipedia.org/wiki/Granville_South%2C_Ohio,,,,,,43023,Wikipedia infobox,granville-south-oh,40.05222222,-82.54166667,25.0,
Fairfield Beach,cdp,Fairfield County,1267,2020 U.S. Census via Wikipedia infobox: https://en.wikipedia.org/wiki/Fairfield_Beach%2C_Ohio,,,,,,43008,approx: nearest GeoNames ZIP centroid,fairfield-beach-oh,39.91833333,-82.47916667,27.7,
Etna,cdp,Licking County,1209,2020 U.S. Census via Wikipedia infobox: https://en.wikipedia.org/wiki/Etna%2C_Licking_County%2C_Ohio,,,,,,43062,Wikipedia infobox,etna-oh,39.95444444,-82.68777778,16.5,
Logan Elm Village,cdp,Pickaway County,1045,2020 U.S. Census via Wikipedia infobox: https://en.wikipedia.org/wiki/Logan_Elm_Village%2C_Ohio,,,,,,43113,approx: nearest GeoNames ZIP centroid,logan-elm-village-oh,39.57027778,-82.94722222,27.1,
Darbydale,cdp,Franklin County,768,2020 U.S. Census via Wikipedia infobox: https://en.wikipedia.org/wiki/Darbydale%2C_Ohio,,,,,,43123,Wikipedia infobox,darbydale-oh,39.85444444,-83.17944444,12.1,
Jersey,cdp,Licking County,427,2020 U.S. Census via Wikipedia infobox: https://en.wikipedia.org/wiki/Jersey%2C_Ohio,,,,,,43073,approx: nearest GeoNames ZIP centroid,jersey-oh,40.05583333,-82.72277778,16.0,
Jacksontown,cdp,Licking County,402,2020 U.S. Census via Wikipedia infobox: https://en.wikipedia.org/wiki/Jacksontown%2C_Ohio,,,,,,43030,GeoNames postal place-name match,jacksontown-oh,39.96055556,-82.41305556,31.0,
Derby,cdp,Pickaway County,355,2020 U.S. Census via Wikipedia infobox: https://en.wikipedia.org/wiki/Derby%2C_Ohio,,,,,,43117,Wikipedia infobox,derby-oh,39.76388889,-83.20666667,17.5,
Plumwood,cdp,Madison County,257,2020 U.S. Census via Wikipedia infobox: https://en.wikipedia.org/wiki/Plumwood%2C_Ohio,,,,,,43140,Wikipedia infobox,plumwood-oh,40.00888889,-83.41472222,22.3,
Radnor,cdp,Delaware County,180,2020 U.S. Census via Wikipedia infobox: https://en.wikipedia.org/wiki/Radnor%2C_Ohio,,,,,,43066,Wikipedia infobox,radnor-oh,40.38527778,-83.14583333,30.3,
Kilbourne,cdp,Delaware County,127,2020 U.S. Census via Wikipedia infobox: https://en.wikipedia.org/wiki/Kilbourne%2C_Ohio,,,,,,43032,Wikipedia infobox,kilbourne-oh,40.33222222,-82.95916667,25.7,
Blacklick,unincorporated community,Franklin County (Jefferson Township),,"not a Census place (no official population); see https://en.wikipedia.org/wiki/Blacklick,_Ohio",,,,,,43004,Wikipedia infobox,blacklick-oh,39.99555556,-82.81138889,10.2,
Galloway,unincorporated community,Franklin County (Prairie Township),,"not a Census place (no official population); see https://en.wikipedia.org/wiki/Galloway,_Ohio",,,,,,43119,Wikipedia infobox,galloway-oh,39.91305556,-83.1625,9.3,
Lewis Center,unincorporated community,Delaware County (Orange Township),,"not a Census place (no official population); see https://en.wikipedia.org/wiki/Lewis_Center,_Ohio",,,,,,43035,Wikipedia infobox,lewis-center-oh,40.19833333,-83.01027778,16.4,
Jackson Township (Franklin County),township,Franklin County,46559,2020 U.S. Census via Wikipedia infobox: https://en.wikipedia.org/wiki/Jackson_Township%2C_Franklin_County%2C_Ohio,,,,,,43123,approx: nearest GeoNames ZIP centroid,jackson-township-franklin-county-oh,39.87861111,-83.07361111,6.9,
Violet Township (Fairfield County),township,Fairfield County,45785,2020 U.S. Census via Wikipedia infobox: https://en.wikipedia.org/wiki/Violet_Township%2C_Fairfield_County%2C_Ohio,,,,,,43147,approx: nearest GeoNames ZIP centroid,violet-township-fairfield-county-oh,39.88972222,-82.75416667,13.9,
Washington Township (Franklin County),township,Franklin County,43593,2020 U.S. Census via Wikipedia infobox: https://en.wikipedia.org/wiki/Washington_Township%2C_Franklin_County%2C_Ohio,,,,,,43002,approx: nearest GeoNames ZIP centroid,washington-township-franklin-county-oh,40.07138889,-83.16027778,11.4,
Mifflin Township (Franklin County),township,Franklin County,38368,2020 U.S. Census via Wikipedia infobox: https://en.wikipedia.org/wiki/Mifflin_Township%2C_Franklin_County%2C_Ohio,,,,,,43219,approx: nearest GeoNames ZIP centroid,mifflin-township-franklin-county-oh,40.02611111,-82.89277778,7.2,
Norwich Township (Franklin County),township,Franklin County,37900,2020 U.S. Census via Wikipedia infobox: https://en.wikipedia.org/wiki/Norwich_Township%2C_Franklin_County%2C_Ohio,,,,,,43026,approx: nearest GeoNames ZIP centroid,norwich-township-franklin-county-oh,40.03027778,-83.13694444,8.7,
Orange Township (Delaware County),township,Delaware County,37452,2020 U.S. Census via Wikipedia infobox: https://en.wikipedia.org/wiki/Orange_Township%2C_Delaware_County%2C_Ohio,,,,,,43035,approx: nearest GeoNames ZIP centroid,orange-township-delaware-county-oh,40.16805556,-82.99444444,14.3,
Liberty Township (Delaware County),township,Delaware County,33252,2020 U.S. Census via Wikipedia infobox: https://en.wikipedia.org/wiki/Liberty_Township%2C_Delaware_County%2C_Ohio,,,,,,43065,approx: nearest GeoNames ZIP centroid,liberty-township-delaware-county-oh,40.16861111,-83.07888889,14.9,
Truro Township (Franklin County),township,Franklin County,30401,2020 U.S. Census via Wikipedia infobox: https://en.wikipedia.org/wiki/Truro_Township%2C_Franklin_County%2C_Ohio,,,,,,43068,approx: nearest GeoNames ZIP centroid,truro-township-franklin-county-oh,39.95416667,-82.81277778,9.9,
Paris Township (Union County),township,Union County,27167,2020 U.S. Census via Wikipedia infobox: https://en.wikipedia.org/wiki/Paris_Township%2C_Union_County%2C_Ohio,,,,,,43041,approx: nearest GeoNames ZIP centroid,paris-township-union-county-oh,40.23972222,-83.37111111,27.5,
Madison Township (Franklin County),township,Franklin County,25945,2020 U.S. Census via Wikipedia infobox: https://en.wikipedia.org/wiki/Madison_Township%2C_Franklin_County%2C_Ohio,,,,,,43125,approx: nearest GeoNames ZIP centroid,madison-township-franklin-county-oh,39.86777778,-82.86805556,9.5,
Genoa Township (Delaware County),township,Delaware County,24806,2020 U.S. Census via Wikipedia infobox: https://en.wikipedia.org/wiki/Genoa_Township%2C_Delaware_County%2C_Ohio,,,,,,43082,approx: nearest GeoNames ZIP centroid,genoa-township-delaware-county-oh,40.16777778,-82.90722222,15.1,
Etna Township (Licking County),township,Licking County,18896,2020 U.S. Census via Wikipedia infobox: https://en.wikipedia.org/wiki/Etna_Township%2C_Ohio,,,,,,43018 43062,Wikipedia infobox,etna-township-licking-county-oh,39.95388889,-82.69361111,16.2,
Prairie Township (Franklin County),township,Franklin County,17415,2020 U.S. Census via Wikipedia infobox: https://en.wikipedia.org/wiki/Prairie_Township%2C_Franklin_County%2C_Ohio,,,,,,43228,approx: nearest GeoNames ZIP centroid,prairie-township-franklin-county-oh,39.95138889,-83.15416667,8.3,
Sharon Township (Franklin County),township,Franklin County,17168,2020 U.S. Census via Wikipedia infobox: https://en.wikipedia.org/wiki/Sharon_Township%2C_Franklin_County%2C_Ohio,,,,,,43085,approx: nearest GeoNames ZIP centroid,sharon-township-franklin-county-oh,40.09777778,-83.02083333,9.5,
Jefferson Township (Franklin County),township,Franklin County,14475,2020 U.S. Census via Wikipedia infobox: https://en.wikipedia.org/wiki/Jefferson_Township%2C_Franklin_County%2C_Ohio,Jefferson Township Water & Sewer District buys/receives Columbus service per contract list (coverage may be partial),,,https://www.columbus.gov/Services/Columbus-Water-Power/About-Columbus-Water-Power/The-Division-of-Water-Reclamation/Wastewater-Treatment/Water-Sewer-Contract-Communities,https://www.columbus.gov/Services/Columbus-Water-Power/About-Columbus-Water-Power/The-Division-of-Water-Reclamation/Wastewater-Treatment/Water-Sewer-Contract-Communities,43004,approx: nearest GeoNames ZIP centroid,jefferson-township-franklin-county-oh,40.00638889,-82.80888889,10.5,
Plain Township (Franklin County),township,Franklin County,12761,2020 U.S. Census via Wikipedia infobox: https://en.wikipedia.org/wiki/Plain_Township%2C_Franklin_County%2C_Ohio,,,,,,43054,approx: nearest GeoNames ZIP centroid,plain-township-franklin-county-oh,40.08416667,-82.82472222,12.5,
Scioto Township (Pickaway County),township,Pickaway County,11712,2020 U.S. Census via Wikipedia infobox: https://en.wikipedia.org/wiki/Scioto_Township%2C_Pickaway_County%2C_Ohio,,,,,,43116,approx: nearest GeoNames ZIP centroid,scioto-township-pickaway-county-oh,39.76638889,-83.06888889,14.0,
Franklin Township (Franklin County),township,Franklin County,11502,2020 U.S. Census via Wikipedia infobox: https://en.wikipedia.org/wiki/Franklin_Township%2C_Franklin_County%2C_Ohio,,,,,,43223,approx: nearest GeoNames ZIP centroid,franklin-township-franklin-county-oh,39.9325,-83.06472222,4.0,
Concord Township (Delaware County),township,Delaware County,11207,2020 U.S. Census via Wikipedia infobox: https://en.wikipedia.org/wiki/Concord_Township%2C_Delaware_County%2C_Ohio,,,,,,43065,approx: nearest GeoNames ZIP centroid,concord-township-delaware-county-oh,40.18527778,-83.1375,17.1,
Granville Township (Licking County),township,Licking County,10244,2020 U.S. Census via Wikipedia infobox: https://en.wikipedia.org/wiki/Granville_Township%2C_Licking_County%2C_Ohio,,,,,,43023,Wikipedia infobox,granville-township-licking-county-oh,40.07083333,-82.51555556,26.7,
Bloom Township (Fairfield County),township,Fairfield County,10159,2020 U.S. Census via Wikipedia infobox: https://en.wikipedia.org/wiki/Bloom_Township%2C_Fairfield_County%2C_Ohio,,,,,,43112,approx: nearest GeoNames ZIP centroid,bloom-township-fairfield-county-oh,39.785,-82.74944444,18.0,
Blendon Township (Franklin County),township,Franklin County,10152,2020 U.S. Census via Wikipedia infobox: https://en.wikipedia.org/wiki/Blendon_Township%2C_Ohio,"Aqua Ohio (per City of Columbus: Blendon is served by Aqua Ohio, not Columbus)",,,https://www.columbus.gov/Services/Columbus-Water-Power/About-Columbus-Water-Power/The-Division-of-Water-Reclamation/Wastewater-Treatment/Water-Sewer-Contract-Communities,https://www.columbus.gov/Services/Columbus-Water-Power/About-Columbus-Water-Power/The-Division-of-Water-Reclamation/Wastewater-Treatment/Water-Sewer-Contract-Communities,43231,approx: nearest GeoNames ZIP centroid,blendon-township-franklin-county-oh,40.08166667,-82.91694444,9.4,
Jerome Township (Union County),township,Union County,9504,2020 U.S. Census via Wikipedia infobox: https://en.wikipedia.org/wiki/Jerome_Township%2C_Union_County%2C_Ohio,,,,,,43064,approx: nearest GeoNames ZIP centroid,jerome-township-union-county-oh,40.1425,-83.23138889,17.6,
Berlin Township (Delaware County),township,Delaware County,9344,2020 U.S. Census via Wikipedia infobox: https://en.wikipedia.org/wiki/Berlin_Township%2C_Delaware_County%2C_Ohio,,,,,,43035,approx: nearest GeoNames ZIP centroid,berlin-township-delaware-county-oh,40.23527778,-82.98388889,19.0,
Union Township (Licking County),township,Licking County,9130,2020 U.S. Census via Wikipedia infobox: https://en.wikipedia.org/wiki/Union_Township%2C_Licking_County%2C_Ohio,,,,,,43025,approx: nearest GeoNames ZIP centroid,union-township-licking-county-oh,39.9625,-82.50361111,26.2,
Hamilton Township (Franklin County),township,Franklin County,8634,2020 U.S. Census via Wikipedia infobox: https://en.wikipedia.org/wiki/Hamilton_Township%2C_Franklin_County%2C_Ohio,,,,,,43217,approx: nearest GeoNames ZIP centroid,hamilton-township-franklin-county-oh,39.84944444,-82.96333333,7.9,
Harrison Township (Licking County),township,Licking County,8520,2020 U.S. Census via Wikipedia infobox: https://en.wikipedia.org/wiki/Harrison_Township%2C_Licking_County%2C_Ohio,,,,,,43033,approx: nearest GeoNames ZIP centroid,harrison-township-licking-county-oh,39.99222222,-82.62,20.2,
Harrison Township (Pickaway County),township,Pickaway County,8274,2020 U.S. Census via Wikipedia infobox: https://en.wikipedia.org/wiki/Harrison_Township%2C_Pickaway_County%2C_Ohio,,,,,,43103,approx: nearest GeoNames ZIP centroid,harrison-township-pickaway-county-oh,39.73027778,-82.97,16.0,
Liberty Township (Fairfield County),township,Fairfield County,8214,2020 U.S. Census via Wikipedia infobox: https://en.wikipedia.org/wiki/Liberty_Township%2C_Fairfield_County%2C_Ohio,,,,,,43105,approx: nearest GeoNames ZIP centroid,liberty-township-fairfield-county-oh,39.87361111,-82.63611111,20.2,
Monroe Township (Licking County),township,Licking County,7753,2020 U.S. Census via Wikipedia infobox: https://en.wikipedia.org/wiki/Monroe_Township%2C_Licking_County%2C_Ohio,,,,,,43031,approx: nearest GeoNames ZIP centroid,monroe-township-licking-county-oh,40.15583333,-82.68777778,21.2,
Jefferson Township (Madison County),township,Madison County,7212,2020 U.S. Census via Wikipedia infobox: https://en.wikipedia.org/wiki/Jefferson_Township%2C_Madison_County%2C_Ohio,,,,,,43162,approx: nearest GeoNames ZIP centroid,jefferson-township-madison-county-oh,39.94722222,-83.28083333,15.0,
Pleasant Township (Franklin County),township,Franklin County,6757,2020 U.S. Census via Wikipedia infobox: https://en.wikipedia.org/wiki/Pleasant_Township%2C_Franklin_County%2C_Ohio,,,,,,43126,approx: nearest GeoNames ZIP centroid,pleasant-township-franklin-county-oh,39.84611111,-83.18,12.5,
Walnut Township (Fairfield County),township,Fairfield County,6673,2020 U.S. Census via Wikipedia infobox: https://en.wikipedia.org/wiki/Walnut_Township%2C_Fairfield_County%2C_Ohio,,,,,,43046,approx: nearest GeoNames ZIP centroid,walnut-township-fairfield-county-oh,39.88638889,-82.52361111,25.7,
Pleasant Township (Fairfield County),township,Fairfield County,6181,2020 U.S. Census via Wikipedia infobox: https://en.wikipedia.org/wiki/Pleasant_Township%2C_Fairfield_County%2C_Ohio,,,,,,43130,approx: nearest GeoNames ZIP centroid,pleasant-township-fairfield-county-oh,39.76,-82.54305556,27.9,
Union Township (Madison County),township,Madison County,5867,2020 U.S. Census via Wikipedia infobox: https://en.wikipedia.org/wiki/Union_Township%2C_Madison_County%2C_Ohio,,,,,,43140,approx: nearest GeoNames ZIP centroid,union-township-madison-county-oh,39.87666667,-83.43833333,24.0,
Greenfield Township (Fairfield County),township,Fairfield County,5745,2020 U.S. Census via Wikipedia infobox: https://en.wikipedia.org/wiki/Greenfield_Township%2C_Fairfield_County%2C_Ohio,,,,,,43112,approx: nearest GeoNames ZIP centroid,greenfield-township-fairfield-county-oh,39.77944444,-82.67055556,21.5,
Berkshire Township (Delaware County),township,Delaware County,5477,2020 U.S. Census via Wikipedia infobox: https://en.wikipedia.org/wiki/Berkshire_Township%2C_Ohio,,,,,,43021,approx: nearest GeoNames ZIP centroid,berkshire-township-delaware-county-oh,40.23222222,-82.89055556,19.6,
Hocking Township (Fairfield County),township,Fairfield County,4850,2020 U.S. Census via Wikipedia infobox: https://en.wikipedia.org/wiki/Hocking_Township%2C_Fairfield_County%2C_Ohio,,,,,,43130,Wikipedia infobox,hocking-township-fairfield-county-oh,39.68222222,-82.67,26.0,
Harlem Township (Delaware County),township,Delaware County,4554,2020 U.S. Census via Wikipedia infobox: https://en.wikipedia.org/wiki/Harlem_Township%2C_Delaware_County%2C_Ohio,,,,,,43082,approx: nearest GeoNames ZIP centroid,harlem-township-delaware-county-oh,40.16194444,-82.80333333,17.3,
Clinton Township (Franklin County),township,Franklin County,4499,2020 U.S. Census via Wikipedia infobox: https://en.wikipedia.org/wiki/Clinton_Township%2C_Franklin_County%2C_Ohio,,,,,,43224,approx: nearest GeoNames ZIP centroid,clinton-township-franklin-county-oh,40.03388889,-82.97083333,5.2,
Darby Township (Madison County),township,Madison County,4261,2020 U.S. Census via Wikipedia infobox: https://en.wikipedia.org/wiki/Darby_Township%2C_Madison_County%2C_Ohio,,,,,,43064,approx: nearest GeoNames ZIP centroid,darby-township-madison-county-oh,40.10222222,-83.27305556,17.5,
Clearcreek Township (Fairfield County),township,Fairfield County,4084,2020 U.S. Census via Wikipedia infobox: https://en.wikipedia.org/wiki/Clearcreek_Township%2C_Fairfield_County%2C_Ohio,,,,,,43154,approx: nearest GeoNames ZIP centroid,clearcreek-township-fairfield-county-oh,39.61777778,-82.79361111,26.1,
Perry Township (Franklin County),township,Franklin County,3929,2020 U.S. Census via Wikipedia infobox: https://en.wikipedia.org/wiki/Perry_Township%2C_Franklin_County%2C_Ohio,City of Columbus water to at least part of township (Perry Township listed as Columbus contract community; coverage may be partial),"Columbus Water & Power (Div. of Water). 3 plants: Dublin Road WP (Scioto R. via Griggs & O'Shaughnessy reservoirs; serves NW & SW), Hap Cremean WP (Hoover Reservoir/Big Walnut Creek; serves OSU & north), Parsons Ave WP (wells; serves SE). Utility softens to ~120 ppm (~7 gpg).",5.7-7.3 gpg (98-125 mg/L) 2025 annual avg by plant; system avg 115 mg/L,https://www.columbus.gov/files/sharedassets/city/v/8/services/public-utilities/water-reports/consumer-confidence-water-quality-report/consumer-confidence-report.pdf,https://www.columbus.gov/Services/Columbus-Water-Power/About-Columbus-Water-Power/The-Division-of-Water-Reclamation/Wastewater-Treatment/Water-Sewer-Contract-Communities,43017,approx: nearest GeoNames ZIP centroid,perry-township-franklin-county-oh,40.09166667,-83.07055556,9.8,
Brown Township (Franklin County),township,Franklin County,3886,2020 U.S. Census via Wikipedia infobox: https://en.wikipedia.org/wiki/Brown_Township%2C_Franklin_County%2C_Ohio,,,,,,43026,approx: nearest GeoNames ZIP centroid,brown-township-franklin-county-oh,40.00305556,-83.22777778,12.5,
Scioto Township (Delaware County),township,Delaware County,3742,2020 U.S. Census via Wikipedia infobox: https://en.wikipedia.org/wiki/Scioto_Township%2C_Delaware_County%2C_Ohio,,,,,,43061,approx: nearest GeoNames ZIP centroid,scioto-township-delaware-county-oh,40.28527778,-83.20416667,24.9,
Pleasant Township (Madison County),township,Madison County,3272,2020 U.S. Census via Wikipedia infobox: https://en.wikipedia.org/wiki/Pleasant_Township%2C_Madison_County%2C_Ohio,,,,,,43143,approx: nearest GeoNames ZIP centroid,pleasant-township-madison-county-oh,39.7275,-83.27055556,21.6,
Darby Township (Pickaway County),township,Pickaway County,3213,2020 U.S. Census via Wikipedia infobox: https://en.wikipedia.org/wiki/Darby_Township%2C_Pickaway_County%2C_Ohio,,,,,,43117,approx: nearest GeoNames ZIP centroid,darby-township-pickaway-county-oh,39.76916667,-83.18916667,16.7,
Somerford Township (Madison County),township,Madison County,3053,2020 U.S. Census via Wikipedia infobox: https://en.wikipedia.org/wiki/Somerford_Township%2C_Madison_County%2C_Ohio,,,,,,43140,approx: nearest GeoNames ZIP centroid,somerford-township-madison-county-oh,39.96638889,-83.49277778,26.2,
Washington Township (Pickaway County),township,Pickaway County,2991,2020 U.S. Census via Wikipedia infobox: https://en.wikipedia.org/wiki/Washington_Township%2C_Pickaway_County%2C_Ohio,,,,,,43113,approx: nearest GeoNames ZIP centroid,washington-township-pickaway-county-oh,39.61361111,-82.895,24.6,
Walnut Township (Pickaway County),township,Pickaway County,2962,2020 U.S. Census via Wikipedia infobox: https://en.wikipedia.org/wiki/Walnut_Township%2C_Pickaway_County%2C_Ohio,,,,,,43103,approx: nearest GeoNames ZIP centroid,walnut-township-pickaway-county-oh,39.69055556,-82.89888889,19.4,
Liberty Township (Licking County),township,Licking County,2756,2020 U.S. Census via Wikipedia infobox: https://en.wikipedia.org/wiki/Liberty_Township%2C_Licking_County%2C_Ohio,,,,,,43001,approx: nearest GeoNames ZIP centroid,liberty-township-licking-county-oh,40.14638889,-82.63111111,23.3,
Amanda Township (Fairfield County),township,Fairfield County,2722,2020 U.S. Census via Wikipedia infobox: https://en.wikipedia.org/wiki/Amanda_Township%2C_Fairfield_County%2C_Ohio,,,,,,43102,Wikipedia infobox,amanda-township-fairfield-county-oh,39.66972222,-82.76833333,23.6,
Delaware Township (Delaware County),township,Delaware County,2713,2020 U.S. Census via Wikipedia infobox: https://en.wikipedia.org/wiki/Delaware_Township%2C_Delaware_County%2C_Ohio,,,,,,43015,Wikipedia infobox,delaware-township-delaware-county-oh,40.29694444,-83.07222222,23.5,
Canaan Township (Madison County),township,Madison County,2631,2020 U.S. Census via Wikipedia infobox: https://en.wikipedia.org/wiki/Canaan_Township%2C_Madison_County%2C_Ohio,,,,,,43064,approx: nearest GeoNames ZIP centroid,canaan-township-madison-county-oh,40.05333333,-83.27666667,16.0,
Jersey Township (Licking County),township,Licking County,2557,2020 U.S. Census via Wikipedia infobox: https://en.wikipedia.org/wiki/Jersey_Township%2C_Licking_County%2C_Ohio,,,,,,43031,approx: nearest GeoNames ZIP centroid,jersey-township-licking-county-oh,40.08555556,-82.71638889,17.2,
St. Albans Township (Licking County),township,Licking County,2542,2020 U.S. Census via Wikipedia infobox: https://en.wikipedia.org/wiki/St._Albans_Township%2C_Licking_County%2C_Ohio,,,,,,43001,approx: nearest GeoNames ZIP centroid,st-albans-township-licking-county-oh,40.09277778,-82.62388889,21.8,
Circleville Township (Pickaway County),township,Pickaway County,2531,2020 U.S. Census via Wikipedia infobox: https://en.wikipedia.org/wiki/Circleville_Township%2C_Ohio,,,,,,43113,Wikipedia infobox,circleville-township-pickaway-county-oh,39.60833333,-82.94888889,24.5,
Darby Township (Union County),township,Union County,2397,2020 U.S. Census via Wikipedia infobox: https://en.wikipedia.org/wiki/Darby_Township%2C_Union_County%2C_Ohio,,,,,,43077,approx: nearest GeoNames ZIP centroid,darby-township-union-county-oh,40.1425,-83.34527778,22.2,
Kingston Township (Delaware County),township,Delaware County,2359,2020 U.S. Census via Wikipedia infobox: https://en.wikipedia.org/wiki/Kingston_Township%2C_Delaware_County%2C_Ohio,,,,,,43074,approx: nearest GeoNames ZIP centroid,kingston-township-delaware-county-oh,40.32055556,-82.87777778,25.6,
Dover Township (Union County),township,Union County,2326,2020 U.S. Census via Wikipedia infobox: https://en.wikipedia.org/wiki/Dover_Township%2C_Union_County%2C_Ohio,,,,,,43040,approx: nearest GeoNames ZIP centroid,dover-township-union-county-oh,40.26166667,-83.28416667,25.7,
Trenton Township (Delaware County),township,Delaware County,2276,2020 U.S. Census via Wikipedia infobox: https://en.wikipedia.org/wiki/Trenton_Township%2C_Delaware_County%2C_Ohio,,,,,,43074,approx: nearest GeoNames ZIP centroid,trenton-township-delaware-county-oh,40.23583333,-82.80277778,21.6,
Porter Township (Delaware County),township,Delaware County,2194,2020 U.S. Census via Wikipedia infobox: https://en.wikipedia.org/wiki/Porter_Township%2C_Delaware_County%2C_Ohio,,,,,,43074,approx: nearest GeoNames ZIP centroid,porter-township-delaware-county-oh,40.3225,-82.80444444,27.0,
Troy Township (Delaware County),township,Delaware County,2105,2020 U.S. Census via Wikipedia infobox: https://en.wikipedia.org/wiki/Troy_Township%2C_Delaware_County%2C_Ohio,,,,,,43015,approx: nearest GeoNames ZIP centroid,troy-township-delaware-county-oh,40.35666667,-83.07083333,27.6,
Madison Township (Fairfield County),township,Fairfield County,1770,2020 U.S. Census via Wikipedia infobox: https://en.wikipedia.org/wiki/Madison_Township%2C_Fairfield_County%2C_Ohio,,,,,,43102,approx: nearest GeoNames ZIP centroid,madison-township-fairfield-county-oh,39.61666667,-82.6675,29.6,
Madison Township (Pickaway County),township,Pickaway County,1712,2020 U.S. Census via Wikipedia infobox: https://en.wikipedia.org/wiki/Madison_Township%2C_Pickaway_County%2C_Ohio,,,,,,43103,approx: nearest GeoNames ZIP centroid,madison-township-pickaway-county-oh,39.77611111,-82.89583333,13.9,
Union Township (Union County),township,Union County,1710,2020 U.S. Census via Wikipedia infobox: https://en.wikipedia.org/wiki/Union_Township%2C_Union_County%2C_Ohio,,,,,,43029,approx: nearest GeoNames ZIP centroid,union-township-union-county-oh,40.15361111,-83.45305556,27.5,
Bennington Township (Licking County),township,Licking County,1682,2020 U.S. Census via Wikipedia infobox: https://en.wikipedia.org/wiki/Bennington_Township%2C_Licking_County%2C_Ohio,,,,,,43027,approx: nearest GeoNames ZIP centroid,bennington-township-licking-county-oh,40.23861111,-82.60361111,28.3,
Deer Creek Township (Pickaway County),township,Pickaway County,1613,2020 U.S. Census via Wikipedia infobox: https://en.wikipedia.org/wiki/Deer_Creek_Township%2C_Pickaway_County%2C_Ohio,,,,,,43164,approx: nearest GeoNames ZIP centroid,deer-creek-township-pickaway-county-oh,39.56694444,-83.11666667,28.0,
McKean Township (Licking County),township,Licking County,1606,2020 U.S. Census via Wikipedia infobox: https://en.wikipedia.org/wiki/McKean_Township%2C_Licking_County%2C_Ohio,,,,,,43093,approx: nearest GeoNames ZIP centroid,mckean-township-licking-county-oh,40.14972222,-82.51972222,28.5,
Monroe Township (Madison County),township,Madison County,1581,2020 U.S. Census via Wikipedia infobox: https://en.wikipedia.org/wiki/Monroe_Township%2C_Madison_County%2C_Ohio,,,,,,43140,approx: nearest GeoNames ZIP centroid,monroe-township-madison-county-oh,40.01305556,-83.41527778,22.3,
Arena District,neighborhood,Columbus > Downtown (city planning area: Downtown); Franklin County,,,City of Columbus water (Columbus Water & Power),"Columbus Water & Power (Div. of Water). 3 plants: Dublin Road WP (Scioto R. via Griggs & O'Shaughnessy reservoirs; serves NW & SW), Hap Cremean WP (Hoover Reservoir/Big Walnut Creek; serves OSU & north), Parsons Ave WP (wells; serves SE). Utility softens to ~120 ppm (~7 gpg).",5.7-7.3 gpg (98-125 mg/L) 2025 annual avg by plant; system avg 115 mg/L,https://www.columbus.gov/files/sharedassets/city/v/8/services/public-utilities/water-reports/consumer-confidence-water-quality-report/consumer-confidence-report.pdf,https://www.columbus.gov/files/sharedassets/city/v/8/services/public-utilities/water-reports/consumer-confidence-water-quality-report/consumer-confidence-report.pdf,43215,Wikipedia infobox,arena-district,39.96927,-83.006039,0.7,https://en.wikipedia.org/wiki/Arena_District
Argyle Park,neighborhood,Columbus > North > Northeast (city planning area: North Central); Franklin County,,,City of Columbus water (Columbus Water & Power),"Columbus Water & Power (Div. of Water). 3 plants: Dublin Road WP (Scioto R. via Griggs & O'Shaughnessy reservoirs; serves NW & SW), Hap Cremean WP (Hoover Reservoir/Big Walnut Creek; serves OSU & north), Parsons Ave WP (wells; serves SE). Utility softens to ~120 ppm (~7 gpg).",5.7-7.3 gpg (98-125 mg/L) 2025 annual avg by plant; system avg 115 mg/L,https://www.columbus.gov/files/sharedassets/city/v/8/services/public-utilities/water-reports/consumer-confidence-water-quality-report/consumer-confidence-report.pdf,https://www.columbus.gov/files/sharedassets/city/v/8/services/public-utilities/water-reports/consumer-confidence-water-quality-report/consumer-confidence-report.pdf,43211,approx: nearest GeoNames ZIP centroid,argyle-park,40.00638889,-82.95805556,3.8,https://en.wikipedia.org/wiki/Argyle_Park_%28Columbus%2C_Ohio%29
Beechwold,neighborhood,Columbus > North > Near North > Clintonville; Franklin County,,,City of Columbus water (Columbus Water & Power),"Columbus Water & Power (Div. of Water). 3 plants: Dublin Road WP (Scioto R. via Griggs & O'Shaughnessy reservoirs; serves NW & SW), Hap Cremean WP (Hoover Reservoir/Big Walnut Creek; serves OSU & north), Parsons Ave WP (wells; serves SE). Utility softens to ~120 ppm (~7 gpg).",5.7-7.3 gpg (98-125 mg/L) 2025 annual avg by plant; system avg 115 mg/L,https://www.columbus.gov/files/sharedassets/city/v/8/services/public-utilities/water-reports/consumer-confidence-water-quality-report/consumer-confidence-report.pdf,https://www.columbus.gov/files/sharedassets/city/v/8/services/public-utilities/water-reports/consumer-confidence-water-quality-report/consumer-confidence-report.pdf,,,beechwold,,,,https://en.wikipedia.org/wiki/Beechwold_Historic_District
Berwick,neighborhood,Columbus > East > Near East (city planning area: Mid East); Franklin County,,,City of Columbus water (Columbus Water & Power),"Columbus Water & Power (Div. of Water). 3 plants: Dublin Road WP (Scioto R. via Griggs & O'Shaughnessy reservoirs; serves NW & SW), Hap Cremean WP (Hoover Reservoir/Big Walnut Creek; serves OSU & north), Parsons Ave WP (wells; serves SE). Utility softens to ~120 ppm (~7 gpg).",5.7-7.3 gpg (98-125 mg/L) 2025 annual avg by plant; system avg 115 mg/L,https://www.columbus.gov/files/sharedassets/city/v/8/services/public-utilities/water-reports/consumer-confidence-water-quality-report/consumer-confidence-report.pdf,https://www.columbus.gov/files/sharedassets/city/v/8/services/public-utilities/water-reports/consumer-confidence-water-quality-report/consumer-confidence-report.pdf,43209,Wikipedia infobox,berwick,39.939871,-82.926463,4.1,https://en.wikipedia.org/wiki/Berwick_%28Columbus%2C_Ohio%29
Brewery District,neighborhood,Columbus > South > Near South (city planning area: Downtown); Franklin County,,,City of Columbus water (Columbus Water & Power),"Columbus Water & Power (Div. of Water). 3 plants: Dublin Road WP (Scioto R. via Griggs & O'Shaughnessy reservoirs; serves NW & SW), Hap Cremean WP (Hoover Reservoir/Big Walnut Creek; serves OSU & north), Parsons Ave WP (wells; serves SE). Utility softens to ~120 ppm (~7 gpg).",5.7-7.3 gpg (98-125 mg/L) 2025 annual avg by plant; system avg 115 mg/L,https://www.columbus.gov/files/sharedassets/city/v/8/services/public-utilities/water-reports/consumer-confidence-water-quality-report/consumer-confidence-report.pdf,https://www.columbus.gov/files/sharedassets/city/v/8/services/public-utilities/water-reports/consumer-confidence-water-quality-report/consumer-confidence-report.pdf,43206 43215,Wikipedia infobox,brewery-district,39.96927,-83.006039,0.7,https://en.wikipedia.org/wiki/Brewery_District
Briggsdale,neighborhood,Columbus > West > Near West > The Hilltop (city planning area: Southwest); Franklin County,,,City of Columbus water (Columbus Water & Power),"Columbus Water & Power (Div. of Water). 3 plants: Dublin Road WP (Scioto R. via Griggs & O'Shaughnessy reservoirs; serves NW & SW), Hap Cremean WP (Hoover Reservoir/Big Walnut Creek; serves OSU & north), Parsons Ave WP (wells; serves SE). Utility softens to ~120 ppm (~7 gpg).",5.7-7.3 gpg (98-125 mg/L) 2025 annual avg by plant; system avg 115 mg/L,https://www.columbus.gov/files/sharedassets/city/v/8/services/public-utilities/water-reports/consumer-confidence-water-quality-report/consumer-confidence-report.pdf,https://www.columbus.gov/files/sharedassets/city/v/8/services/public-utilities/water-reports/consumer-confidence-water-quality-report/consumer-confidence-report.pdf,43223,approx: nearest GeoNames ZIP centroid,briggsdale,39.92583333,-83.05833333,4.0,https://en.wikipedia.org/wiki/Briggsdale_%28Columbus%2C_Ohio%29
Brookshire,neighborhood,Columbus > West > Near West > The Hilltop; Franklin County,,,City of Columbus water (Columbus Water & Power),"Columbus Water & Power (Div. of Water). 3 plants: Dublin Road WP (Scioto R. via Griggs & O'Shaughnessy reservoirs; serves NW & SW), Hap Cremean WP (Hoover Reservoir/Big Walnut Creek; serves OSU & north), Parsons Ave WP (wells; serves SE). Utility softens to ~120 ppm (~7 gpg).",5.7-7.3 gpg (98-125 mg/L) 2025 annual avg by plant; system avg 115 mg/L,https://www.columbus.gov/files/sharedassets/city/v/8/services/public-utilities/water-reports/consumer-confidence-water-quality-report/consumer-confidence-report.pdf,https://www.columbus.gov/files/sharedassets/city/v/8/services/public-utilities/water-reports/consumer-confidence-water-quality-report/consumer-confidence-report.pdf,,,brookshire,,,,"https://en.wikipedia.org/wiki/Neighborhoods_in_Columbus,_Ohio"
Cherry Creek,neighborhood,Columbus > West > Near West (city planning area: Westland); Franklin County,,,City of Columbus water (Columbus Water & Power),"Columbus Water & Power (Div. of Water). 3 plants: Dublin Road WP (Scioto R. via Griggs & O'Shaughnessy reservoirs; serves NW & SW), Hap Cremean WP (Hoover Reservoir/Big Walnut Creek; serves OSU & north), Parsons Ave WP (wells; serves SE). Utility softens to ~120 ppm (~7 gpg).",5.7-7.3 gpg (98-125 mg/L) 2025 annual avg by plant; system avg 115 mg/L,https://www.columbus.gov/files/sharedassets/city/v/8/services/public-utilities/water-reports/consumer-confidence-water-quality-report/consumer-confidence-report.pdf,https://www.columbus.gov/files/sharedassets/city/v/8/services/public-utilities/water-reports/consumer-confidence-water-quality-report/consumer-confidence-report.pdf,43228,approx: nearest GeoNames ZIP centroid,cherry-creek,39.934371,-83.135725,7.5,https://en.wikipedia.org/wiki/Cherry_Creek_%28Columbus%2C_Ohio%29
Clintonville,neighborhood,Columbus > North > Near North (city planning area: Clintonville); Franklin County,,,City of Columbus water (Columbus Water & Power),"Columbus Water & Power (Div. of Water). 3 plants: Dublin Road WP (Scioto R. via Griggs & O'Shaughnessy reservoirs; serves NW & SW), Hap Cremean WP (Hoover Reservoir/Big Walnut Creek; serves OSU & north), Parsons Ave WP (wells; serves SE). Utility softens to ~120 ppm (~7 gpg).",5.7-7.3 gpg (98-125 mg/L) 2025 annual avg by plant; system avg 115 mg/L,https://www.columbus.gov/files/sharedassets/city/v/8/services/public-utilities/water-reports/consumer-confidence-water-quality-report/consumer-confidence-report.pdf,https://www.columbus.gov/files/sharedassets/city/v/8/services/public-utilities/water-reports/consumer-confidence-water-quality-report/consumer-confidence-report.pdf,43202 43214,Wikipedia infobox,clintonville,40.041596,-83.018575,5.7,https://en.wikipedia.org/wiki/Clintonville_%28Columbus%2C_Ohio%29
Discovery District,neighborhood,Columbus > Downtown; Franklin County,,,City of Columbus water (Columbus Water & Power),"Columbus Water & Power (Div. of Water). 3 plants: Dublin Road WP (Scioto R. via Griggs & O'Shaughnessy reservoirs; serves NW & SW), Hap Cremean WP (Hoover Reservoir/Big Walnut Creek; serves OSU & north), Parsons Ave WP (wells; serves SE). Utility softens to ~120 ppm (~7 gpg).",5.7-7.3 gpg (98-125 mg/L) 2025 annual avg by plant; system avg 115 mg/L,https://www.columbus.gov/files/sharedassets/city/v/8/services/public-utilities/water-reports/consumer-confidence-water-quality-report/consumer-confidence-report.pdf,https://www.columbus.gov/files/sharedassets/city/v/8/services/public-utilities/water-reports/consumer-confidence-water-quality-report/consumer-confidence-report.pdf,,,discovery-district,,,,"https://en.wikipedia.org/wiki/Neighborhoods_in_Columbus,_Ohio"
Driving Park,neighborhood,Columbus > East > Near East (city planning area: Livingston Avenue Area); Franklin County,,,City of Columbus water (Columbus Water & Power),"Columbus Water & Power (Div. of Water). 3 plants: Dublin Road WP (Scioto R. via Griggs & O'Shaughnessy reservoirs; serves NW & SW), Hap Cremean WP (Hoover Reservoir/Big Walnut Creek; serves OSU & north), Parsons Ave WP (wells; serves SE). Utility softens to ~120 ppm (~7 gpg).",5.7-7.3 gpg (98-125 mg/L) 2025 annual avg by plant; system avg 115 mg/L,https://www.columbus.gov/files/sharedassets/city/v/8/services/public-utilities/water-reports/consumer-confidence-water-quality-report/consumer-confidence-report.pdf,https://www.columbus.gov/files/sharedassets/city/v/8/services/public-utilities/water-reports/consumer-confidence-water-quality-report/consumer-confidence-report.pdf,43205,approx: nearest GeoNames ZIP centroid,driving-park,39.95,-82.95,2.7,https://en.wikipedia.org/wiki/Driving_Park
East Broad Street Historic District,neighborhood,Columbus > East > Near East (city planning area: Near East); Franklin County,,,City of Columbus water (Columbus Water & Power),"Columbus Water & Power (Div. of Water). 3 plants: Dublin Road WP (Scioto R. via Griggs & O'Shaughnessy reservoirs; serves NW & SW), Hap Cremean WP (Hoover Reservoir/Big Walnut Creek; serves OSU & north), Parsons Ave WP (wells; serves SE). Utility softens to ~120 ppm (~7 gpg).",5.7-7.3 gpg (98-125 mg/L) 2025 annual avg by plant; system avg 115 mg/L,https://www.columbus.gov/files/sharedassets/city/v/8/services/public-utilities/water-reports/consumer-confidence-water-quality-report/consumer-confidence-report.pdf,https://www.columbus.gov/files/sharedassets/city/v/8/services/public-utilities/water-reports/consumer-confidence-water-quality-report/consumer-confidence-report.pdf,43203,approx: nearest GeoNames ZIP centroid,east-broad-street-historic-district,39.96694444,-82.96083333,2.0,https://en.wikipedia.org/wiki/East_Broad_Street_Historic_District_%28Columbus%2C_Ohio%29
Eastgate / Nelson Park,neighborhood,Columbus > East > Near East; Franklin County,,,City of Columbus water (Columbus Water & Power),"Columbus Water & Power (Div. of Water). 3 plants: Dublin Road WP (Scioto R. via Griggs & O'Shaughnessy reservoirs; serves NW & SW), Hap Cremean WP (Hoover Reservoir/Big Walnut Creek; serves OSU & north), Parsons Ave WP (wells; serves SE). Utility softens to ~120 ppm (~7 gpg).",5.7-7.3 gpg (98-125 mg/L) 2025 annual avg by plant; system avg 115 mg/L,https://www.columbus.gov/files/sharedassets/city/v/8/services/public-utilities/water-reports/consumer-confidence-water-quality-report/consumer-confidence-report.pdf,https://www.columbus.gov/files/sharedassets/city/v/8/services/public-utilities/water-reports/consumer-confidence-water-quality-report/consumer-confidence-report.pdf,,,eastgate-nelson-park,,,,"https://en.wikipedia.org/wiki/Neighborhoods_in_Columbus,_Ohio"
Edgewood Acres,neighborhood,Columbus > South > Southeast; Franklin County,,,City of Columbus water (Columbus Water & Power),"Columbus Water & Power (Div. of Water). 3 plants: Dublin Road WP (Scioto R. via Griggs & O'Shaughnessy reservoirs; serves NW & SW), Hap Cremean WP (Hoover Reservoir/Big Walnut Creek; serves OSU & north), Parsons Ave WP (wells; serves SE). Utility softens to ~120 ppm (~7 gpg).",5.7-7.3 gpg (98-125 mg/L) 2025 annual avg by plant; system avg 115 mg/L,https://www.columbus.gov/files/sharedassets/city/v/8/services/public-utilities/water-reports/consumer-confidence-water-quality-report/consumer-confidence-report.pdf,https://www.columbus.gov/files/sharedassets/city/v/8/services/public-utilities/water-reports/consumer-confidence-water-quality-report/consumer-confidence-report.pdf,,,edgewood-acres,,,,"https://en.wikipedia.org/wiki/Neighborhoods_in_Columbus,_Ohio"
Far East Side,neighborhood,Columbus > East > Far East; Franklin County,,,City of Columbus water (Columbus Water & Power),"Columbus Water & Power (Div. of Water). 3 plants: Dublin Road WP (Scioto R. via Griggs & O'Shaughnessy reservoirs; serves NW & SW), Hap Cremean WP (Hoover Reservoir/Big Walnut Creek; serves OSU & north), Parsons Ave WP (wells; serves SE). Utility softens to ~120 ppm (~7 gpg).",5.7-7.3 gpg (98-125 mg/L) 2025 annual avg by plant; system avg 115 mg/L,https://www.columbus.gov/files/sharedassets/city/v/8/services/public-utilities/water-reports/consumer-confidence-water-quality-report/consumer-confidence-report.pdf,https://www.columbus.gov/files/sharedassets/city/v/8/services/public-utilities/water-reports/consumer-confidence-water-quality-report/consumer-confidence-report.pdf,,,far-east-side,,,,"https://en.wikipedia.org/wiki/Neighborhoods_in_Columbus,_Ohio"
Fifth by Northwest,neighborhood,Columbus > North > Northwest; Franklin County,,,City of Columbus water (Columbus Water & Power),"Columbus Water & Power (Div. of Water). 3 plants: Dublin Road WP (Scioto R. via Griggs & O'Shaughnessy reservoirs; serves NW & SW), Hap Cremean WP (Hoover Reservoir/Big Walnut Creek; serves OSU & north), Parsons Ave WP (wells; serves SE). Utility softens to ~120 ppm (~7 gpg).",5.7-7.3 gpg (98-125 mg/L) 2025 annual avg by plant; system avg 115 mg/L,https://www.columbus.gov/files/sharedassets/city/v/8/services/public-utilities/water-reports/consumer-confidence-water-quality-report/consumer-confidence-report.pdf,https://www.columbus.gov/files/sharedassets/city/v/8/services/public-utilities/water-reports/consumer-confidence-water-quality-report/consumer-confidence-report.pdf,43212,Wikipedia infobox,fifth-by-northwest,,,,https://en.wikipedia.org/wiki/Fifth_by_Northwest
Flytown,neighborhood,Columbus > North > Northwest (city planning area: Downtown); Franklin County,,,City of Columbus water (Columbus Water & Power),"Columbus Water & Power (Div. of Water). 3 plants: Dublin Road WP (Scioto R. via Griggs & O'Shaughnessy reservoirs; serves NW & SW), Hap Cremean WP (Hoover Reservoir/Big Walnut Creek; serves OSU & north), Parsons Ave WP (wells; serves SE). Utility softens to ~120 ppm (~7 gpg).",5.7-7.3 gpg (98-125 mg/L) 2025 annual avg by plant; system avg 115 mg/L,https://www.columbus.gov/files/sharedassets/city/v/8/services/public-utilities/water-reports/consumer-confidence-water-quality-report/consumer-confidence-report.pdf,https://www.columbus.gov/files/sharedassets/city/v/8/services/public-utilities/water-reports/consumer-confidence-water-quality-report/consumer-confidence-report.pdf,43216,approx: nearest GeoNames ZIP centroid,flytown,39.9723,-83.0095,1.0,https://en.wikipedia.org/wiki/Flytown
Forest Park,neighborhood,Columbus > North > Northeast (city planning area: Northland); Franklin County,,,City of Columbus water (Columbus Water & Power),"Columbus Water & Power (Div. of Water). 3 plants: Dublin Road WP (Scioto R. via Griggs & O'Shaughnessy reservoirs; serves NW & SW), Hap Cremean WP (Hoover Reservoir/Big Walnut Creek; serves OSU & north), Parsons Ave WP (wells; serves SE). Utility softens to ~120 ppm (~7 gpg).",5.7-7.3 gpg (98-125 mg/L) 2025 annual avg by plant; system avg 115 mg/L,https://www.columbus.gov/files/sharedassets/city/v/8/services/public-utilities/water-reports/consumer-confidence-water-quality-report/consumer-confidence-report.pdf,https://www.columbus.gov/files/sharedassets/city/v/8/services/public-utilities/water-reports/consumer-confidence-water-quality-report/consumer-confidence-report.pdf,43229,approx: nearest GeoNames ZIP centroid,forest-park,40.0765,-82.9705,8.1,https://en.wikipedia.org/wiki/Forest_Park_%28Columbus%2C_Ohio%29
Franklin Park,neighborhood,Columbus > East > Near East; Franklin County,,,City of Columbus water (Columbus Water & Power),"Columbus Water & Power (Div. of Water). 3 plants: Dublin Road WP (Scioto R. via Griggs & O'Shaughnessy reservoirs; serves NW & SW), Hap Cremean WP (Hoover Reservoir/Big Walnut Creek; serves OSU & north), Parsons Ave WP (wells; serves SE). Utility softens to ~120 ppm (~7 gpg).",5.7-7.3 gpg (98-125 mg/L) 2025 annual avg by plant; system avg 115 mg/L,https://www.columbus.gov/files/sharedassets/city/v/8/services/public-utilities/water-reports/consumer-confidence-water-quality-report/consumer-confidence-report.pdf,https://www.columbus.gov/files/sharedassets/city/v/8/services/public-utilities/water-reports/consumer-confidence-water-quality-report/consumer-confidence-report.pdf,,,franklin-park,,,,"https://en.wikipedia.org/wiki/Neighborhoods_in_Columbus,_Ohio"
Franklinton,neighborhood,Columbus > West > Near West (city planning area: Franklinton); Franklin County,,,City of Columbus water (Columbus Water & Power),"Columbus Water & Power (Div. of Water). 3 plants: Dublin Road WP (Scioto R. via Griggs & O'Shaughnessy reservoirs; serves NW & SW), Hap Cremean WP (Hoover Reservoir/Big Walnut Creek; serves OSU & north), Parsons Ave WP (wells; serves SE). Utility softens to ~120 ppm (~7 gpg).",5.7-7.3 gpg (98-125 mg/L) 2025 annual avg by plant; system avg 115 mg/L,https://www.columbus.gov/files/sharedassets/city/v/8/services/public-utilities/water-reports/consumer-confidence-water-quality-report/consumer-confidence-report.pdf,https://www.columbus.gov/files/sharedassets/city/v/8/services/public-utilities/water-reports/consumer-confidence-water-quality-report/consumer-confidence-report.pdf,43215 43222 43223,Wikipedia infobox,franklinton,39.9542,-83.0269,1.6,https://en.wikipedia.org/wiki/Franklinton_%28Columbus%2C_Ohio%29
Georgian Heights,neighborhood,Columbus > West > Near West > The Hilltop (city planning area: Greater Hilltop); Franklin County,,,City of Columbus water (Columbus Water & Power),"Columbus Water & Power (Div. of Water). 3 plants: Dublin Road WP (Scioto R. via Griggs & O'Shaughnessy reservoirs; serves NW & SW), Hap Cremean WP (Hoover Reservoir/Big Walnut Creek; serves OSU & north), Parsons Ave WP (wells; serves SE). Utility softens to ~120 ppm (~7 gpg).",5.7-7.3 gpg (98-125 mg/L) 2025 annual avg by plant; system avg 115 mg/L,https://www.columbus.gov/files/sharedassets/city/v/8/services/public-utilities/water-reports/consumer-confidence-water-quality-report/consumer-confidence-report.pdf,https://www.columbus.gov/files/sharedassets/city/v/8/services/public-utilities/water-reports/consumer-confidence-water-quality-report/consumer-confidence-report.pdf,43204,approx: nearest GeoNames ZIP centroid,georgian-heights,39.938,-83.109,6.1,https://en.wikipedia.org/wiki/Georgian_Heights
German Village,neighborhood,Columbus > South > Near South (city planning area: German Village); Franklin County,,,City of Columbus water (Columbus Water & Power),"Columbus Water & Power (Div. of Water). 3 plants: Dublin Road WP (Scioto R. via Griggs & O'Shaughnessy reservoirs; serves NW & SW), Hap Cremean WP (Hoover Reservoir/Big Walnut Creek; serves OSU & north), Parsons Ave WP (wells; serves SE). Utility softens to ~120 ppm (~7 gpg).",5.7-7.3 gpg (98-125 mg/L) 2025 annual avg by plant; system avg 115 mg/L,https://www.columbus.gov/files/sharedassets/city/v/8/services/public-utilities/water-reports/consumer-confidence-water-quality-report/consumer-confidence-report.pdf,https://www.columbus.gov/files/sharedassets/city/v/8/services/public-utilities/water-reports/consumer-confidence-water-quality-report/consumer-confidence-report.pdf,43206,approx: nearest GeoNames ZIP centroid,german-village,39.94583333,-82.99277778,1.1,https://en.wikipedia.org/wiki/German_Village
Glen Echo,neighborhood,Columbus > North > Near North (city planning area: University District); Franklin County,,,City of Columbus water (Columbus Water & Power),"Columbus Water & Power (Div. of Water). 3 plants: Dublin Road WP (Scioto R. via Griggs & O'Shaughnessy reservoirs; serves NW & SW), Hap Cremean WP (Hoover Reservoir/Big Walnut Creek; serves OSU & north), Parsons Ave WP (wells; serves SE). Utility softens to ~120 ppm (~7 gpg).",5.7-7.3 gpg (98-125 mg/L) 2025 annual avg by plant; system avg 115 mg/L,https://www.columbus.gov/files/sharedassets/city/v/8/services/public-utilities/water-reports/consumer-confidence-water-quality-report/consumer-confidence-report.pdf,https://www.columbus.gov/files/sharedassets/city/v/8/services/public-utilities/water-reports/consumer-confidence-water-quality-report/consumer-confidence-report.pdf,43202,approx: nearest GeoNames ZIP centroid,glen-echo,40.01694444,-82.99972222,3.9,https://en.wikipedia.org/wiki/Glen_Echo_%28Columbus%2C_Ohio%29
Hardesty Heights,neighborhood,Columbus > West > Near West; Franklin County,,,City of Columbus water (Columbus Water & Power),"Columbus Water & Power (Div. of Water). 3 plants: Dublin Road WP (Scioto R. via Griggs & O'Shaughnessy reservoirs; serves NW & SW), Hap Cremean WP (Hoover Reservoir/Big Walnut Creek; serves OSU & north), Parsons Ave WP (wells; serves SE). Utility softens to ~120 ppm (~7 gpg).",5.7-7.3 gpg (98-125 mg/L) 2025 annual avg by plant; system avg 115 mg/L,https://www.columbus.gov/files/sharedassets/city/v/8/services/public-utilities/water-reports/consumer-confidence-water-quality-report/consumer-confidence-report.pdf,https://www.columbus.gov/files/sharedassets/city/v/8/services/public-utilities/water-reports/consumer-confidence-water-quality-report/consumer-confidence-report.pdf,,,hardesty-heights,,,,"https://en.wikipedia.org/wiki/Neighborhoods_in_Columbus,_Ohio"
Harrison West,neighborhood,Columbus > North > Northwest (city planning area: Harrison West); Franklin County,,,City of Columbus water (Columbus Water & Power),"Columbus Water & Power (Div. of Water). 3 plants: Dublin Road WP (Scioto R. via Griggs & O'Shaughnessy reservoirs; serves NW & SW), Hap Cremean WP (Hoover Reservoir/Big Walnut Creek; serves OSU & north), Parsons Ave WP (wells; serves SE). Utility softens to ~120 ppm (~7 gpg).",5.7-7.3 gpg (98-125 mg/L) 2025 annual avg by plant; system avg 115 mg/L,https://www.columbus.gov/files/sharedassets/city/v/8/services/public-utilities/water-reports/consumer-confidence-water-quality-report/consumer-confidence-report.pdf,https://www.columbus.gov/files/sharedassets/city/v/8/services/public-utilities/water-reports/consumer-confidence-water-quality-report/consumer-confidence-report.pdf,43201 43212 43215,Wikipedia infobox,harrison-west,39.98388,-83.016839,1.8,https://en.wikipedia.org/wiki/Harrison_West
Highland West,neighborhood,Columbus > West > Near West > The Hilltop; Franklin County,,,City of Columbus water (Columbus Water & Power),"Columbus Water & Power (Div. of Water). 3 plants: Dublin Road WP (Scioto R. via Griggs & O'Shaughnessy reservoirs; serves NW & SW), Hap Cremean WP (Hoover Reservoir/Big Walnut Creek; serves OSU & north), Parsons Ave WP (wells; serves SE). Utility softens to ~120 ppm (~7 gpg).",5.7-7.3 gpg (98-125 mg/L) 2025 annual avg by plant; system avg 115 mg/L,https://www.columbus.gov/files/sharedassets/city/v/8/services/public-utilities/water-reports/consumer-confidence-water-quality-report/consumer-confidence-report.pdf,https://www.columbus.gov/files/sharedassets/city/v/8/services/public-utilities/water-reports/consumer-confidence-water-quality-report/consumer-confidence-report.pdf,,,highland-west,,,,"https://en.wikipedia.org/wiki/Neighborhoods_in_Columbus,_Ohio"
Holly Hill,neighborhood,Columbus > West > Near West > The Hilltop (city planning area: Greater Hilltop); Franklin County,,,City of Columbus water (Columbus Water & Power),"Columbus Water & Power (Div. of Water). 3 plants: Dublin Road WP (Scioto R. via Griggs & O'Shaughnessy reservoirs; serves NW & SW), Hap Cremean WP (Hoover Reservoir/Big Walnut Creek; serves OSU & north), Parsons Ave WP (wells; serves SE). Utility softens to ~120 ppm (~7 gpg).",5.7-7.3 gpg (98-125 mg/L) 2025 annual avg by plant; system avg 115 mg/L,https://www.columbus.gov/files/sharedassets/city/v/8/services/public-utilities/water-reports/consumer-confidence-water-quality-report/consumer-confidence-report.pdf,https://www.columbus.gov/files/sharedassets/city/v/8/services/public-utilities/water-reports/consumer-confidence-water-quality-report/consumer-confidence-report.pdf,43204,approx: nearest GeoNames ZIP centroid,holly-hill,39.93661,-83.09635,5.4,https://en.wikipedia.org/wiki/Holly_Hill_%28Columbus%2C_Ohio%29
Hungarian Village,neighborhood,Columbus > South > Near South (city planning area: South Side); Franklin County,,,City of Columbus water (Columbus Water & Power),"Columbus Water & Power (Div. of Water). 3 plants: Dublin Road WP (Scioto R. via Griggs & O'Shaughnessy reservoirs; serves NW & SW), Hap Cremean WP (Hoover Reservoir/Big Walnut Creek; serves OSU & north), Parsons Ave WP (wells; serves SE). Utility softens to ~120 ppm (~7 gpg).",5.7-7.3 gpg (98-125 mg/L) 2025 annual avg by plant; system avg 115 mg/L,https://www.columbus.gov/files/sharedassets/city/v/8/services/public-utilities/water-reports/consumer-confidence-water-quality-report/consumer-confidence-report.pdf,https://www.columbus.gov/files/sharedassets/city/v/8/services/public-utilities/water-reports/consumer-confidence-water-quality-report/consumer-confidence-report.pdf,43207,Wikipedia infobox,hungarian-village,39.92811,-82.99014,2.3,https://en.wikipedia.org/wiki/Hungarian_Village
Innis Gardens,neighborhood,Columbus > South > Southeast; Franklin County,,,City of Columbus water (Columbus Water & Power),"Columbus Water & Power (Div. of Water). 3 plants: Dublin Road WP (Scioto R. via Griggs & O'Shaughnessy reservoirs; serves NW & SW), Hap Cremean WP (Hoover Reservoir/Big Walnut Creek; serves OSU & north), Parsons Ave WP (wells; serves SE). Utility softens to ~120 ppm (~7 gpg).",5.7-7.3 gpg (98-125 mg/L) 2025 annual avg by plant; system avg 115 mg/L,https://www.columbus.gov/files/sharedassets/city/v/8/services/public-utilities/water-reports/consumer-confidence-water-quality-report/consumer-confidence-report.pdf,https://www.columbus.gov/files/sharedassets/city/v/8/services/public-utilities/water-reports/consumer-confidence-water-quality-report/consumer-confidence-report.pdf,,,innis-gardens,,,,"https://en.wikipedia.org/wiki/Neighborhoods_in_Columbus,_Ohio"
Italian Village,neighborhood,Columbus > North > Near North (city planning area: Victorian Village); Franklin County,,,City of Columbus water (Columbus Water & Power),"Columbus Water & Power (Div. of Water). 3 plants: Dublin Road WP (Scioto R. via Griggs & O'Shaughnessy reservoirs; serves NW & SW), Hap Cremean WP (Hoover Reservoir/Big Walnut Creek; serves OSU & north), Parsons Ave WP (wells; serves SE). Utility softens to ~120 ppm (~7 gpg).",5.7-7.3 gpg (98-125 mg/L) 2025 annual avg by plant; system avg 115 mg/L,https://www.columbus.gov/files/sharedassets/city/v/8/services/public-utilities/water-reports/consumer-confidence-water-quality-report/consumer-confidence-report.pdf,https://www.columbus.gov/files/sharedassets/city/v/8/services/public-utilities/water-reports/consumer-confidence-water-quality-report/consumer-confidence-report.pdf,43201 43215,Wikipedia infobox,italian-village,39.98,-83.01,1.4,https://en.wikipedia.org/wiki/Italian_Village
King-Lincoln Bronzeville,neighborhood,Columbus > East > Near East (city planning area: Near East); Franklin County,,,City of Columbus water (Columbus Water & Power),"Columbus Water & Power (Div. of Water). 3 plants: Dublin Road WP (Scioto R. via Griggs & O'Shaughnessy reservoirs; serves NW & SW), Hap Cremean WP (Hoover Reservoir/Big Walnut Creek; serves OSU & north), Parsons Ave WP (wells; serves SE). Utility softens to ~120 ppm (~7 gpg).",5.7-7.3 gpg (98-125 mg/L) 2025 annual avg by plant; system avg 115 mg/L,https://www.columbus.gov/files/sharedassets/city/v/8/services/public-utilities/water-reports/consumer-confidence-water-quality-report/consumer-confidence-report.pdf,https://www.columbus.gov/files/sharedassets/city/v/8/services/public-utilities/water-reports/consumer-confidence-water-quality-report/consumer-confidence-report.pdf,43203,approx: nearest GeoNames ZIP centroid,king-lincoln-bronzeville,39.9689,-82.975,1.4,https://en.wikipedia.org/wiki/King-Lincoln_Bronzeville
Lincoln Park / Vassor Village,neighborhood,Columbus > South > Southeast; Franklin County,,,City of Columbus water (Columbus Water & Power),"Columbus Water & Power (Div. of Water). 3 plants: Dublin Road WP (Scioto R. via Griggs & O'Shaughnessy reservoirs; serves NW & SW), Hap Cremean WP (Hoover Reservoir/Big Walnut Creek; serves OSU & north), Parsons Ave WP (wells; serves SE). Utility softens to ~120 ppm (~7 gpg).",5.7-7.3 gpg (98-125 mg/L) 2025 annual avg by plant; system avg 115 mg/L,https://www.columbus.gov/files/sharedassets/city/v/8/services/public-utilities/water-reports/consumer-confidence-water-quality-report/consumer-confidence-report.pdf,https://www.columbus.gov/files/sharedassets/city/v/8/services/public-utilities/water-reports/consumer-confidence-water-quality-report/consumer-confidence-report.pdf,,,lincoln-park-vassor-village,,,,"https://en.wikipedia.org/wiki/Neighborhoods_in_Columbus,_Ohio"
Linden,neighborhood,Columbus > North > Northeast (city planning area: North Linden); Franklin County,,,City of Columbus water (Columbus Water & Power),"Columbus Water & Power (Div. of Water). 3 plants: Dublin Road WP (Scioto R. via Griggs & O'Shaughnessy reservoirs; serves NW & SW), Hap Cremean WP (Hoover Reservoir/Big Walnut Creek; serves OSU & north), Parsons Ave WP (wells; serves SE). Utility softens to ~120 ppm (~7 gpg).",5.7-7.3 gpg (98-125 mg/L) 2025 annual avg by plant; system avg 115 mg/L,https://www.columbus.gov/files/sharedassets/city/v/8/services/public-utilities/water-reports/consumer-confidence-water-quality-report/consumer-confidence-report.pdf,https://www.columbus.gov/files/sharedassets/city/v/8/services/public-utilities/water-reports/consumer-confidence-water-quality-report/consumer-confidence-report.pdf,43211 43224,Wikipedia infobox,linden,40.021305,-82.973042,4.4,https://en.wikipedia.org/wiki/Linden_%28Columbus%2C_Ohio%29
Livingston Park,neighborhood,Columbus > East > Near East; Franklin County,,,City of Columbus water (Columbus Water & Power),"Columbus Water & Power (Div. of Water). 3 plants: Dublin Road WP (Scioto R. via Griggs & O'Shaughnessy reservoirs; serves NW & SW), Hap Cremean WP (Hoover Reservoir/Big Walnut Creek; serves OSU & north), Parsons Ave WP (wells; serves SE). Utility softens to ~120 ppm (~7 gpg).",5.7-7.3 gpg (98-125 mg/L) 2025 annual avg by plant; system avg 115 mg/L,https://www.columbus.gov/files/sharedassets/city/v/8/services/public-utilities/water-reports/consumer-confidence-water-quality-report/consumer-confidence-report.pdf,https://www.columbus.gov/files/sharedassets/city/v/8/services/public-utilities/water-reports/consumer-confidence-water-quality-report/consumer-confidence-report.pdf,,,livingston-park,,,,"https://en.wikipedia.org/wiki/Neighborhoods_in_Columbus,_Ohio"
Merion Village,neighborhood,Columbus > South > Near South; Franklin County,,,City of Columbus water (Columbus Water & Power),"Columbus Water & Power (Div. of Water). 3 plants: Dublin Road WP (Scioto R. via Griggs & O'Shaughnessy reservoirs; serves NW & SW), Hap Cremean WP (Hoover Reservoir/Big Walnut Creek; serves OSU & north), Parsons Ave WP (wells; serves SE). Utility softens to ~120 ppm (~7 gpg).",5.7-7.3 gpg (98-125 mg/L) 2025 annual avg by plant; system avg 115 mg/L,https://www.columbus.gov/files/sharedassets/city/v/8/services/public-utilities/water-reports/consumer-confidence-water-quality-report/consumer-confidence-report.pdf,https://www.columbus.gov/files/sharedassets/city/v/8/services/public-utilities/water-reports/consumer-confidence-water-quality-report/consumer-confidence-report.pdf,,,merion-village,,,,https://en.wikipedia.org/wiki/Neighborhoods_in_Columbus%2C_Ohio
Milo-Grogan,neighborhood,Columbus > North > Near North (city planning area: Milo-Grogan); Franklin County,,,City of Columbus water (Columbus Water & Power),"Columbus Water & Power (Div. of Water). 3 plants: Dublin Road WP (Scioto R. via Griggs & O'Shaughnessy reservoirs; serves NW & SW), Hap Cremean WP (Hoover Reservoir/Big Walnut Creek; serves OSU & north), Parsons Ave WP (wells; serves SE). Utility softens to ~120 ppm (~7 gpg).",5.7-7.3 gpg (98-125 mg/L) 2025 annual avg by plant; system avg 115 mg/L,https://www.columbus.gov/files/sharedassets/city/v/8/services/public-utilities/water-reports/consumer-confidence-water-quality-report/consumer-confidence-report.pdf,https://www.columbus.gov/files/sharedassets/city/v/8/services/public-utilities/water-reports/consumer-confidence-water-quality-report/consumer-confidence-report.pdf,43201,Wikipedia infobox,milo-grogan,39.986441,-82.989129,1.8,https://en.wikipedia.org/wiki/Milo-Grogan
Mount Vernon,neighborhood,Columbus > East > Near East; Franklin County,,,City of Columbus water (Columbus Water & Power),"Columbus Water & Power (Div. of Water). 3 plants: Dublin Road WP (Scioto R. via Griggs & O'Shaughnessy reservoirs; serves NW & SW), Hap Cremean WP (Hoover Reservoir/Big Walnut Creek; serves OSU & north), Parsons Ave WP (wells; serves SE). Utility softens to ~120 ppm (~7 gpg).",5.7-7.3 gpg (98-125 mg/L) 2025 annual avg by plant; system avg 115 mg/L,https://www.columbus.gov/files/sharedassets/city/v/8/services/public-utilities/water-reports/consumer-confidence-water-quality-report/consumer-confidence-report.pdf,https://www.columbus.gov/files/sharedassets/city/v/8/services/public-utilities/water-reports/consumer-confidence-water-quality-report/consumer-confidence-report.pdf,,,mount-vernon,,,,https://en.wikipedia.org/wiki/Mount_Vernon_%28Columbus%2C_Ohio%29
Murray Hill,neighborhood,Columbus > West > Near West (city planning area: Westland); Franklin County,,,City of Columbus water (Columbus Water & Power),"Columbus Water & Power (Div. of Water). 3 plants: Dublin Road WP (Scioto R. via Griggs & O'Shaughnessy reservoirs; serves NW & SW), Hap Cremean WP (Hoover Reservoir/Big Walnut Creek; serves OSU & north), Parsons Ave WP (wells; serves SE). Utility softens to ~120 ppm (~7 gpg).",5.7-7.3 gpg (98-125 mg/L) 2025 annual avg by plant; system avg 115 mg/L,https://www.columbus.gov/files/sharedassets/city/v/8/services/public-utilities/water-reports/consumer-confidence-water-quality-report/consumer-confidence-report.pdf,https://www.columbus.gov/files/sharedassets/city/v/8/services/public-utilities/water-reports/consumer-confidence-water-quality-report/consumer-confidence-report.pdf,43228,approx: nearest GeoNames ZIP centroid,murray-hill,39.950833,-83.129167,6.9,https://en.wikipedia.org/wiki/Murray_Hill_%28Columbus%2C_Ohio%29
Near East Side,neighborhood,Columbus > East > Near East (city planning area: Near East); Franklin County,,,City of Columbus water (Columbus Water & Power),"Columbus Water & Power (Div. of Water). 3 plants: Dublin Road WP (Scioto R. via Griggs & O'Shaughnessy reservoirs; serves NW & SW), Hap Cremean WP (Hoover Reservoir/Big Walnut Creek; serves OSU & north), Parsons Ave WP (wells; serves SE). Utility softens to ~120 ppm (~7 gpg).",5.7-7.3 gpg (98-125 mg/L) 2025 annual avg by plant; system avg 115 mg/L,https://www.columbus.gov/files/sharedassets/city/v/8/services/public-utilities/water-reports/consumer-confidence-water-quality-report/consumer-confidence-report.pdf,https://www.columbus.gov/files/sharedassets/city/v/8/services/public-utilities/water-reports/consumer-confidence-water-quality-report/consumer-confidence-report.pdf,43203,approx: nearest GeoNames ZIP centroid,near-east-side,39.96666667,-82.96666667,1.7,https://en.wikipedia.org/wiki/Near_East_Side%2C_Columbus%2C_Ohio
Near South Side,neighborhood,Columbus > South > Near South; Franklin County,,,City of Columbus water (Columbus Water & Power),"Columbus Water & Power (Div. of Water). 3 plants: Dublin Road WP (Scioto R. via Griggs & O'Shaughnessy reservoirs; serves NW & SW), Hap Cremean WP (Hoover Reservoir/Big Walnut Creek; serves OSU & north), Parsons Ave WP (wells; serves SE). Utility softens to ~120 ppm (~7 gpg).",5.7-7.3 gpg (98-125 mg/L) 2025 annual avg by plant; system avg 115 mg/L,https://www.columbus.gov/files/sharedassets/city/v/8/services/public-utilities/water-reports/consumer-confidence-water-quality-report/consumer-confidence-report.pdf,https://www.columbus.gov/files/sharedassets/city/v/8/services/public-utilities/water-reports/consumer-confidence-water-quality-report/consumer-confidence-report.pdf,,,near-south-side,,,,"https://en.wikipedia.org/wiki/Neighborhoods_in_Columbus,_Ohio"
North Hilltop,neighborhood,Columbus > West > Near West > The Hilltop; Franklin County,,,City of Columbus water (Columbus Water & Power),"Columbus Water & Power (Div. of Water). 3 plants: Dublin Road WP (Scioto R. via Griggs & O'Shaughnessy reservoirs; serves NW & SW), Hap Cremean WP (Hoover Reservoir/Big Walnut Creek; serves OSU & north), Parsons Ave WP (wells; serves SE). Utility softens to ~120 ppm (~7 gpg).",5.7-7.3 gpg (98-125 mg/L) 2025 annual avg by plant; system avg 115 mg/L,https://www.columbus.gov/files/sharedassets/city/v/8/services/public-utilities/water-reports/consumer-confidence-water-quality-report/consumer-confidence-report.pdf,https://www.columbus.gov/files/sharedassets/city/v/8/services/public-utilities/water-reports/consumer-confidence-water-quality-report/consumer-confidence-report.pdf,,,north-hilltop,,,,"https://en.wikipedia.org/wiki/Neighborhoods_in_Columbus,_Ohio"
Northland,neighborhood,Columbus > North > Northeast (city planning area: Northland); Franklin County,,,City of Columbus water (Columbus Water & Power),"Columbus Water & Power (Div. of Water). 3 plants: Dublin Road WP (Scioto R. via Griggs & O'Shaughnessy reservoirs; serves NW & SW), Hap Cremean WP (Hoover Reservoir/Big Walnut Creek; serves OSU & north), Parsons Ave WP (wells; serves SE). Utility softens to ~120 ppm (~7 gpg).",5.7-7.3 gpg (98-125 mg/L) 2025 annual avg by plant; system avg 115 mg/L,https://www.columbus.gov/files/sharedassets/city/v/8/services/public-utilities/water-reports/consumer-confidence-water-quality-report/consumer-confidence-report.pdf,https://www.columbus.gov/files/sharedassets/city/v/8/services/public-utilities/water-reports/consumer-confidence-water-quality-report/consumer-confidence-report.pdf,43229 43230 43231,Wikipedia infobox,northland,40.074512,-82.937594,8.5,https://en.wikipedia.org/wiki/Northland_%28Columbus%2C_Ohio%29
Northwood Park,neighborhood,Columbus > North > Northeast (city planning area: University District); Franklin County,,,City of Columbus water (Columbus Water & Power),"Columbus Water & Power (Div. of Water). 3 plants: Dublin Road WP (Scioto R. via Griggs & O'Shaughnessy reservoirs; serves NW & SW), Hap Cremean WP (Hoover Reservoir/Big Walnut Creek; serves OSU & north), Parsons Ave WP (wells; serves SE). Utility softens to ~120 ppm (~7 gpg).",5.7-7.3 gpg (98-125 mg/L) 2025 annual avg by plant; system avg 115 mg/L,https://www.columbus.gov/files/sharedassets/city/v/8/services/public-utilities/water-reports/consumer-confidence-water-quality-report/consumer-confidence-report.pdf,https://www.columbus.gov/files/sharedassets/city/v/8/services/public-utilities/water-reports/consumer-confidence-water-quality-report/consumer-confidence-report.pdf,43210,approx: nearest GeoNames ZIP centroid,northwood-park,40.008985,-83.006454,3.3,https://en.wikipedia.org/wiki/Northwood_Park_%28Columbus%2C_Ohio%29
Old Oaks,neighborhood,Columbus > East > Near East; Franklin County,,,City of Columbus water (Columbus Water & Power),"Columbus Water & Power (Div. of Water). 3 plants: Dublin Road WP (Scioto R. via Griggs & O'Shaughnessy reservoirs; serves NW & SW), Hap Cremean WP (Hoover Reservoir/Big Walnut Creek; serves OSU & north), Parsons Ave WP (wells; serves SE). Utility softens to ~120 ppm (~7 gpg).",5.7-7.3 gpg (98-125 mg/L) 2025 annual avg by plant; system avg 115 mg/L,https://www.columbus.gov/files/sharedassets/city/v/8/services/public-utilities/water-reports/consumer-confidence-water-quality-report/consumer-confidence-report.pdf,https://www.columbus.gov/files/sharedassets/city/v/8/services/public-utilities/water-reports/consumer-confidence-water-quality-report/consumer-confidence-report.pdf,,,old-oaks,,,,"https://en.wikipedia.org/wiki/Neighborhoods_in_Columbus,_Ohio"
Olde Towne East,neighborhood,Columbus > East > Near East (city planning area: Near East); Franklin County,,,City of Columbus water (Columbus Water & Power),"Columbus Water & Power (Div. of Water). 3 plants: Dublin Road WP (Scioto R. via Griggs & O'Shaughnessy reservoirs; serves NW & SW), Hap Cremean WP (Hoover Reservoir/Big Walnut Creek; serves OSU & north), Parsons Ave WP (wells; serves SE). Utility softens to ~120 ppm (~7 gpg).",5.7-7.3 gpg (98-125 mg/L) 2025 annual avg by plant; system avg 115 mg/L,https://www.columbus.gov/files/sharedassets/city/v/8/services/public-utilities/water-reports/consumer-confidence-water-quality-report/consumer-confidence-report.pdf,https://www.columbus.gov/files/sharedassets/city/v/8/services/public-utilities/water-reports/consumer-confidence-water-quality-report/consumer-confidence-report.pdf,43205,Wikipedia infobox,olde-towne-east,39.957998,-82.97766,1.1,https://en.wikipedia.org/wiki/Olde_Towne_East
Park Street District,neighborhood,Columbus > Downtown; Franklin County,,,City of Columbus water (Columbus Water & Power),"Columbus Water & Power (Div. of Water). 3 plants: Dublin Road WP (Scioto R. via Griggs & O'Shaughnessy reservoirs; serves NW & SW), Hap Cremean WP (Hoover Reservoir/Big Walnut Creek; serves OSU & north), Parsons Ave WP (wells; serves SE). Utility softens to ~120 ppm (~7 gpg).",5.7-7.3 gpg (98-125 mg/L) 2025 annual avg by plant; system avg 115 mg/L,https://www.columbus.gov/files/sharedassets/city/v/8/services/public-utilities/water-reports/consumer-confidence-water-quality-report/consumer-confidence-report.pdf,https://www.columbus.gov/files/sharedassets/city/v/8/services/public-utilities/water-reports/consumer-confidence-water-quality-report/consumer-confidence-report.pdf,,,park-street-district,,,,"https://en.wikipedia.org/wiki/Neighborhoods_in_Columbus,_Ohio"
Reeb-Hosack / Steelton Village,neighborhood,Columbus > South > Near South; Franklin County,,,City of Columbus water (Columbus Water & Power),"Columbus Water & Power (Div. of Water). 3 plants: Dublin Road WP (Scioto R. via Griggs & O'Shaughnessy reservoirs; serves NW & SW), Hap Cremean WP (Hoover Reservoir/Big Walnut Creek; serves OSU & north), Parsons Ave WP (wells; serves SE). Utility softens to ~120 ppm (~7 gpg).",5.7-7.3 gpg (98-125 mg/L) 2025 annual avg by plant; system avg 115 mg/L,https://www.columbus.gov/files/sharedassets/city/v/8/services/public-utilities/water-reports/consumer-confidence-water-quality-report/consumer-confidence-report.pdf,https://www.columbus.gov/files/sharedassets/city/v/8/services/public-utilities/water-reports/consumer-confidence-water-quality-report/consumer-confidence-report.pdf,,,reeb-hosack-steelton-village,,,,"https://en.wikipedia.org/wiki/Neighborhoods_in_Columbus,_Ohio"
Riverbend,neighborhood,Columbus > West > Near West (city planning area: Greater Hilltop); Franklin County,,,City of Columbus water (Columbus Water & Power),"Columbus Water & Power (Div. of Water). 3 plants: Dublin Road WP (Scioto R. via Griggs & O'Shaughnessy reservoirs; serves NW & SW), Hap Cremean WP (Hoover Reservoir/Big Walnut Creek; serves OSU & north), Parsons Ave WP (wells; serves SE). Utility softens to ~120 ppm (~7 gpg).",5.7-7.3 gpg (98-125 mg/L) 2025 annual avg by plant; system avg 115 mg/L,https://www.columbus.gov/files/sharedassets/city/v/8/services/public-utilities/water-reports/consumer-confidence-water-quality-report/consumer-confidence-report.pdf,https://www.columbus.gov/files/sharedassets/city/v/8/services/public-utilities/water-reports/consumer-confidence-water-quality-report/consumer-confidence-report.pdf,43223,Wikipedia infobox,riverbend,39.923871,-83.105991,6.2,https://en.wikipedia.org/wiki/Riverbend_%28Columbus%2C_Ohio%29
Riverfront,neighborhood,Columbus > Downtown; Franklin County,,,City of Columbus water (Columbus Water & Power),"Columbus Water & Power (Div. of Water). 3 plants: Dublin Road WP (Scioto R. via Griggs & O'Shaughnessy reservoirs; serves NW & SW), Hap Cremean WP (Hoover Reservoir/Big Walnut Creek; serves OSU & north), Parsons Ave WP (wells; serves SE). Utility softens to ~120 ppm (~7 gpg).",5.7-7.3 gpg (98-125 mg/L) 2025 annual avg by plant; system avg 115 mg/L,https://www.columbus.gov/files/sharedassets/city/v/8/services/public-utilities/water-reports/consumer-confidence-water-quality-report/consumer-confidence-report.pdf,https://www.columbus.gov/files/sharedassets/city/v/8/services/public-utilities/water-reports/consumer-confidence-water-quality-report/consumer-confidence-report.pdf,,,riverfront,,,,"https://en.wikipedia.org/wiki/Neighborhoods_in_Columbus,_Ohio"
Schumacher Place,neighborhood,Columbus > South > Near South; Franklin County,,,City of Columbus water (Columbus Water & Power),"Columbus Water & Power (Div. of Water). 3 plants: Dublin Road WP (Scioto R. via Griggs & O'Shaughnessy reservoirs; serves NW & SW), Hap Cremean WP (Hoover Reservoir/Big Walnut Creek; serves OSU & north), Parsons Ave WP (wells; serves SE). Utility softens to ~120 ppm (~7 gpg).",5.7-7.3 gpg (98-125 mg/L) 2025 annual avg by plant; system avg 115 mg/L,https://www.columbus.gov/files/sharedassets/city/v/8/services/public-utilities/water-reports/consumer-confidence-water-quality-report/consumer-confidence-report.pdf,https://www.columbus.gov/files/sharedassets/city/v/8/services/public-utilities/water-reports/consumer-confidence-water-quality-report/consumer-confidence-report.pdf,,,schumacher-place,,,,"https://en.wikipedia.org/wiki/Neighborhoods_in_Columbus,_Ohio"
Short North,neighborhood,Columbus > North > Near North (city planning area: Victorian Village); Franklin County,,,City of Columbus water (Columbus Water & Power),"Columbus Water & Power (Div. of Water). 3 plants: Dublin Road WP (Scioto R. via Griggs & O'Shaughnessy reservoirs; serves NW & SW), Hap Cremean WP (Hoover Reservoir/Big Walnut Creek; serves OSU & north), Parsons Ave WP (wells; serves SE). Utility softens to ~120 ppm (~7 gpg).",5.7-7.3 gpg (98-125 mg/L) 2025 annual avg by plant; system avg 115 mg/L,https://www.columbus.gov/files/sharedassets/city/v/8/services/public-utilities/water-reports/consumer-confidence-water-quality-report/consumer-confidence-report.pdf,https://www.columbus.gov/files/sharedassets/city/v/8/services/public-utilities/water-reports/consumer-confidence-water-quality-report/consumer-confidence-report.pdf,43201 43215,Wikipedia infobox,short-north,39.97972,-83.00471,1.3,https://en.wikipedia.org/wiki/The_Short_North
South of Main,neighborhood,Columbus > East > Near East; Franklin County,,,City of Columbus water (Columbus Water & Power),"Columbus Water & Power (Div. of Water). 3 plants: Dublin Road WP (Scioto R. via Griggs & O'Shaughnessy reservoirs; serves NW & SW), Hap Cremean WP (Hoover Reservoir/Big Walnut Creek; serves OSU & north), Parsons Ave WP (wells; serves SE). Utility softens to ~120 ppm (~7 gpg).",5.7-7.3 gpg (98-125 mg/L) 2025 annual avg by plant; system avg 115 mg/L,https://www.columbus.gov/files/sharedassets/city/v/8/services/public-utilities/water-reports/consumer-confidence-water-quality-report/consumer-confidence-report.pdf,https://www.columbus.gov/files/sharedassets/city/v/8/services/public-utilities/water-reports/consumer-confidence-water-quality-report/consumer-confidence-report.pdf,,,south-of-main,,,,"https://en.wikipedia.org/wiki/Neighborhoods_in_Columbus,_Ohio"
Southern Orchards,neighborhood,Columbus > South > Near South (city planning area: South Side); Franklin County,,,City of Columbus water (Columbus Water & Power),"Columbus Water & Power (Div. of Water). 3 plants: Dublin Road WP (Scioto R. via Griggs & O'Shaughnessy reservoirs; serves NW & SW), Hap Cremean WP (Hoover Reservoir/Big Walnut Creek; serves OSU & north), Parsons Ave WP (wells; serves SE). Utility softens to ~120 ppm (~7 gpg).",5.7-7.3 gpg (98-125 mg/L) 2025 annual avg by plant; system avg 115 mg/L,https://www.columbus.gov/files/sharedassets/city/v/8/services/public-utilities/water-reports/consumer-confidence-water-quality-report/consumer-confidence-report.pdf,https://www.columbus.gov/files/sharedassets/city/v/8/services/public-utilities/water-reports/consumer-confidence-water-quality-report/consumer-confidence-report.pdf,43206,Wikipedia infobox,southern-orchards,39.9463889,-82.9736111,1.7,https://en.wikipedia.org/wiki/Southern_Orchards
The Hilltop,neighborhood,Columbus > West > Near West (city planning area: Greater Hilltop); Franklin County,,,City of Columbus water (Columbus Water & Power),"Columbus Water & Power (Div. of Water). 3 plants: Dublin Road WP (Scioto R. via Griggs & O'Shaughnessy reservoirs; serves NW & SW), Hap Cremean WP (Hoover Reservoir/Big Walnut Creek; serves OSU & north), Parsons Ave WP (wells; serves SE). Utility softens to ~120 ppm (~7 gpg).",5.7-7.3 gpg (98-125 mg/L) 2025 annual avg by plant; system avg 115 mg/L,https://www.columbus.gov/files/sharedassets/city/v/8/services/public-utilities/water-reports/consumer-confidence-water-quality-report/consumer-confidence-report.pdf,https://www.columbus.gov/files/sharedassets/city/v/8/services/public-utilities/water-reports/consumer-confidence-water-quality-report/consumer-confidence-report.pdf,43204 43222 43223 43228,Wikipedia infobox,the-hilltop,39.95,-83.08333333,4.5,https://en.wikipedia.org/wiki/The_Hilltop_%28Columbus%2C_Ohio%29
University District,neighborhood,Columbus > North > Near North (city planning area: University District); Franklin County,,,City of Columbus water (Columbus Water & Power),"Columbus Water & Power (Div. of Water). 3 plants: Dublin Road WP (Scioto R. via Griggs & O'Shaughnessy reservoirs; serves NW & SW), Hap Cremean WP (Hoover Reservoir/Big Walnut Creek; serves OSU & north), Parsons Ave WP (wells; serves SE). Utility softens to ~120 ppm (~7 gpg).",5.7-7.3 gpg (98-125 mg/L) 2025 annual avg by plant; system avg 115 mg/L,https://www.columbus.gov/files/sharedassets/city/v/8/services/public-utilities/water-reports/consumer-confidence-water-quality-report/consumer-confidence-report.pdf,https://www.columbus.gov/files/sharedassets/city/v/8/services/public-utilities/water-reports/consumer-confidence-water-quality-report/consumer-confidence-report.pdf,43202,approx: nearest GeoNames ZIP centroid,university-district,40.011389,-83.009444,3.5,https://en.wikipedia.org/wiki/University_District_%28Columbus%2C_Ohio%29
Uptown District,neighborhood,Columbus > Downtown; Franklin County,,,City of Columbus water (Columbus Water & Power),"Columbus Water & Power (Div. of Water). 3 plants: Dublin Road WP (Scioto R. via Griggs & O'Shaughnessy reservoirs; serves NW & SW), Hap Cremean WP (Hoover Reservoir/Big Walnut Creek; serves OSU & north), Parsons Ave WP (wells; serves SE). Utility softens to ~120 ppm (~7 gpg).",5.7-7.3 gpg (98-125 mg/L) 2025 annual avg by plant; system avg 115 mg/L,https://www.columbus.gov/files/sharedassets/city/v/8/services/public-utilities/water-reports/consumer-confidence-water-quality-report/consumer-confidence-report.pdf,https://www.columbus.gov/files/sharedassets/city/v/8/services/public-utilities/water-reports/consumer-confidence-water-quality-report/consumer-confidence-report.pdf,,,uptown-district,,,,"https://en.wikipedia.org/wiki/Neighborhoods_in_Columbus,_Ohio"
Victorian Village,neighborhood,Columbus > North > Northwest (city planning area: Victorian Village); Franklin County,,,City of Columbus water (Columbus Water & Power),"Columbus Water & Power (Div. of Water). 3 plants: Dublin Road WP (Scioto R. via Griggs & O'Shaughnessy reservoirs; serves NW & SW), Hap Cremean WP (Hoover Reservoir/Big Walnut Creek; serves OSU & north), Parsons Ave WP (wells; serves SE). Utility softens to ~120 ppm (~7 gpg).",5.7-7.3 gpg (98-125 mg/L) 2025 annual avg by plant; system avg 115 mg/L,https://www.columbus.gov/files/sharedassets/city/v/8/services/public-utilities/water-reports/consumer-confidence-water-quality-report/consumer-confidence-report.pdf,https://www.columbus.gov/files/sharedassets/city/v/8/services/public-utilities/water-reports/consumer-confidence-water-quality-report/consumer-confidence-report.pdf,43201 43215,Wikipedia infobox,victorian-village,39.98,-83.01,1.4,https://en.wikipedia.org/wiki/Victorian_Village
Weinland Park,neighborhood,Columbus > North > Near North (city planning area: University District); Franklin County,,,City of Columbus water (Columbus Water & Power),"Columbus Water & Power (Div. of Water). 3 plants: Dublin Road WP (Scioto R. via Griggs & O'Shaughnessy reservoirs; serves NW & SW), Hap Cremean WP (Hoover Reservoir/Big Walnut Creek; serves OSU & north), Parsons Ave WP (wells; serves SE). Utility softens to ~120 ppm (~7 gpg).",5.7-7.3 gpg (98-125 mg/L) 2025 annual avg by plant; system avg 115 mg/L,https://www.columbus.gov/files/sharedassets/city/v/8/services/public-utilities/water-reports/consumer-confidence-water-quality-report/consumer-confidence-report.pdf,https://www.columbus.gov/files/sharedassets/city/v/8/services/public-utilities/water-reports/consumer-confidence-water-quality-report/consumer-confidence-report.pdf,43201,Wikipedia infobox,weinland-park,39.99165167,-82.9998775,2.1,https://en.wikipedia.org/wiki/Weinland_Park
West Olentangy,neighborhood,Columbus > North > Northwest; Franklin County,,,City of Columbus water (Columbus Water & Power),"Columbus Water & Power (Div. of Water). 3 plants: Dublin Road WP (Scioto R. via Griggs & O'Shaughnessy reservoirs; serves NW & SW), Hap Cremean WP (Hoover Reservoir/Big Walnut Creek; serves OSU & north), Parsons Ave WP (wells; serves SE). Utility softens to ~120 ppm (~7 gpg).",5.7-7.3 gpg (98-125 mg/L) 2025 annual avg by plant; system avg 115 mg/L,https://www.columbus.gov/files/sharedassets/city/v/8/services/public-utilities/water-reports/consumer-confidence-water-quality-report/consumer-confidence-report.pdf,https://www.columbus.gov/files/sharedassets/city/v/8/services/public-utilities/water-reports/consumer-confidence-water-quality-report/consumer-confidence-report.pdf,,,west-olentangy,,,,"https://en.wikipedia.org/wiki/Neighborhoods_in_Columbus,_Ohio"
Westgate,neighborhood,Columbus > West > Near West > The Hilltop; Franklin County,,,City of Columbus water (Columbus Water & Power),"Columbus Water & Power (Div. of Water). 3 plants: Dublin Road WP (Scioto R. via Griggs & O'Shaughnessy reservoirs; serves NW & SW), Hap Cremean WP (Hoover Reservoir/Big Walnut Creek; serves OSU & north), Parsons Ave WP (wells; serves SE). Utility softens to ~120 ppm (~7 gpg).",5.7-7.3 gpg (98-125 mg/L) 2025 annual avg by plant; system avg 115 mg/L,https://www.columbus.gov/files/sharedassets/city/v/8/services/public-utilities/water-reports/consumer-confidence-water-quality-report/consumer-confidence-report.pdf,https://www.columbus.gov/files/sharedassets/city/v/8/services/public-utilities/water-reports/consumer-confidence-water-quality-report/consumer-confidence-report.pdf,43204,Wikipedia infobox,westgate,,,,https://en.wikipedia.org/wiki/Westgate_%28Columbus%2C_Ohio%29
Wiltshire Heights,neighborhood,Columbus > West > Near West; Franklin County,,,City of Columbus water (Columbus Water & Power),"Columbus Water & Power (Div. of Water). 3 plants: Dublin Road WP (Scioto R. via Griggs & O'Shaughnessy reservoirs; serves NW & SW), Hap Cremean WP (Hoover Reservoir/Big Walnut Creek; serves OSU & north), Parsons Ave WP (wells; serves SE). Utility softens to ~120 ppm (~7 gpg).",5.7-7.3 gpg (98-125 mg/L) 2025 annual avg by plant; system avg 115 mg/L,https://www.columbus.gov/files/sharedassets/city/v/8/services/public-utilities/water-reports/consumer-confidence-water-quality-report/consumer-confidence-report.pdf,https://www.columbus.gov/files/sharedassets/city/v/8/services/public-utilities/water-reports/consumer-confidence-water-quality-report/consumer-confidence-report.pdf,,,wiltshire-heights,,,,"https://en.wikipedia.org/wiki/Neighborhoods_in_Columbus,_Ohio"
Wolfe Park,neighborhood,Columbus > East > Near East; Franklin County,,,City of Columbus water (Columbus Water & Power),"Columbus Water & Power (Div. of Water). 3 plants: Dublin Road WP (Scioto R. via Griggs & O'Shaughnessy reservoirs; serves NW & SW), Hap Cremean WP (Hoover Reservoir/Big Walnut Creek; serves OSU & north), Parsons Ave WP (wells; serves SE). Utility softens to ~120 ppm (~7 gpg).",5.7-7.3 gpg (98-125 mg/L) 2025 annual avg by plant; system avg 115 mg/L,https://www.columbus.gov/files/sharedassets/city/v/8/services/public-utilities/water-reports/consumer-confidence-water-quality-report/consumer-confidence-report.pdf,https://www.columbus.gov/files/sharedassets/city/v/8/services/public-utilities/water-reports/consumer-confidence-water-quality-report/consumer-confidence-report.pdf,,,wolfe-park,,,,"https://en.wikipedia.org/wiki/Neighborhoods_in_Columbus,_Ohio"
Woodland Park,neighborhood,Columbus > East > Near East; Franklin County,,,City of Columbus water (Columbus Water & Power),"Columbus Water & Power (Div. of Water). 3 plants: Dublin Road WP (Scioto R. via Griggs & O'Shaughnessy reservoirs; serves NW & SW), Hap Cremean WP (Hoover Reservoir/Big Walnut Creek; serves OSU & north), Parsons Ave WP (wells; serves SE). Utility softens to ~120 ppm (~7 gpg).",5.7-7.3 gpg (98-125 mg/L) 2025 annual avg by plant; system avg 115 mg/L,https://www.columbus.gov/files/sharedassets/city/v/8/services/public-utilities/water-reports/consumer-confidence-water-quality-report/consumer-confidence-report.pdf,https://www.columbus.gov/files/sharedassets/city/v/8/services/public-utilities/water-reports/consumer-confidence-water-quality-report/consumer-confidence-report.pdf,43203 43219,Wikipedia infobox,woodland-park,,,,https://en.wikipedia.org/wiki/Woodland_Park_%28Columbus%2C_Ohio%29
Downtown,neighborhood (city planning area),Columbus (City of Columbus 'Columbus Communities' planning area); Franklin County,,,City of Columbus water (Columbus Water & Power),"Columbus Water & Power (Div. of Water). 3 plants: Dublin Road WP (Scioto R. via Griggs & O'Shaughnessy reservoirs; serves NW & SW), Hap Cremean WP (Hoover Reservoir/Big Walnut Creek; serves OSU & north), Parsons Ave WP (wells; serves SE). Utility softens to ~120 ppm (~7 gpg).",5.7-7.3 gpg (98-125 mg/L) 2025 annual avg by plant; system avg 115 mg/L,https://www.columbus.gov/files/sharedassets/city/v/8/services/public-utilities/water-reports/consumer-confidence-water-quality-report/consumer-confidence-report.pdf,https://www.columbus.gov/files/sharedassets/city/v/8/services/public-utilities/water-reports/consumer-confidence-water-quality-report/consumer-confidence-report.pdf,43215 43216 43218 43226 43234 43251 43260 43266 43268 43270 43271 43272 43279 43287 43291,GeoNames Columbus ZIP centroids falling inside planning-area polygon,downtown,39.96247,-83.00284,0.2,https://gis.columbus.gov/arcgis/rest/services/Applications/Neighborhood/MapServer/12
East Columbus,neighborhood (city planning area),Columbus (City of Columbus 'Columbus Communities' planning area); Franklin County,,,City of Columbus water (Columbus Water & Power),"Columbus Water & Power (Div. of Water). 3 plants: Dublin Road WP (Scioto R. via Griggs & O'Shaughnessy reservoirs; serves NW & SW), Hap Cremean WP (Hoover Reservoir/Big Walnut Creek; serves OSU & north), Parsons Ave WP (wells; serves SE). Utility softens to ~120 ppm (~7 gpg).",5.7-7.3 gpg (98-125 mg/L) 2025 annual avg by plant; system avg 115 mg/L,https://www.columbus.gov/files/sharedassets/city/v/8/services/public-utilities/water-reports/consumer-confidence-water-quality-report/consumer-confidence-report.pdf,https://www.columbus.gov/files/sharedassets/city/v/8/services/public-utilities/water-reports/consumer-confidence-water-quality-report/consumer-confidence-report.pdf,43219,approx: nearest GeoNames ZIP centroid,east-columbus,39.99636,-82.92378,4.7,https://gis.columbus.gov/arcgis/rest/services/Applications/Neighborhood/MapServer/12
Far East,neighborhood (city planning area),Columbus (City of Columbus 'Columbus Communities' planning area); Franklin County,,,City of Columbus water (Columbus Water & Power),"Columbus Water & Power (Div. of Water). 3 plants: Dublin Road WP (Scioto R. via Griggs & O'Shaughnessy reservoirs; serves NW & SW), Hap Cremean WP (Hoover Reservoir/Big Walnut Creek; serves OSU & north), Parsons Ave WP (wells; serves SE). Utility softens to ~120 ppm (~7 gpg).",5.7-7.3 gpg (98-125 mg/L) 2025 annual avg by plant; system avg 115 mg/L,https://www.columbus.gov/files/sharedassets/city/v/8/services/public-utilities/water-reports/consumer-confidence-water-quality-report/consumer-confidence-report.pdf,https://www.columbus.gov/files/sharedassets/city/v/8/services/public-utilities/water-reports/consumer-confidence-water-quality-report/consumer-confidence-report.pdf,43213,GeoNames Columbus ZIP centroids falling inside planning-area polygon,far-east,39.95409,-82.82616,9.2,https://gis.columbus.gov/arcgis/rest/services/Applications/Neighborhood/MapServer/12
Far North,neighborhood (city planning area),Columbus (City of Columbus 'Columbus Communities' planning area); Franklin County,,,City of Columbus water (Columbus Water & Power),"Columbus Water & Power (Div. of Water). 3 plants: Dublin Road WP (Scioto R. via Griggs & O'Shaughnessy reservoirs; serves NW & SW), Hap Cremean WP (Hoover Reservoir/Big Walnut Creek; serves OSU & north), Parsons Ave WP (wells; serves SE). Utility softens to ~120 ppm (~7 gpg).",5.7-7.3 gpg (98-125 mg/L) 2025 annual avg by plant; system avg 115 mg/L,https://www.columbus.gov/files/sharedassets/city/v/8/services/public-utilities/water-reports/consumer-confidence-water-quality-report/consumer-confidence-report.pdf,https://www.columbus.gov/files/sharedassets/city/v/8/services/public-utilities/water-reports/consumer-confidence-water-quality-report/consumer-confidence-report.pdf,43236 43240,GeoNames Columbus ZIP centroids falling inside planning-area polygon,far-north,40.13321,-83.00112,11.9,https://gis.columbus.gov/arcgis/rest/services/Applications/Neighborhood/MapServer/12
Far Northwest,neighborhood (city planning area),Columbus (City of Columbus 'Columbus Communities' planning area); Franklin County,,,City of Columbus water (Columbus Water & Power),"Columbus Water & Power (Div. of Water). 3 plants: Dublin Road WP (Scioto R. via Griggs & O'Shaughnessy reservoirs; serves NW & SW), Hap Cremean WP (Hoover Reservoir/Big Walnut Creek; serves OSU & north), Parsons Ave WP (wells; serves SE). Utility softens to ~120 ppm (~7 gpg).",5.7-7.3 gpg (98-125 mg/L) 2025 annual avg by plant; system avg 115 mg/L,https://www.columbus.gov/files/sharedassets/city/v/8/services/public-utilities/water-reports/consumer-confidence-water-quality-report/consumer-confidence-report.pdf,https://www.columbus.gov/files/sharedassets/city/v/8/services/public-utilities/water-reports/consumer-confidence-water-quality-report/consumer-confidence-report.pdf,43085,approx: nearest GeoNames ZIP centroid,far-northwest,40.11093,-83.04938,10.7,https://gis.columbus.gov/arcgis/rest/services/Applications/Neighborhood/MapServer/12
Far South,neighborhood (city planning area),Columbus (City of Columbus 'Columbus Communities' planning area); Franklin County,,,City of Columbus water (Columbus Water & Power),"Columbus Water & Power (Div. of Water). 3 plants: Dublin Road WP (Scioto R. via Griggs & O'Shaughnessy reservoirs; serves NW & SW), Hap Cremean WP (Hoover Reservoir/Big Walnut Creek; serves OSU & north), Parsons Ave WP (wells; serves SE). Utility softens to ~120 ppm (~7 gpg).",5.7-7.3 gpg (98-125 mg/L) 2025 annual avg by plant; system avg 115 mg/L,https://www.columbus.gov/files/sharedassets/city/v/8/services/public-utilities/water-reports/consumer-confidence-water-quality-report/consumer-confidence-report.pdf,https://www.columbus.gov/files/sharedassets/city/v/8/services/public-utilities/water-reports/consumer-confidence-water-quality-report/consumer-confidence-report.pdf,43207,GeoNames Columbus ZIP centroids falling inside planning-area polygon,far-south,39.85228,-82.96716,7.7,https://gis.columbus.gov/arcgis/rest/services/Applications/Neighborhood/MapServer/12
Far West,neighborhood (city planning area),Columbus (City of Columbus 'Columbus Communities' planning area); Franklin County,,,City of Columbus water (Columbus Water & Power),"Columbus Water & Power (Div. of Water). 3 plants: Dublin Road WP (Scioto R. via Griggs & O'Shaughnessy reservoirs; serves NW & SW), Hap Cremean WP (Hoover Reservoir/Big Walnut Creek; serves OSU & north), Parsons Ave WP (wells; serves SE). Utility softens to ~120 ppm (~7 gpg).",5.7-7.3 gpg (98-125 mg/L) 2025 annual avg by plant; system avg 115 mg/L,https://www.columbus.gov/files/sharedassets/city/v/8/services/public-utilities/water-reports/consumer-confidence-water-quality-report/consumer-confidence-report.pdf,https://www.columbus.gov/files/sharedassets/city/v/8/services/public-utilities/water-reports/consumer-confidence-water-quality-report/consumer-confidence-report.pdf,43228,GeoNames Columbus ZIP centroids falling inside planning-area polygon,far-west,39.99276,-83.15897,8.8,https://gis.columbus.gov/arcgis/rest/services/Applications/Neighborhood/MapServer/12
Hayden Run,neighborhood (city planning area),Columbus (City of Columbus 'Columbus Communities' planning area); Franklin County,,,City of Columbus water (Columbus Water & Power),"Columbus Water & Power (Div. of Water). 3 plants: Dublin Road WP (Scioto R. via Griggs & O'Shaughnessy reservoirs; serves NW & SW), Hap Cremean WP (Hoover Reservoir/Big Walnut Creek; serves OSU & north), Parsons Ave WP (wells; serves SE). Utility softens to ~120 ppm (~7 gpg).",5.7-7.3 gpg (98-125 mg/L) 2025 annual avg by plant; system avg 115 mg/L,https://www.columbus.gov/files/sharedassets/city/v/8/services/public-utilities/water-reports/consumer-confidence-water-quality-report/consumer-confidence-report.pdf,https://www.columbus.gov/files/sharedassets/city/v/8/services/public-utilities/water-reports/consumer-confidence-water-quality-report/consumer-confidence-report.pdf,43220,approx: nearest GeoNames ZIP centroid,hayden-run,40.06578,-83.14743,10.7,https://gis.columbus.gov/arcgis/rest/services/Applications/Neighborhood/MapServer/12
Livingston Avenue Area,neighborhood (city planning area),Columbus (City of Columbus 'Columbus Communities' planning area); Franklin County,,,City of Columbus water (Columbus Water & Power),"Columbus Water & Power (Div. of Water). 3 plants: Dublin Road WP (Scioto R. via Griggs & O'Shaughnessy reservoirs; serves NW & SW), Hap Cremean WP (Hoover Reservoir/Big Walnut Creek; serves OSU & north), Parsons Ave WP (wells; serves SE). Utility softens to ~120 ppm (~7 gpg).",5.7-7.3 gpg (98-125 mg/L) 2025 annual avg by plant; system avg 115 mg/L,https://www.columbus.gov/files/sharedassets/city/v/8/services/public-utilities/water-reports/consumer-confidence-water-quality-report/consumer-confidence-report.pdf,https://www.columbus.gov/files/sharedassets/city/v/8/services/public-utilities/water-reports/consumer-confidence-water-quality-report/consumer-confidence-report.pdf,43205,approx: nearest GeoNames ZIP centroid,livingston-avenue-area,39.94961,-82.96646,1.9,https://gis.columbus.gov/arcgis/rest/services/Applications/Neighborhood/MapServer/12
Mid East,neighborhood (city planning area),Columbus (City of Columbus 'Columbus Communities' planning area); Franklin County,,,City of Columbus water (Columbus Water & Power),"Columbus Water & Power (Div. of Water). 3 plants: Dublin Road WP (Scioto R. via Griggs & O'Shaughnessy reservoirs; serves NW & SW), Hap Cremean WP (Hoover Reservoir/Big Walnut Creek; serves OSU & north), Parsons Ave WP (wells; serves SE). Utility softens to ~120 ppm (~7 gpg).",5.7-7.3 gpg (98-125 mg/L) 2025 annual avg by plant; system avg 115 mg/L,https://www.columbus.gov/files/sharedassets/city/v/8/services/public-utilities/water-reports/consumer-confidence-water-quality-report/consumer-confidence-report.pdf,https://www.columbus.gov/files/sharedassets/city/v/8/services/public-utilities/water-reports/consumer-confidence-water-quality-report/consumer-confidence-report.pdf,43227,GeoNames Columbus ZIP centroids falling inside planning-area polygon,mid-east,39.93129,-82.90054,5.6,https://gis.columbus.gov/arcgis/rest/services/Applications/Neighborhood/MapServer/12
North Central,neighborhood (city planning area),Columbus (City of Columbus 'Columbus Communities' planning area); Franklin County,,,City of Columbus water (Columbus Water & Power),"Columbus Water & Power (Div. of Water). 3 plants: Dublin Road WP (Scioto R. via Griggs & O'Shaughnessy reservoirs; serves NW & SW), Hap Cremean WP (Hoover Reservoir/Big Walnut Creek; serves OSU & north), Parsons Ave WP (wells; serves SE). Utility softens to ~120 ppm (~7 gpg).",5.7-7.3 gpg (98-125 mg/L) 2025 annual avg by plant; system avg 115 mg/L,https://www.columbus.gov/files/sharedassets/city/v/8/services/public-utilities/water-reports/consumer-confidence-water-quality-report/consumer-confidence-report.pdf,https://www.columbus.gov/files/sharedassets/city/v/8/services/public-utilities/water-reports/consumer-confidence-water-quality-report/consumer-confidence-report.pdf,43211,approx: nearest GeoNames ZIP centroid,north-central,39.99619,-82.95233,3.4,https://gis.columbus.gov/arcgis/rest/services/Applications/Neighborhood/MapServer/12
North Linden,neighborhood (city planning area),Columbus (City of Columbus 'Columbus Communities' planning area); Franklin County,,,City of Columbus water (Columbus Water & Power),"Columbus Water & Power (Div. of Water). 3 plants: Dublin Road WP (Scioto R. via Griggs & O'Shaughnessy reservoirs; serves NW & SW), Hap Cremean WP (Hoover Reservoir/Big Walnut Creek; serves OSU & north), Parsons Ave WP (wells; serves SE). Utility softens to ~120 ppm (~7 gpg).",5.7-7.3 gpg (98-125 mg/L) 2025 annual avg by plant; system avg 115 mg/L,https://www.columbus.gov/files/sharedassets/city/v/8/services/public-utilities/water-reports/consumer-confidence-water-quality-report/consumer-confidence-report.pdf,https://www.columbus.gov/files/sharedassets/city/v/8/services/public-utilities/water-reports/consumer-confidence-water-quality-report/consumer-confidence-report.pdf,43224,GeoNames Columbus ZIP centroids falling inside planning-area polygon,north-linden,40.03994,-82.97175,5.6,https://gis.columbus.gov/arcgis/rest/services/Applications/Neighborhood/MapServer/12
Northeast,neighborhood (city planning area),Columbus (City of Columbus 'Columbus Communities' planning area); Franklin County,,,City of Columbus water (Columbus Water & Power),"Columbus Water & Power (Div. of Water). 3 plants: Dublin Road WP (Scioto R. via Griggs & O'Shaughnessy reservoirs; serves NW & SW), Hap Cremean WP (Hoover Reservoir/Big Walnut Creek; serves OSU & north), Parsons Ave WP (wells; serves SE). Utility softens to ~120 ppm (~7 gpg).",5.7-7.3 gpg (98-125 mg/L) 2025 annual avg by plant; system avg 115 mg/L,https://www.columbus.gov/files/sharedassets/city/v/8/services/public-utilities/water-reports/consumer-confidence-water-quality-report/consumer-confidence-report.pdf,https://www.columbus.gov/files/sharedassets/city/v/8/services/public-utilities/water-reports/consumer-confidence-water-quality-report/consumer-confidence-report.pdf,43219,GeoNames Columbus ZIP centroids falling inside planning-area polygon,northeast,40.01571,-82.931,5.2,https://gis.columbus.gov/arcgis/rest/services/Applications/Neighborhood/MapServer/12
Northwest,neighborhood (city planning area),Columbus (City of Columbus 'Columbus Communities' planning area); Franklin County,,,City of Columbus water (Columbus Water & Power),"Columbus Water & Power (Div. of Water). 3 plants: Dublin Road WP (Scioto R. via Griggs & O'Shaughnessy reservoirs; serves NW & SW), Hap Cremean WP (Hoover Reservoir/Big Walnut Creek; serves OSU & north), Parsons Ave WP (wells; serves SE). Utility softens to ~120 ppm (~7 gpg).",5.7-7.3 gpg (98-125 mg/L) 2025 annual avg by plant; system avg 115 mg/L,https://www.columbus.gov/files/sharedassets/city/v/8/services/public-utilities/water-reports/consumer-confidence-water-quality-report/consumer-confidence-report.pdf,https://www.columbus.gov/files/sharedassets/city/v/8/services/public-utilities/water-reports/consumer-confidence-water-quality-report/consumer-confidence-report.pdf,43220,approx: nearest GeoNames ZIP centroid,northwest,40.07333,-83.06011,8.4,https://gis.columbus.gov/arcgis/rest/services/Applications/Neighborhood/MapServer/12
Rocky Fork-Blacklick,neighborhood (city planning area),Columbus (City of Columbus 'Columbus Communities' planning area); Franklin County,,,City of Columbus water (Columbus Water & Power),"Columbus Water & Power (Div. of Water). 3 plants: Dublin Road WP (Scioto R. via Griggs & O'Shaughnessy reservoirs; serves NW & SW), Hap Cremean WP (Hoover Reservoir/Big Walnut Creek; serves OSU & north), Parsons Ave WP (wells; serves SE). Utility softens to ~120 ppm (~7 gpg).",5.7-7.3 gpg (98-125 mg/L) 2025 annual avg by plant; system avg 115 mg/L,https://www.columbus.gov/files/sharedassets/city/v/8/services/public-utilities/water-reports/consumer-confidence-water-quality-report/consumer-confidence-report.pdf,https://www.columbus.gov/files/sharedassets/city/v/8/services/public-utilities/water-reports/consumer-confidence-water-quality-report/consumer-confidence-report.pdf,43231,approx: nearest GeoNames ZIP centroid,rocky-fork-blacklick,40.10044,-82.85946,12.1,https://gis.columbus.gov/arcgis/rest/services/Applications/Neighborhood/MapServer/12
South East,neighborhood (city planning area),Columbus (City of Columbus 'Columbus Communities' planning area); Franklin County,,,City of Columbus water (Columbus Water & Power),"Columbus Water & Power (Div. of Water). 3 plants: Dublin Road WP (Scioto R. via Griggs & O'Shaughnessy reservoirs; serves NW & SW), Hap Cremean WP (Hoover Reservoir/Big Walnut Creek; serves OSU & north), Parsons Ave WP (wells; serves SE). Utility softens to ~120 ppm (~7 gpg).",5.7-7.3 gpg (98-125 mg/L) 2025 annual avg by plant; system avg 115 mg/L,https://www.columbus.gov/files/sharedassets/city/v/8/services/public-utilities/water-reports/consumer-confidence-water-quality-report/consumer-confidence-report.pdf,https://www.columbus.gov/files/sharedassets/city/v/8/services/public-utilities/water-reports/consumer-confidence-water-quality-report/consumer-confidence-report.pdf,43232,GeoNames Columbus ZIP centroids falling inside planning-area polygon,south-east,39.90078,-82.83688,9.5,https://gis.columbus.gov/arcgis/rest/services/Applications/Neighborhood/MapServer/12
South Linden,neighborhood (city planning area),Columbus (City of Columbus 'Columbus Communities' planning area); Franklin County,,,City of Columbus water (Columbus Water & Power),"Columbus Water & Power (Div. of Water). 3 plants: Dublin Road WP (Scioto R. via Griggs & O'Shaughnessy reservoirs; serves NW & SW), Hap Cremean WP (Hoover Reservoir/Big Walnut Creek; serves OSU & north), Parsons Ave WP (wells; serves SE). Utility softens to ~120 ppm (~7 gpg).",5.7-7.3 gpg (98-125 mg/L) 2025 annual avg by plant; system avg 115 mg/L,https://www.columbus.gov/files/sharedassets/city/v/8/services/public-utilities/water-reports/consumer-confidence-water-quality-report/consumer-confidence-report.pdf,https://www.columbus.gov/files/sharedassets/city/v/8/services/public-utilities/water-reports/consumer-confidence-water-quality-report/consumer-confidence-report.pdf,43211,GeoNames Columbus ZIP centroids falling inside planning-area polygon,south-linden,40.00544,-82.9759,3.3,https://gis.columbus.gov/arcgis/rest/services/Applications/Neighborhood/MapServer/12
South Side,neighborhood (city planning area),Columbus (City of Columbus 'Columbus Communities' planning area); Franklin County,,,City of Columbus water (Columbus Water & Power),"Columbus Water & Power (Div. of Water). 3 plants: Dublin Road WP (Scioto R. via Griggs & O'Shaughnessy reservoirs; serves NW & SW), Hap Cremean WP (Hoover Reservoir/Big Walnut Creek; serves OSU & north), Parsons Ave WP (wells; serves SE). Utility softens to ~120 ppm (~7 gpg).",5.7-7.3 gpg (98-125 mg/L) 2025 annual avg by plant; system avg 115 mg/L,https://www.columbus.gov/files/sharedassets/city/v/8/services/public-utilities/water-reports/consumer-confidence-water-quality-report/consumer-confidence-report.pdf,https://www.columbus.gov/files/sharedassets/city/v/8/services/public-utilities/water-reports/consumer-confidence-water-quality-report/consumer-confidence-report.pdf,43206,GeoNames Columbus ZIP centroids falling inside planning-area polygon,south-side,39.93464,-82.97159,2.3,https://gis.columbus.gov/arcgis/rest/services/Applications/Neighborhood/MapServer/12
Southwest,neighborhood (city planning area),Columbus (City of Columbus 'Columbus Communities' planning area); Franklin County,,,City of Columbus water (Columbus Water & Power),"Columbus Water & Power (Div. of Water). 3 plants: Dublin Road WP (Scioto R. via Griggs & O'Shaughnessy reservoirs; serves NW & SW), Hap Cremean WP (Hoover Reservoir/Big Walnut Creek; serves OSU & north), Parsons Ave WP (wells; serves SE). Utility softens to ~120 ppm (~7 gpg).",5.7-7.3 gpg (98-125 mg/L) 2025 annual avg by plant; system avg 115 mg/L,https://www.columbus.gov/files/sharedassets/city/v/8/services/public-utilities/water-reports/consumer-confidence-water-quality-report/consumer-confidence-report.pdf,https://www.columbus.gov/files/sharedassets/city/v/8/services/public-utilities/water-reports/consumer-confidence-water-quality-report/consumer-confidence-report.pdf,43223,GeoNames Columbus ZIP centroids falling inside planning-area polygon,southwest,39.92072,-83.01853,3.0,https://gis.columbus.gov/arcgis/rest/services/Applications/Neighborhood/MapServer/12
West Scioto,neighborhood (city planning area),Columbus (City of Columbus 'Columbus Communities' planning area); Franklin County,,,City of Columbus water (Columbus Water & Power),"Columbus Water & Power (Div. of Water). 3 plants: Dublin Road WP (Scioto R. via Griggs & O'Shaughnessy reservoirs; serves NW & SW), Hap Cremean WP (Hoover Reservoir/Big Walnut Creek; serves OSU & north), Parsons Ave WP (wells; serves SE). Utility softens to ~120 ppm (~7 gpg).",5.7-7.3 gpg (98-125 mg/L) 2025 annual avg by plant; system avg 115 mg/L,https://www.columbus.gov/files/sharedassets/city/v/8/services/public-utilities/water-reports/consumer-confidence-water-quality-report/consumer-confidence-report.pdf,https://www.columbus.gov/files/sharedassets/city/v/8/services/public-utilities/water-reports/consumer-confidence-water-quality-report/consumer-confidence-report.pdf,43212,approx: nearest GeoNames ZIP centroid,west-scioto,39.99143,-83.07975,4.8,https://gis.columbus.gov/arcgis/rest/services/Applications/Neighborhood/MapServer/12
Westland,neighborhood (city planning area),Columbus (City of Columbus 'Columbus Communities' planning area); Franklin County,,,City of Columbus water (Columbus Water & Power),"Columbus Water & Power (Div. of Water). 3 plants: Dublin Road WP (Scioto R. via Griggs & O'Shaughnessy reservoirs; serves NW & SW), Hap Cremean WP (Hoover Reservoir/Big Walnut Creek; serves OSU & north), Parsons Ave WP (wells; serves SE). Utility softens to ~120 ppm (~7 gpg).",5.7-7.3 gpg (98-125 mg/L) 2025 annual avg by plant; system avg 115 mg/L,https://www.columbus.gov/files/sharedassets/city/v/8/services/public-utilities/water-reports/consumer-confidence-water-quality-report/consumer-confidence-report.pdf,https://www.columbus.gov/files/sharedassets/city/v/8/services/public-utilities/water-reports/consumer-confidence-water-quality-report/consumer-confidence-report.pdf,43228,approx: nearest GeoNames ZIP centroid,westland,39.90917,-83.15118,8.8,https://gis.columbus.gov/arcgis/rest/services/Applications/Neighborhood/MapServer/12
